row_index,txid,ground_truth
0,c7d215f4a1a5c5b549d98b57077ac1b676ca5e5c0798c6d9ac7ae8fd51c4b9fc,0
1,2b5adc5a4b7152df609edef7126981713169155aa1c2f446b7177df753cd24c3,0
2,cc5163d974ede3a863f1d4165c7495a9040b64f3e4dbd3718b9b09edc1ba60a2,0
3,f5d44579df398d2e64e970ecce80039edcb6bc0e24818fcb40bc559e316297e3,0
4,14e0342a6722cb3756e2ea6ad6f59c953aae8f3f09bd7713894c218077ed85e8,0
5,17c4d393cd95d4776ae9efdf71afa201b708ca288560974d768707199749fb87,0
6,1b434a46b5afcf399823b34cbcab9d5c17227059ff16f9280d03597a539f5d3a,0
7,3de54df5a3905af78afae2ea3402146d0975a1b8061e8af16d65acbe8b3947e6,0
8,e0d7698b7eb1506ac149804e6d4c8939e189ea2b7f5c0d04740005f0df48daa6,0
9,30307b7188fdf6f3c9f0f9447b15367156529de7621c00c42b81ad3ac76da3c1,0
10,b1a8e09a968955900facedd1d007e8904cc1a3fba5da735423d5013aba6d905c,0
11,941f447bde42fc2fefdfeb26fe24627e518f718b38aad2e7830fc9173bfaa63a,0
12,8bdc9710b3adebc6bb945e2e4cc4bcb08c0f01298370cd581e300dd183f440fd,0
13,9bb8b350bca509e24f28219bf36b673b6c660699756d569044da9a79653147ee,0
14,877bd46a05223f01014541b74517bc109dc2e3029f58eb33f61cda1cbed15e63,0
15,114403022fe1724428d321f2d2b764bbc44e68ca8f14dc0d33560d560a7c2e8e,0
16,c836af8bc84b4fa62ef20b7e5bdbc76f686921000585024eec0cc4bbff993349,0
17,0f347f0e608582a63d49c0f3207a781ec24e026eaac749e0bf89179fbb127ded,0
18,7317c70993ac601e370da03ac06c9a84648fb5182ff6a0e2790e93c5f85ad2de,0
19,f17d256db02fb98a1736f2ab3ba70299759c12eb272c4891a3fa8bc243c260df,0
20,a54df621f81ed3287d0f7d1af0c470c50e9abe4c5dd88881dc2910d8fe57292e,0
21,70f1f7ba712c1739b87454589e15011d3c4cfaa7db1df884d94eb60a037a9297,0
22,a36e9e1ba801be5a4897156642b65567412d3c5c9bc11ee42279f19155f86017,0
23,64759efc599376074b66b011c894874966cbdfebb1141383dc1af7f2908afeea,0
24,137db2f34919f95959a4490161c959e7ccfda3c5d6788bb5b7304a12123a09f5,0
25,455e115c2ddb6975a1c8c002bb3cd0f5ca717dd92db0fcbcf7beb2e29b559283,0
26,cae9b219f871cb65b4a66bccccca3b6b605f1d48464d470741d60435c1654fca,0
27,2621d028ac907bfcaf7c2303f9a0b189a7f97c36b0560f670d53b37577825298,0
28,f95a514c2c7b676e573efc0f114b56f3f8630cd9a03f8bee11db5266b9cd39d5,0
29,cf8dfe06963d7697bbe90ae9f2fe3aad9c87448cc733ad065c68614d5094803b,0
30,90734d1feb6f0f40ce6d2d3d917a74ec6f1729842617590353c37729660ae01b,0
31,ec3b9170427a4046f1ad93e8b0a6fc7984519ef9916d22ec63d54528d6b18ae0,0
32,71f7c4fa48fd5b78013d78218a92b2bd24da54df1130ed664171fc82bd57ac47,0
33,7d22119391ffc1666fd27df3a07539620ea7afe8ebaa5b56ee43804164d25943,0
34,f5211eceda2a771469ffd4115bbf3ea50a8dc8d17fc32b21ad5ce216ac967526,0
35,efb7252aeb130b5df20e1149cb2d031e86358388bd85cc01c7c78b8369edd2ca,0
36,9c4a57eb97f69bc662c937bb38e6f1dbc53d7eb0ad9ca1930c444a8d80ee86e4,0
37,e9492a07ff55140ae0280b20f6dcbd25be93490a7211fabc1bf1b58ddca53a2c,0
38,7e265d1be5ffd1cf5e680776cbf8473f98befc18d842480238bd9d7d05048512,0
39,e3b71ba9286aeacfa09cac64c7e83b6708472d4963ac40019c31ff1700ecfa33,0
40,c76356a966d1c406fd141f1e7f7cd172ded0e08cd01aa7286882c2b15e4d54aa,0
41,a58e554ef269e4836235af6a7d0c3b8b5130fd3b80ea40ecb4d8872813948b96,0
42,778bbf7ad564ef118a6abf614e745be095814aaa9d7ee1933df2bd9ce7cac098,0
43,ea788ebc3a62f57c28da740756c38182d67016aebfb4ed79de074fcf899fb4f3,0
44,dee629bb503db4c8165e23306c555449828a4cf695d0cc995360e0c76ea0d6b4,0
45,f16fe074f19cc6718bc2e48732bea10903a2439042a2a19ecec621ea33c1d607,0
46,bfab248e8222f6ce06d4bced335b9566001bc714584e7531f625e7db9b450f40,0
47,4a843b1f83ff117b75b4f9084d2c776dcdbbc33befc5ab77df0535dafadebbf0,0
48,36d86c4dd2d6cef2eea5d95c3b8e28348a5ef1b1faa1ad5892ceb03736e1e829,0
49,00428df5d0d12c0f456e1a41339112e2135dec235620636207af93562afe0f77,0
50,972076ab32d5b94e2767133a21cd17aa4a2984898b379c52f501ee9dd39cfc1e,0
51,fecbfdcc8fc1b40a4d9aa52fb19f4f4eb98450d2b1d5e7d811cf49dd61752871,0
52,d9bbc4b845cb0d71982ce599a6b4ad317c3c4eb1db1d5a464fb0430cf87d9cef,0
53,a78969cf81454bc5ac29fcc485dffb66600698c8f33948d8e8110bd3c39c9e0e,0
54,2677d161d53831d29f68329ce2d3fcf661328ed6159c4043af14a72eef697dd4,0
55,14fbd8666ac9626af2b55495f66ee95e0e0cfeffb4c8302575e18fe5c68eafe5,0
56,89aa169585823654bb6a8d2bdf5f1348fa2788171f17e463af73a78bd2e7fc85,0
57,0491d214e28e9f942b07419953d8f744987dca77dcfa0831978223a647baee7f,0
58,9276b81b9e31a9c7e603aa4e03d195732674d566e019abeb0d9e41981dc43d0e,0
59,8d81105986bec2f809cd9a5bd32751c40f87dae0a91cdab367c422ff73593f2c,0
60,566b34763475459c0066a1636b898d97a27acb6f532c762447ef0d0c8cb54017,0
61,f38d9c0e14a9ce9010e3d1b9469eff2764b885f92a5ff253b01c739b50c68e72,0
62,5ac4c7ad01c5ab2b2feb26f8a625e688a02fd5368d2c8c2a4da74448e1303835,0
63,99908263bc13625aa22169b334252c0fc0759b5c42b957ee65d827bcb6186a4e,0
64,4388b328097bf75fae3c48c3aab455b10ab4fde13ec62a19a578cbfadae0d845,0
65,ded03f7505b5fdffe817d61a75d3647440094d78793c04aa6b79ccbef1ef7967,0
66,2b50081236d5dcf6227ee318f9e8ac1334addac5f73498b5330230c01d55040e,0
67,fca8b70f0e8964a3d3d84dc061928a0172fc8cee4e98165b77dfa1b8a15d9695,0
68,6582f5d7e95effc7b1eeb8dc9dc48becb38ffefbf087a6fd542f2b102081a61f,0
69,8fd956602b9779e0a4978a55fc7422a2776686f8a7f969969ad3907e71e4315d,0
70,a26b658a32fc9e17b053899e6f629b8ac00b7f831b8cd7f947dd3a401e77b941,0
71,bcb1eae20634f34969fea1dcc8f13d14b8c4c00a58ebe1a9768b1fb10fb3b0d1,0
72,b368854a2b787bfe78611de3caf8c7798fdd887937bf36c6947b7d5bc791ab2d,0
73,c5ddbb15d6316ef07ddb50ea05290d4df5dcfc9d92acd0a1dc9d1f521e6bed56,0
74,a32c919d36829b7b47c1bf7c322309ec7b95d2efb48cf8df819cac8fa015cad9,0
75,d780fd4214ff5a70ee56e50ed97cbb7861967f88bda9182d62fc416080a1a74f,0
76,0453d0eb80476b79620dbe7a2f9a8c6b30529124762abf07ae3ff2f061bde192,0
77,a981b1bcc6abd62d57631780e1552188876276f9120b2119761a66c670cd0c5b,0
78,9f1e8c4d606a4f1c2b9c8d9d3a8e8b83b55aaee326fcee389ee0361f910be4a1,0
79,74f5486fa33d4bce2b238eee3c63a61c4ec322578814d17ae96b91a9509b85fc,0
80,fa2e91567d098f0e0dd1bfca4f67235a542e03d4988b2cd26f07809fa73a14e9,0
81,d5499ed838b65b21204c76844eff1a95d57bb8688527033aafc83b36bb756fb0,0
82,e90d51312b49ab77b49f9bcf882c614b0049e39556afd80d0d34e7f693c8a653,0
83,7c1d7356248937db16dc32a3e9f7e8df1f1970c1ea04891300bf16ff0ce39046,0
84,836c31b0404813a3a38dfca1d6fb5a4fcf520cb87d59f68a08317568476bb2ed,0
85,dd2a4d791a997816ed0e8f85d98c32ec61e5006913312c4c11919105618f6a8d,0
86,7bab0d4e9d8e8830fecdb7ba303fb16b49899605faa78c99be5eec06e7219fbd,0
87,9b32a85db5066368c4dc0863ee93e5b56f6380ca8252500413f8bb3cc31afae0,0
88,33ec4c7f501302906da3785f68498d8689f19201bdb9c7d82dd9bb87df31ff03,0
89,427b6823f4e85672ebd26d633bcbb92e1aafc783d5b73d8056e7618be834d07f,0
90,afd92adedb332f2325f2c8bab8349974550feb9c4c69e52a08438b211f6a5011,0
91,df4bc2d4c2fcf33769b2d0e9845b3e7f012611eda3941c6978a3d9ee14364cd9,0
92,f44c62d08a33b19401f1d4885952f763b08c7d8abec46b2fd409df5c30e54265,0
93,f6b468a96ad3324549534d96af591b4c1daffced6831dab5ed2b41e01139c23a,0
94,55b0996d089c23f9aeaec4d6d01f717db1ee8de86690e1aaa03666972f4f9d73,0
95,6d6d415d36cf4a563e19b16f9178fc769eb96672ddb0750a4f101cec97d85ab3,0
96,9a1895a564abbc5990ea99f537f1740585233d109f08c7d92b22a09c6fca799e,0
97,fc05133b863cf84036894cdd779f89c50c6dc130245e9db0ac94320edf47184c,0
98,ecb090f4d0450040f56832948e0389216fb50981677c80ee44413110ec5fa2ea,0
99,146a4ecfacdf63b83e38eca20ecb3b406a17cd0df89d8237b5f00c424149a0ec,0
100,06e0438d6526c6beb8ff425edd26e3ad7c5a031c243c7a2baf30f47d0affa257,0
101,080c04235b77d10c5019d0d0364c70d6f2baba27ad140a0612066bd6e18f4249,0
102,b8042d1d27ac6c4489d5dabd3bfe47ab2f4e89e5e1b88c3e7a7c1d99f0df9025,0
103,0c7229c6dfd8882432f1c443f94d064006053a94b94733431af0258846c04adf,0
104,8c21d038177cfd347be300663ceb0c51f0cea2962cbbafeb983c1e2f52bdd6d5,0
105,8a54fc85f9090ca7dd69c62c74b5f10d76718b08c2b797f6f3a7e423faa98164,0
106,74bfee295e5dff7693f83e50524ec7eaf9c2a706e1e6e3269da32e46a498fe96,0
107,ad84e486d21058a138d9e146d0e93f1d055b5aa62682ed550b92fb813c7e1b85,0
108,6f2860cabb96caf0e413be9d5331e6ebd20b234a7ce4f14ebc3cba065b8e6a85,0
109,37681bee2ab72f2fca67a69ad93cf28b8040d7802150a2734adfa381f3dee814,0
110,b391f577f779aade4b5566ef21d5eaa0cf650ef6dfeaf85b1089182183de0b78,0
111,bbdbc18dd438ffb757ccd185db9d3f541cb65cb9b9095b1717d7de1568db0809,0
112,1ee5aa1b93a316ebee0ec0c2d836b3586cabb5fe1d44d3bc80d05fd30057b240,0
113,455372e9dd2ccaafe8de7a1fa28cd4a1f283171448e4407fb48dd5b2ea9257dc,0
114,9760bb96ee30e3f12257dadef2b583465d37c03a389c2b19191131679ae74a75,0
115,f8cf4d7fc48c20a73099f90a1a3a80d17ad5e0c20b113f3b7e43ef809feb623b,0
116,9ddbf89e448a01b1c71b226aa95d52ef6b6cbd37cb1aaac2f691c71c4a042bf4,0
117,99d1b6af7e39fd5881fac30aa235bd6b3953885e8b5e3bbe0a1e423389a289ea,0
118,7d4ca2dded48a31f5ac249b928ae4e0119361b8fe5b8b162adc900d85b0f0abc,0
119,36fac5c6d89f6140ddbc21de1e1cea96a563fc6919121b9927b041e6e7556790,0
120,73b02ccefba3f47d580d9eb007dbda3124c276c71d2e54e9a4d0301c88bfff24,0
121,63af3d24991236d75396d56f02e33fd911d44e189c9abf9a4ea80e40739330b4,0
122,fa06a51b3d61356b2a15c4920c8a0f740a7568ee13d08a91af1ca2114abcf0d7,0
123,73cdfe00e032aeeedc1d1d39bf60ca63ea1194dc69a72db05612ca3c41f47cf7,0
124,92914cc72abb10fbfaea363746f1888ca03627b939575c8ae12fe77f121db6c1,0
125,5e1d5ec6ebe5a02a68997f2fd5765d292526c70f0af86a6dfd6cf93ac36340fd,0
126,d336aeba01da94ff15dc52c551a4daf46a5a6cd9ca0ae3a86be29b6d32c78080,0
127,ea2967406606970ffe8321fca76e4656e67a276a462e007f018ae69dff20aa39,0
128,e68c736e66c6d63b98270ccccb58db31405405aafca07599de5dee41cfc4fab8,0
129,8c2da2cc5f28bf1dadd56ebee3e35262fcf0f0045ed589a5e96007f1d9da92d9,0
130,a4c65621eaff9d41b94022dc5f5c791229ee8324e2b363854ed7868d7be3c6a8,0
131,6b65bb89bc58dc4731081e2d26b0ac14418027143931a842a6928499f44cbe8c,0
132,2fb4d6fc1e6e0da4daee27d24210cc80446a279121f602d224bcadb9f32f7a5d,0
133,72c52d1aa7d45303befcc9ca2e75c700943ddae82ce9bd4375ed371f30b02797,0
134,313379d5c0f6a23b220d22716dbca23b00f67695f5a28d8d8633bde3146e68e8,0
135,991a06f526092094d09d51f797453bc796fd4b473a9f965baeba77b0db8260f8,0
136,23c67e510559cd6bd86ea04488f662114d5fff58355ff8a5bbe21f37127e4d01,0
137,35cb00e6a9af320804f9dd7525474eb50077114e79f45019713dad324392f316,0
138,cd8dea408fa26bf7b55c39e76c3f588cc5c0ecf2d4ac2501248b70e74b3242e9,0
139,8c7ae16255044edc33067b94abcfeb4f1e016179d03fe2bccbbe62df48bda6c5,0
140,0fbbed52d689971a698fab04743c27e2a0f74f39c7ba949dd6e51656744f1987,0
141,e39abb2aba52565a5ea6962e1e8446856a6e83d7372dade8dd9a4b3adf6b9be5,0
142,68ecfcf5e688f19860f7d54139a9f865d5250706e01ac867484552d530920462,0
143,5ec08a1505d4e5f5a66f9a7e8125c81bd9640da734875e1ca9ae78a83647dc2d,0
144,052dad1764fe70cbd334b015eb54949e14824eac1fccd60591a1b2d491a89961,0
145,e01f5accf471c6dbe6e2b31937cfefcfb6448cf6e2dfaae3409a8058964cec83,0
146,c85b3eb6f604ffaf4ff4d6285d85cbaf326cbbcd3eed53a4c838fe3f56a67ca8,0
147,567d3777d8497802f9ec9573991168fa6969c5db220be3d75a80c2ee39604c3d,0
148,587cd39360bd23e4728c13bf883ed22db90eec2a9867065642eb3fb591e124ed,0
149,980ec6557538336b9afc522a6590a59393967545a0db50902c2d312012419a1b,0
150,f980bb0db4f2646efb6150832ccc030cd864ab5524a9f5548d396f03f37ea1bd,0
151,5c32bf1562b7130c680e3fcfb6dd749c715c0f57ac806ea7b7c73d1846fcd616,0
152,427b8c177e694f688fb4309b075a29606c4b7c19ece9a9e3ade9edf84374d8e9,0
153,7a865d1755910ef107f3f3b1ca49c0b51a3b254dc10e9833e3b17c9f7f4b034a,0
154,162aa79fff1ab9f56172e8763236bf9cfc8c269a84c0bbdb3c13262273200baa,0
155,4a3f58cc2a4a025725fb234495da0024f01220b3a2f7c94e2e2325da08a95d6e,0
156,a1154f80fbf847b215d9539492c789fe5fd640bb2be08b67097883b4cf9977f6,0
157,e39eef4c2727f2131fac485eb159f140a4e68dad92452cb67d61afa837f161a7,0
158,69fc47a9681a3c969fcd5f293c4dc2dd9610b84766ceb7ef3a7d51fe60b552d8,0
159,3dea5b36436e75dd9eefcbd166733acc6e5c2e8e4a2ee0eef3c78703e744ded6,0
160,6b8682fda17d05260b34e22188da494db4686191c74b4bc206b593b99ea2a035,0
161,33851e4de21611fb5febd893d23a9b1262d603d50777e2376dd3974e70b86535,0
162,06b6fc4903010980a3e53c1d81ea4911369c4909089609a8e84864d9b4152574,0
163,d6bc3d232e94303bd981528cfcc33a1800826eb8857523865960f6a48282b60f,0
164,3bfa094588fa9a5e9de900859295ee15833ad7480b2019e2bdf754c968d15297,0
165,a03d88adae2e8951a81b2badf80513cfa710278291b1cf0288db9801019109d8,0
166,78831c0deffa23c862bb15649baca5d431127b5e3fcdb12404c76e7068215208,0
167,afc2ce7c3e2c9c0387461cdd700d5f68f9a0ad67b06e7add43f355327ef24686,0
168,54d5285a45bc7b3e54494d37d602ec1ed44905fb7633bf48105ca1b5cba690f2,0
169,bb5216600ec84f3c210f86e29611b536342a44a5b1b8502ade0af47961fe5041,0
170,7e5620507da866bd83a7cdeea630e623b43476d3fd5accd2d5a505ebdfb3f447,0
171,f9cf2520d6bee7e6825e179bf60e3315a4cae7e7692e40b18cbe8ccc4e362491,0
172,5d502aa75842494cb2d1337245bf79c1f20135f8a7d036a9c3a3ccd3bef43332,0
173,f289024e11c259421ba365b7f9e9a4b3bfe3ac2e4dd938f3b0883c3f20806fb4,0
174,a1bd462fb3e55e40f0944e0c8ae464c431cdae41f8f322b07ea40971d7da1ed6,0
175,812677886fdf683918212df612823c092019514dd3c121794368a98416a62d1f,0
176,8c40e5b20868d8bdc0094e8d277e00818b1cf7d659506dce38412dafd5affe62,0
177,4232f14a19d9a0ac3282ce7db90fe165b2201972cc50309d71970fa583b2da33,0
178,4fe34c56941331cb530942dd200e999ba835df6c30e3ae57e89a7be71d9bb195,0
179,6a58a7597a64b8d631161be1fde8bd9c15ac56a1a43de5fe250482b1232af16c,0
180,c8c28279417a3f07833201ba99e206bdf55f3210b0294395a898f6c3d070c310,0
181,ad1be1b4589267a9e81c8b63ae1ae32cd9c6dac376af8ec0be157ff28703550b,0
182,81bb180bed0b98c84ceb7ddfff96521caff85b9666854efe2e6e2b87b600c4de,0
183,f73ead93bcfb50eb306e983c9a98c00149fbb2c409e3f432b5ca6ece044045a7,0
184,14b2ba8d2b3049666fa1e1e1dc2447e185645f7811a9714592dfc4926da5c1a4,0
185,a681ad90187e2173cb918dc36202b0d27ce7e8a9f36b8153e4eab6c3ea7845f5,0
186,94b58ffff898c8719d911d0c4c9d4ebb6fe7b9c0343080e5b8b6d12d1748e0e4,0
187,e4b269e96367391fca9c708a78f98cbe0293e88344c20594c62e87216d10493f,0
188,d87172b2732bb5c5eca5f3e8eb639ac27e681a3b8d2d909c8dda3d85a202a335,0
189,fe640695e2ada4603dc007ca3d4bd7399e782d265fe2e7307d4ddf40cf0e8a53,0
190,56cc5fecafc9a3b0f1112890f88f7f2ae279d37219c3997bfb4e7f0560391c16,0
191,df5f453216f0908d908be61f0f3fa38381c3e284b9e4f7f5b48e60ce68a2b2b7,0
192,4469e5e078f1095c15178795761ac4331562170c26d9376c914515af2115d572,0
193,01df42bdc5e2f157e2698af3bee8f564cd23de1355dde675c8b057ce8a3867bb,0
194,6756960caf99657ea0f54a4ba8ba363d06957df6f6c6470187d8eb9dd8df83c7,0
195,fa74150d4b472da26aee2e3ef3dab90a3c716b52373bedd73f5a305dbf765861,0
196,2d113bf93a21057a6e29730d81e777fba1f5c947b6be908942ac5ec43634117f,0
197,be72d9101b3265fc09b583479747fbacc6b79b93565a79ff3992da5046bfe4d9,0
198,a8b6c21b690b79f956121f78bcb270f5ce9a77c4a2e05f3a54e7f54d6d3e3c26,0
199,11885e6fd91b6107cf1b0c85adaf2c7c933c1cd36e4c63ed420f2530c248ce00,0
200,e95723303d6e101729c9c4b16bcfa487228423ad6ec4db1d3d2046f2f10b54db,0
201,ca4c962961167247c60d136abbc8b22c3c3b1653698b21779af2bbb4e4e286c3,0
202,1d3bee15269245f7fcb448b61d71871dd4fc7a4f19687cc2469da62dfccf8696,0
203,f1e4040763250dcfd7e506e7987cbdf0e30bcaf96dff1a8ce672c80a8df71bd3,0
204,4d1860bcdccca0d0e1956ae97d936fbfb60d6138f4111ed970f33c5b83769fa9,0
205,ade5c4243b23ca8bc4634329ac94774540e8270df12752a39c68d7705b742df2,0
206,d598bbd24742dd30d6ab02a5289382eb1aed7289f4833b343c54d66d13f618bb,0
207,09303447b2ca1dba87b53caf93a5b3c9b14dd6fa642f83c971c5a24f748d771c,0
208,e9606e84d3c12a4b1d345a686b9f084b7b9bca2de44ccd8afd415b2a5cf904d8,0
209,c13c0c17aca9c2f3a0432bd63f52aab6ab577ed7b2f22b33e944e1459a349ca3,0
210,87bf5236fde97d7bd15b7408946a330887801635519669d824e1e7f0b434aa06,0
211,b7dec7b6df7bbd1f1e4468267b3602861e95f97dc7afde280601e7bdb4c05a5d,0
212,efb38cb656c175c4fbf640696b33858ac3b62aed92661c796e8c246ea94192cb,0
213,c270508514e4938b6aa96fcc5708d6750542a9c2ba950c334c9bb4b084c052c6,0
214,1e8ed5276a702c8e1e24bfa33e2890695eace63313ecc05e24d2b81bc2076931,0
215,37e6e04e72d136c5b5badb1862c24c2c6562c4079603ea6684b274bdbdd338fe,0
216,c9a402d2bcba25d9c37564326e5c73dbf32ed15d1abfed21b3473b03b90895f7,0
217,822607948490cd568d6697786fb3cd81db95975c4aa0e86a0b5b8f07dd9a6a3f,0
218,ee88cc4dd3f3fb2c3c2dfda563916217fab191413fdb68960d7ce6c98a362ab3,0
219,1a09bad51705908f4af5cdfa574ab8e8e80e81b28f4a327cf8e3db70a182abe6,0
220,3b454ab187f9f68b6a4e131b6dcc40591effeea2c29211a89ab5b5a54fe9178b,0
221,2ee9d833ff27996b378f400155590b3d8ec9517f55b90faaf3ebdeef27833a49,0
222,80a9a7afb7776ba5154631e4997c2764586487715f2668c915ac68da8c62b7e6,0
223,10217241e499e8c55cc91fc7c72c78aba9f0d1f1b90e35f032fd42af728a1773,0
224,d11b94b2d1bb0ff87b03296a15db4f1ae70eef31371bea830063dc426563cb28,0
225,1bbd99292486d2c1b051ec23396df80742ee823fdeab0186fa63aeb45a17c161,0
226,3b72187009a72115a19eb9fd2e37ba28d3f49f24e34f592f67761dbbec27ba44,0
227,752f2fd611f9816a4fa34efa78765a4087b737a16d7debbfcbd17e313bec8387,0
228,4e26767b367ec6196bb656357aed032d82bbae1741b7bcd2a144b6a8fd91e1f5,0
229,e5946ea0392bdf9e73116631363a3269ff4334709e9f6c51da448f460104040f,0
230,d1a6ee549590f103c8fc3b1e4bff9096d8e162237038b286025c5fc38b7a1ba1,0
231,a5ba22201963468f5aa62c9a5b382ef74cf0a58de79389b4544643cc8aed1b56,0
232,49083aea84edd25fe6777ad940288aecc2d5b1d9206292f75db468dbb9d24178,0
233,879a10ac5bfde5a3df47bf4ad3440075d632e1deac2d12a1534a42d7573cc882,0
234,395bef2807f504928671132b051d8fde33ac3e8e7ae04cdbe9da68c09c26f555,0
235,8adbb3ef95cfdf7bb82008d38a7452212413d8e128b4c202c286dfb7a01b57ee,0
236,5921aceb24b024414ba0fed293837149c0e6f2cc9b99bd3cfd0c3c161f837695,0
237,138d024a01ecdc962186154fdfd5245c10cf5c8bade4ac5e464f9a2b90077799,0
238,f5ab4502691798ce5f7b02f09a600ada66df2c5ca4df630abb831509a41e2be3,0
239,b9ea3c05e7c1ef0217e4c2f94c3ba0ce1a497280c414b931baad2f8316b60667,0
240,68ffcb422e42ea3a43ca5b319387746772e63ddc4f56d1e14dc93893708e4540,0
241,96ef38b389fd97569297d48eca6c7320c22703c0db07e43d27c56d8b6594d5fa,0
242,6d6147e8a26e38f9f6f331d6c899476d6ab90a37fbc0cb433397c60c1bc43c26,0
243,6d0e1b8253df4cf67be0c7c85e9b4fce4c917865485663869cfd8b41b9fd23ef,0
244,2d06d893d71f3d107d46888493d0cd8db6f107621351796574af61a5e2729866,0
245,f0ffd0e5d22e6f7a3ea0c3889b0919dc3cb98dba5a1568dd87dcd3663dc61733,0
246,53c0a9a93151e6bcf922a8807e32bf2aac28dbb8d1b324603081c3358fc70640,0
247,b407e990627428f206018e896f3d15904e284a790466921d7bf1a6b4c094cfa4,0
248,b09019621b4ce0d2933252024a69d9a0e26c3b7de4e523bdf6aef354734b4aac,0
249,ea77993a5bcaf23c5bbbe8bec0c7aed8a4cd1f67b20b64075d0ecc66ffe9ff98,0
250,9eb7cda1677175e749ed83c192ac0241f572e3fdb5ec45408ba730b49cc56e2d,0
251,b3c9a83d578743ff84cabacf8c069b18af67ceedc669a50f4d03af4770378022,0
252,df7f32c3516c9fc49efd5f18a3c6950a68a895d1531f355128a90cf9a4e1c2be,0
253,218b3938c3fad21b797a25ea7d59f1b5769fa02f6bd6c81ba23bbef2f0eebfdd,0
254,40f454359991b7a7d18abdf7b7e8c882266e6d23ebbe842e710dd917ad61ff64,0
255,e0534a810215a7b1a1075ef94d1ffb98f428b6a61253e54e7c52455591f202cd,0
256,65d60fc569ce7176e874e20349bb0ccafb4f4e4ad7c9371ca1757daee3fd3111,0
257,fc84a10a34130fec15b0bbb12c45749dfcce9c2b80bf46f9b6250066877662ff,0
258,7611a0d4c3c7b745fffeaec7c02f424d37aec800c77bbeb079935d214b8bea44,0
259,6460f4d70bfe6207159be87b758d544bf173429353b850790951dded5de07e9d,0
260,3afe6ff9e6831eea5947653a4822a6b11248e0d580bb5eaa18eb64228347d26f,0
261,4afd2fed743da0c23f7c819bb1157b34e53715b6c27938f6ef5d4cdfc8456086,0
262,e19482d3940ec2e01d287dbf47ecd31a83e2a10fd02eb300ef859bbed3dff1dd,0
263,95661ceaafe94cec3d3c097782bfe743201a0af8ab938c7ded6c03ece609e930,0
264,1f87ea2eff94b312dafe22cf8fea62c4ef1dcbb2a91744d49ea7ddc059d39ba8,0
265,8655226f3ba91b2f985a98549a61d08c732324cbf23125a0374eef1395a8f781,0
266,e3822b51c88bf01f4c1a4023726f4814ffd255515dd9211d42ef4d3b06ad489d,0
267,facf155f169bd86c8c0e7b85a341436436ec0f1a13dd97910720b312a231c200,0
268,783d828dcd0405ec69ff3e13215ad9e4aea2c7fe313f1841fec9a38a2f930156,0
269,b07b1c64b1fc4973b6fe939ce5671870bc91c0f564249b7de1bb22152013b62a,0
270,e3ce4eee3bcdf3800d49908782ce408ada5d41b3d3688f089bf5248fe52c4417,0
271,f936b73468d5f7e1248f31217767225ee88a5fddc59456fdc7e7271ddf346fd8,0
272,a772f0b2feb84d8215acc2c79b6d6ea2daa25087544ee638c99f6fdb0a78e446,0
273,0ca592ff0ad2fb0985605b6379bc510e55b8b54f16966684929e5e477d715a2a,0
274,17d84c5825437af69798dc709d73ec78247b0f9df8fad383f25a556f0447f1dd,0
275,37f5b55b704aecaffa7e5c76e8b8b234bf4c1c8e56cf4881e131a9b0cfd2740d,0
276,0d2fff48a4836bc809a1e6bcf90af780a14d05884172b4a80e694173eef9debb,0
277,dbcdfd907025dd03689165b29b0410b958730e13834e0f5311c5075f61d7887d,0
278,eeaa01a6afc17ce66c2858f82b2d74add28587d9a2e5ebff61c28c02f82c9011,0
279,a676e06540eea122d11f2c6dfd232e7744b5f5dbf2522e67d5ec25ef9d29b153,0
280,f480c1fcc9ea94746204485a75eae930e38c319247944ba864a3954e8e8b4d38,0
281,9030ec27b9f6b62bb5a819b862b750829ab425e5e9bdb8d2df6595d890f9bc23,0
282,fc1d33c1c1bfb666690b71320e1434dafec79189ae55dd3d34d14d3ff39b8481,0
283,6ec72ad09b2756327e37971c7f134dff0e8284587298d518020f800dbb78fbfc,0
284,6d6896bc53efa08976562536e9eb1628c86f0436f435f2b902683a011cc0f4de,0
285,52e37ff98610b41444dba33cc42f74264df3b7bb436d5aa2982a5845d461b7f3,0
286,5657b976f8a6dac14cf9352c758ac557f4886d1c1e620b3b0e212db6ab2b6415,0
287,e983490878577b22b5f058b5b5799d7652228f122f47c72031ed47fbbde35612,0
288,f6095f90c55a0e5ba750b4b2ab136a58e22efb0b363820b293400f818b2ad664,0
289,c1d045b15b0dbcee6b184b8e6926410f1c96f16865cb3b49454517a35902b839,0
290,b61226267176491b1fe6aa97f15e2407f11684564d7eb97c82ee779512026d18,0
291,096f04a53453b528cab5dd58e0727446480a3872c8279809c683cddfd798b51a,0
292,1609136f8b7442cc924dfd0984808db7b84de1d7b50ee07e2bede45aa30ab04b,0
293,bc794e788489435009766126d543e4c24e05fedaa4286805a744b74353a6930e,0
294,5db701dbf32c6452daaea9e6f14d25bf31ab1221d31a287e563f5dc32f2e1e50,0
295,1e51f30227acb24b560fea628b46ed5a853e231141d21d93119f523b084c0ed8,0
296,ac89cd2595c7d0274df6f4140d4ec441b8917af4010f5bf0a81988458258185e,0
297,d8a1d769148f961fadeea0ececd6cc1448b2314bc2a03a7a795b02d332d0d132,0
298,8a6f009d14049e26126bc70b0b76f6fd5e68a8d77f6d3602914fbb8f18f761f6,0
299,690efd1064b21cebaf94f2e4e0b1f97d16cf36848064c99cec3239dae910d512,0
300,bf2e111714897ee2800b0608c47cb48943c3eca486c7eaf99292cbec02b05279,0
301,0c8935bfb7131302a4a84c7a182d48a4db522b397f4f03e43b0b991227450c2f,0
302,00020be98cd468647e5937bcd4d1510def3561f08818176e1beef39064563dd8,0
303,e81214e3c6f3d23bcdd32fceb665d2f1a0a6b68b2bdae4b7b77595cc43efa12a,0
304,e55b0cdf2c86b37f3b4f6d5e7b861738ac17a6ff8292f0f627c6945fb6b718c6,0
305,68192704b48a19713e2d48689e8d53ef60ca0f8f359928121bb3084365d024e2,0
306,14f687b763dfd4a143c56cddc522356247415f20bb1cf63e3483ca93f6a5719b,0
307,f64fb258901aa3345b76f798f573f84d02f817ede10057a612e9fd91b9e6aef6,0
308,f5d46f834232e48b83bef7a248bfb1a6f6401271ee3c1fd1d2b89ce3dd6322d5,0
309,8a57bd329a475b2d485e2bbee5da11471e6f28f0f45b70fb3b9be0b651786ae0,0
310,e2a57343e8d98a935c19455c91d6c03dc9af34ca89df8032072dd7a0c6f38cac,0
311,781730e8e435e995d3f85ca6d5197b41f08c32f4920866a2ac559dd3bd96e3ec,0
312,0c2a8e2befb68cee92396e82b67fab1947eda90070243eb04b5305484138eabe,0
313,a8ff0a1b262dc725ad38f1bc9dcfe57e0eb8f211c0b3fd50164e806338a365db,0
314,759e4e3449c79829d7a04b038dee6b6ddcdd2e15feb220e586a3df0307feadbd,0
315,90f5d820a072df257e7a7145e38db7a7d4751e59d32ad571cf028cf12824089e,0
316,d529545431601b89108f38916d02a1590058d345bb0fea71007d5bb9ab3ea5be,0
317,0778b3b07a0c45ebd8de87b906183d7a9f8b844d15f3ee859c9168eca2b3d0d7,0
318,b42b28129229bee3eb46a3fb846b1caeb20835da2a199a3e975c05150acf048e,0
319,d06959b833dd8ed51dd8bd41a5485f1134f5d92277cedcfe6da7e5f1358ad3e0,0
320,c2681de21e954f6a5adfcabef978df992d3cce66b318020b7fcc5842bf381e88,0
321,fe79ee9de9b4e7733adfa936a8baee0e1fe19ba6002f63834f5b535bce481bba,0
322,4bbd1d18f57c29e3d233b5b924642be4bfbb959277d96cac8ab4b3544833c948,0
323,680acbab444f4162c301cc3e4b0a0a9e886de1d50d0508c1580c105b58d52c9c,0
324,aa0d866639338d01aa933c35b0d9cbbc4cb09084713a5ced3ea8cb1ee670bafb,0
325,30a0f3e1bf99b80d397edf6973abdfdae5c5d75f6587f1621adca3827960ec74,0
326,b30f21fcba7424657a1b959a4c3031f5e3354619965270672994dc15daa7aae5,0
327,fde73ff39cdc3dd3fb996b6726dd730f978a2b42fc005c711ac81475238ced8f,0
328,c4cde9356fa8466e723c79d0a226b559d88a889878ef7c453600036e5f218f32,0
329,d14dc4a0d5f2de4c9bf903d30c63276a9a311725ad3d9320a27404c3a13f53ae,0
330,d2e688242701469c1cf46621883fe7dbad2442440d62c93fc27046d83d7d6a2d,0
331,65ebef04aa7ba4727f4b6a34bd18ff4bfde8adc9207aaecb112976c6f95a0054,0
332,11f160c125640f771b9b8b1d6251a355445f538eaec1f47d50740133b4b6e2c2,0
333,ab15c2780f72441dcedca90a75853d87a75d2e0b271ae7537cec9bab4d3a30e0,0
334,fd4713b726c216b3317242f868141854fca6e5bcc96315c2ea6123f843a6d4a9,0
335,29abe9187cdda70f24ac067b173a26cd050dff3bb63678ff1cfb4791307d0e38,0
336,2b66f48c2a00d23284e225fc283fdb0a4f984da1fbb6a7114314cf690387a5a8,0
337,1252d20c0daa80c845227820af0256d59b4ed20ca0f4106699f5466a6c87d217,0
338,28489683ebf561c24d98cbb2e6f47947464ada8dc6fd4f84a86f7b32b088fdc5,0
339,4f3f2ac1cf382b75130f7bb620d4253d918c7da050633d013cccda1bc48aaa62,0
340,21dd550ac48d842695bcb623ccf73bc8b9992616212b14c75de939c28ad9beed,0
341,0abd7cf99d5145222d2c8bf41619f18bcd30207ae77f81feee0fa461c0bafc26,0
342,5c91d3c6dc62199cfcc38f33046db9279842621240516b1f870660c232b8b236,0
343,3d8aa187bacb0463050132ae86fd2cf0429f9b3fd48c83717f62ec5a47fcde9a,0
344,4607e5c6d20ab3e29dd07f810c9823f60f31b347718b96969eb6b9b91d789244,0
345,341b8331a7d21719f2de4ebd5c2c0456d5f3b1ee399c15c8056b3869bc288260,0
346,f097ddb6a99b2183d65d4f325e6a10d70c25eee14e975ee02c77971f63135d40,0
347,c05050052035fa39cfc0284ecbd597ccb0706aabd140ef8adefda8e531a407e9,0
348,6f98bb662bdca878e34d30fc7512e160f3ed475aa3235eed3b30e8948ced0184,0
349,26ee9582a93da3f17d9dfbcc99a5f3fbe61a443eafdec69842ec40042b2116b5,0
350,6635592de092c48004cc05099233e0ef07032104a71af1278100964acdcf6e30,0
351,b02d1db107820a99111c8d18dc7ebfc3b6df62a3333765e84100bd9eebac7998,0
352,e26d3e2654e99fe1624e41517838ceb175d759ba69e0242e5582c982486a9a4c,0
353,ffeb6e9c847a115a3e4534fd677a9a37dad3d07e237530f75cdceca5c9a842ff,0
354,974e3b64308cd14f04738b3efbcbf0472c5757357ab4122efa0fa0bf7b4893df,0
355,4a72a1d48ac01d32fd69a0ed37389e56d113680375083ba5b333db02eccd3bbe,0
356,27ec0d2e24ba1eb863f5d8168896815aa21ee3fadc7af062d6510e6ca97e0334,0
357,6cf4132d7b9e532507abb08c08f1d159ed0727103ab670ccfb359d814d13c959,0
358,ed8afcaabfb358fd8001cead491b2dcb8a3458982f90466dd07af12e07d61984,0
359,bd0564e5c89b8a418dc92fa934b5011abc6468bb284db4fea14748250edcf436,0
360,bb2af5d2ac4d2b3d8e7f579e9b91769fe50d2d9d3cd9d256cd9aebfba6a0765f,0
361,159ca6dcb699b495f514439fcdcf25de534f7bf9d96a7baac574900b13e1d61c,0
362,d3f59e0798d6759cbd92a9d6a3eaf6a2b3fccbbdad0177ea45c88420554a28ab,0
363,4c7483f7e9166853886db669c8466facad84c289d4d4349bd194949ac5bbc12b,0
364,5f2216f1e182dbde6bd91034a71a653bc6d09049b2f298a472a77d031b545ea6,0
365,3bf40755c4a94f0e8e470b21c86e99ea663f37312fabe6c1b8b5984dd796f3d2,0
366,f04a83440aa72ee71d34ac717d396b3c251aa93542dd6d4844dcc55347c31d4a,0
367,435e4bde79fa63f92d8eac03aeb83bed384578451ed447a7854374dff65ac179,0
368,81ca4eed1c34949658f2ec235dc4d9dda0fd0cc976aaa060036e5ab53f930472,0
369,099fd398690b127d39bea8b57abe4ab0bb48230f2a905569dc5e5b97b8bae5d6,0
370,0c45e2b9fec9b59151c16c4be925e936c70db2ff170f788f673229dac808eaeb,0
371,1ff70a60178655c40abbbc49fbcbe7779620b2bee50af57e602db9c0e9ad5ace,0
372,a6a4e50f9653098f4b74721beee3f61c5385fdabf6d95b213911092d505694bd,0
373,2eec46f2ea0ea8a5f3419854bea0fb3c18d3f59d73b3030275958cdc5145868e,0
374,c20272492b12f715b836c5a6ace66ec01f8b38f139987eeede3e3a20cb5788e5,0
375,f484f26836ed3fdc29ae0598380b57a6ca5cab3034371632fc3390e7f01dbca5,0
376,4175e8d5de667da473530e93105185b8e40af59f04fcd4291712fd6aba8fdf93,0
377,8524a81aeba059484d67b573ea9ef364040c264073dede8955f0f6119d71cdce,0
378,2c3eef90f32b36d5a1b3c532fe0dd64ed4f11ead1a304b3253b37bf959829cf9,0
379,f406e61b40de83246a5ec37ffd92970579009a173015361d22f35acbf72bc250,0
380,a9be81b55592709584884b67aef0601ed01d55b2f6a6c26695f23c464dda2bc4,0
381,fa4e919aa9bf50f78951763729db86f128ce39ad7939717034977a506e0c82b4,0
382,cb9def7cbdeda466a2576bcf886851ef2d2ab2364b921ba37c141c6f4779649f,0
383,16fc8e8ed32d2553a17cabd21193a766b4dc037aa005af6030259be32b1c2936,0
384,12aaf13e8147b09cf3571f3d07dd6073f4c780ebb6f4243369dedeb365e0a1fd,0
385,ce8eae2d1a28e46afc1b79901ceee23dfd9fad0dbeebf693c5ae4fc9cdc9648d,0
386,a03a3fd94d504933b0a0dd363a5ab57541a6ee97b819fc5a6b1323a5aad5ee5c,0
387,d7f89ff27925a77820dbe4edcbd51df1776cefe893186f335106817a5f3f6416,0
388,5fb974f7e75e304f55363b6097d5347717b3863c605623574710292de39bace4,0
389,76699ecb5035e931fc58397411e6463251bea9c9b2b43dbcdc8acb91c004683d,0
390,451418aeff75532ce93bf4f68974978b000bc2600e4bdf416dee036aa1e4918a,0
391,b65ee8a22bc0df288f0a2e5c82f645100b5f50d8f9cf40d74eea86eb4b8f835a,0
392,ec325fe40c08e7bf036bb4b639112b691fab7a173fd30d640c0caf9e8dad685c,0
393,5600892015d5302e4d94d6b224c8739d6d7fb25312476fa9f933e234faae2b8a,0
394,1bf9c30691903e6df0a8582cf1b6e213b889c7d16a2c31d0e8662a1313409be8,0
395,0d828148b010928cbd54c3d7b9efec62700cfe73f7dba1a97ac48c0621fd8c46,0
396,dde95bd0e974cd19c126ab740bccc544d47fc8bda843c41f9f03a3a3b8d066f2,0
397,e2cb79e41f22a08c09499126ad65b833e07c09376cf28fc6a73c89da3de0784b,0
398,5974bca099d9bbd066cb8a73af979efbd974f664c18751d3243e086fdb0966e4,0
399,1eb7ec60a31f08638a99bb12e24be7ae3516ed6ce17ed68e6fe85b0dd0dcc309,0
400,89a0742ec83b88308af73eb7d82a9d9f2450fe15c7041b2fb3da7f3d54558e15,0
401,690497a15901df72bb7cd45dd6b6e619ff1f3973b496e55efb9fc5edabf9e37f,0
402,f453c2037dd9ee7d0025552507fbe2c06357d736898375865e25acd3910ced3a,0
403,f30b20d0673af85030aa888f3e38e84cbc10127f5bd827dfd15b9d082135efef,0
404,3a960a8838ee38531a6f2f4f37a2182c89b1338ce6d74347b0921a7742e4c658,0
405,78b28dfad6db6a71e15e59990c1f1d30bced490d9f6cec9bc439e2a2466af344,0
406,0377823e5c27d7cd26756a1a8120cb86e6a94f820db561796206c80d26c18af3,0
407,10222def943aed7eb9a9622c0bc27d5c6f13a698f84404c2d4394a1d24260aff,0
408,781b2611be57b65e35773df3d4d2ea9299477b43ac14659f9cf4f2bb27e16bee,0
409,8b761ff70cd9b027e042bd2a3950588725561fcbbecb32e4e92a03c7ca445613,0
410,0c706a2c9a12920ae54b1cb451c6140211981c82545ac364011ef9e77ab3afcb,0
411,5e905cee093f427536728b88b599e805f560c7a464112a04246d4e84f5f3c5c2,0
412,1b410393acce7c7528a385bec054173f3a0397f441a9971d4f1afbb1b8e3e092,0
413,099bb5149bfe95dd2b5d2f6c19e7d12b3eae2dc48d71c86ac3321a790401e871,0
414,0b37ce027acaddc5dd2e0e1f84751637467fd14b16340cad63a49f62ce1e6282,0
415,d2e49830dd7fa9ea25e04a173ce9d31e5fb7adcf4e90d5c49547f7ddd0141fe9,0
416,d530606502973782a722571f727e4f5ee261947fc000fed95ee1eb4b726a9273,0
417,dbd4f6216ab30b1fd9261f205e061cccd6b99ea0b76668d18d652f8d1a2f89bd,0
418,fa70df658872d76f04d0c048bfc835a7f5d21b46f5d11849cf58e43f4b87efee,0
419,295c32492a524276e601c175ebe7eebd9309b41f4a806fc8926708ab44ba9845,0
420,0f00afb5b87dc3de8820cb24c5cdc4b862dae2d09d968255c2615d1676a15e37,0
421,73c5eac9871a2acc601c6c431b2c81ee19326b6f7db5f5aceef1ab91f25c3a95,0
422,421c2e3215e8e9f8df60c0592171e00baa1c8b49ff5a9e28572d1ef99f3f8094,0
423,4d358ee9291d35ebc2091df64ac820c58e2cbc6da250a83b40fd9ef03dc40476,0
424,83389e823480b1b0b48397fcbcb2e2ec42c6cebcb20c62c086f941ff5a52f47e,0
425,6fdc3179c78dd27b06ffa772e06d2cf2edd8e3af28735a354572214db8f14fde,0
426,83b4aef11b628d5623d06e7d2171c3ba5e4c4e25f7c8b26cbb4ba515e55122c2,0
427,2eafab3a2229ca325d7679fdd90fd58a896b0eab0932b04fa1a7bf08b14289c1,0
428,be2ce024028be03d9e105d7285076496046a82ce50d6d94751b3fd7c1adebbe8,0
429,44fa611b3a45b5cc67c7bb8e54f27ad0b43ca904994cad08ce83f2820c1a7b5f,0
430,61a4388c6daa8f056b4455f4dc1559d46fb48658ff0f92f65790d1cb9631dfdf,0
431,b1bbd6cec083ddeca8be350bb68550152747401cc98362aecce56021eb361ac2,0
432,e1c5b0c90399a4c03ad92aa7b54833b69efde620267d7262e64b0a83584954ea,0
433,b2a2d77dd7f5dd25e1f31d2e9939ea738bb6ecd1f49a5b80ab1e689727adaab0,0
434,835c19875bd89f04eb01389ed55737ecb0912b9917bc45a90df4c6e6a5e79678,0
435,de6d8088df5e9ffb4528e3d18b4604d347e44d16dee30110bab8af6379d04fd3,0
436,4d436fa5c84b8b5b482c2cc7f57b2f8a28274de66893d6e4cb9b5ff365062773,0
437,8fee89efc4f16eb44a5b6b897694110813669756eb2bca2b07c70dbeacf075f9,0
438,df2c2a927aa8bf956e1cdc73bf2ee5b2329a5e4a0fe62bfd47cfd5da28f318d4,0
439,d0c5d144b1d381daa99bea1da39e8c8f8cb265eaa428eb41be392e053547a357,0
440,0459aba407e15a0fb7db93cfcfc15cc7b45807aaf1e1816ef7c535a85a3edf29,0
441,7902385a162d99dc9c16d27067a046090c9c98867e62891fda8ee38baab6df92,0
442,856d7468ee2d2094aad79195ccafe667f0d2b7957c5ca2abdbf317b96c7a8aef,0
443,991e11fed05dcd4a5e1e0a9e1ecd76096e11a49183d1e7d410b8fad22abf4592,0
444,434838cc9835771473b6e67551cbdbbfce9197e51fd1722670ac44d72c59c73f,0
445,f3f2b27777bc5ba036a93178227e6404412e754d1ccdd70f0d9d7ead35a22049,0
446,dd7427a1bc10e166db570c9664bf00b0559ef405cdc2491a53728f5f140f70a6,0
447,97668d8bad48f70133a75fb525857f9853629b7140f031659815d8257919befb,0
448,34ed910c97eb95c740f5b542b52cae5dacd501498156a68d3ddcb7487da01b5e,0
449,1788f7cffd5a43c4317ee9497e086b90c7580d4a3b9fcddcaa993711ac19a89f,0
450,72e6b8e90711ecaaef3d8666ef076d492c71f64b215240153ec53d56355a20bd,0
451,16fa368217284fccb6aefc1842d0999ee3beb5990c6c28bb5a3f3b9cf774843c,0
452,b4d2cf0bde73fc3ec72f84aa28191811edb4d510e91d216616b5948ff799e7ab,0
453,5fa46f71ab3673623afcf9e663baa746d675a5b61ea9b56385760ad0f16db12b,0
454,74782991b5108d54e4c8d23631550b635848b8e29d03a6867f7ba63728aa5b61,0
455,c7900cea0becae177276f0a49ae8b9013b11bbd304916289c53a22cb948982bb,0
456,870d681f518fcc108812486a892accdd8a5a8cb78d5b80322a68857c9468241e,0
457,aecd5bcdc618dc31740b61c91ae829106048ed9c2275667d3de10f22fea05368,0
458,211f10cc9c75ba1398332a87ee24b6e0837023fb404b20430574fc7649a2e62a,0
459,d946547aa5409358ac53405b808326ca8b5aa3ecad7d9a05d4fbf4163960c397,0
460,ca0f337d022bfdd50b39d3dadf79b7ef701d9ae837daaaa39f75a363d1e38731,0
461,f52045c035156ecb941ceba0fac4bf32923d38b9dadece00cc77353e6f4517a5,0
462,c492dc18a5f545775c8d36c0c2d91fb789f597ef3cac8fdd5e67320690a959cf,0
463,03e84010607ab976916d0e3f3ba5935132b655bb09fba30b81b6375531f5cecf,0
464,e9293cb9eac700454573f72d5bc2bbe0251aaa568d6308233100cee3d53b534b,0
465,7837495d56ca3bda8bd07bcc3f6c82fcae0fe8350164bcc6f052df024dde3f64,0
466,ee11743e38706bc3faae2ef4e9df2709da72712b58689c272d3c60fccf7c7222,0
467,e7d2992bda04429a2b2c7c5eb9094531a2c621f92dd55c3e65bf0b5c0b24ffeb,0
468,ec7dce46f8e864f4cf03b05036da96b2ad71aee26b1aa50f1600b86171a464c6,0
469,9ec47d9e9e4da722bbcb56b0b62561ade3475321d629b4e2d059cb2bd1ac06eb,0
470,01186ca5d92d0a6110b827dbdadadcc76105a86e63cedea39c8c0c5a218512e9,0
471,70c084251aec10fa0185cd7474c00e20f8d7c759881876aec7460962dcc43898,0
472,5d9e712d16a06841c4a0849a32d752297cfbe768ccfdc4610f6f07ef9d87a05b,0
473,e96c30e1617ef3e3a47bd8e980bd0a930487fc0d0f78d2231a66c09d04af5294,0
474,c70a92bdf32eea6e58a2e190faa60b6caf4d6b1e0b261dde5243ac7e05fa7e43,0
475,943fb11bddcf490c67fc8bc924257e0e06996f23ca9264e7167c239f9aaa8183,0
476,354cdb6b3d514d58cf29728bdd0577d0e022e00391c4a8fded9682d25f3c0425,0
477,225ab3d1db14b17758fda5bf165fc5fd52b3698e21eb69a94bf39ee69bb69522,0
478,47230d1b94bbe5d6c8cdd028f96599795d9e225814a5700dc0e7960690e0e24f,0
479,75bdee1d7855975c3aadbc89f6090cf18c074c050f3c7215df106d2c2ea7d551,0
480,d4eccc404f62b1a3a6287b4ee9a8a10e800eed3c1c482339e9ce16947be24cb1,0
481,8428a0316761fea14003cc705a3af775436144f6fe8bad847d4e3a31bded8439,0
482,4cf94c14d8ba1f77bf34e4572ee52c315631fa9e36bf5786a1f2cf9d19a444dd,0
483,988003da883df38aa73b63cbd1d98cf5330ddeb4bda283b8f76049a4a8dbcbc5,0
484,d823934e6a87311dac42407a0dd2cdf1669ef7272ef386f0c4a77673decf0447,0
485,de320734940f2247593e4fb491953c4de4fa24b7dd3da9995743dc591d52127e,0
486,6a79e401d29adb1b529a4a0af1a55bf953498ae5253970a814331ec44e2f3353,0
487,3f0cf3b51fe31f91977dbece49d21a22101f13fb050b14b9f5751205fbf8ea7d,0
488,4ebcbe32be1266b1cfc856b26bceff294ef71f2af84dc689b6c20a26203ab3c7,0
489,eee213dedf43dce7373041c9c719ad6d80420fc10ec0e79dafa92a2b63fbe630,0
490,ac0d8c1c6f459b2f23663138b2730bc7e02bf2193596f05dc9ff29f9866cb68f,0
491,2d88d76c5df4acfc5ea64d3aa3da4db6ca55869bd4bccabd522d92b80e7f10f0,0
492,62597b7f6114fcec2a8c5c604c5b08efb06aad066a7b5d63441e200785968abd,0
493,20879d4853fe35a45af8b96d9aefdff82871ff73eccf222a88e043bb56c88a41,0
494,0ad435c3c081d682b0360bc1f14ecd76c3ef7d97f6179858c7ea020776618bda,0
495,4af75650fc40c1ee5e0c001845104e5d0e8599553fac73457f6f5c7f81242071,0
496,4d8a85fd477c6490f52b3d20018067c5e489a45fb84cf74f5543ab74a13c65e8,0
497,151b17aa6e0e5c947e3d211ac40fdd58a019656da6078730ca99051c743fe119,0
498,565c3105f163995b3132100b6e1c3f456447f9d2550e1e62f2faec56ecfbcc7e,0
499,f3a8802bf49b920adcb2f6ce0cc588bdf2ee4d8f754589b8b48b5087cf3463de,0
500,4d32b053ef171b88b90c9b34a399a8451790903269fc548bcf30a909e96564a7,0
501,545dc4cbc29334b0192c20d4d366e66c49386782b06d44b992f4dbac96696066,0
502,ae041edaaa126dca200add11dd36febb18ccfdf6cb6bec9300207bc3fe66462e,0
503,6a52ab214bdd46f811d92e0cd15958517c3def103d0da9de35cf5f097f3c579e,0
504,b1a914a3d4ac73319eaa18dbfc4fb4e1361bf0e69f809c46f3879119eb162c04,0
505,03d55c0fc7da50c54d5361cb4230e2be1924dbcef495750059cccda05c53896a,0
506,6b4fc9aaecf2fa056c86d4f3336c702a6f6823bd521616403ba613a1833bc4c1,0
507,533cdeeadc8d9290d0e42862aabba22b8ada5920242aaf08daa0ec7646d7e0fe,0
508,9c2428255de638384da33a150562a530d24941397af701daf4f613da9bd658b9,0
509,b932d86fcf1c21cc7b78ec6118010e4cf5ac1a993cff369cf358c70854b3531b,0
510,8a6941ceb4d7462c59fe5ba1c7a18b0d169db17f99b4aed8daf8595fb2d61598,0
511,7b4f8f9c3e6fab2c2634018af05bb8a59a9116aa0e507febbf8cd1b471474464,0
512,b6f8e15825497d93fae9a4da41d9075d2a80111a7a6acd608cece2a4307b66e8,0
513,fc04d2c7ede970b432005b2db7c0ec80042bb312c3a4c71c4a885b439cfc83a3,0
514,c0f39e16e88bfded639363565579f111b0de3bcc6cad121f68518b0bf64dc61b,0
515,f898de3e80aa50e2fdb652e033ffd9c9ca9429fbae1805c86c14baa5b2d34a90,0
516,ce1bbb8be25eced4fb7f017bacaa6424d5960ddf9b720c22006175c0f444bd89,0
517,17e449e594971bcd0a14610ce59c6aaac854c03ebe032018e91b2b94b2515e5a,0
518,ff611393c797ffb9d424709ca5c85ddc389b39e02558bf23c2f5355e5345c868,0
519,0f16795e37849f1d9444ae3d9108b583878bd9dc6f21241c67bfbf8eacebd8cd,0
520,768bd745fc5bd1a41778e4cbc0b3e41d1bfaac81400cfbb68d6e2c80663bbac1,0
521,1177e08e84341dc0b0ad043f10e4841fa70ee44cdce78ad12a11ba829cb2df53,0
522,c12c3b037b3fba21ff3abe609b61dbf05ace323a37c2dc41e0c095475d845407,0
523,c98daae60ea8922d954b1064f3e92464daf961650e961e5af91e818ce2373674,0
524,6ee372e5e0473055435b9394b2daff5584c054f1e3ce0af921bc88a4ff3cff45,0
525,cbb2d978c1ac24cbc190d6a38b19f5a0d62348557018c9a35ff4c89c8384538d,0
526,ef766702432a36f4832bb9e912cb07699be4e1d4ef33e315b537dd085e9278c0,0
527,a721f8d46a9da31060ec50b8ace2a01ddcd8220cb922790ea3c8f10b6dd694cc,1
528,ed273ad538faf94bc17fa3851bdf6b5cd9628d17db8987ba1f346d0b27778654,0
529,83eceed10c879ae72f717758deaf8a309819e632bc0a95f1eb9fd3331ffc9eb9,0
530,a6d47ae3c000af69bd7d12db3eb230051192ec23a26c994412236122ae229285,0
531,edf0985d5c2b156431e57646d7b8c877b10ae3049c4174c6cc60f2b5177facd1,0
532,9dfbe8358cb82a2244541afb155e2fad066ee75d9ec5e2580aba8474f5f05fc8,0
533,d6870ac60bd5bc857f15a5cd871f2d74f2bcf0d1ab4c2555f9096af6c6e41250,0
534,d67d32d1224f4554e71c9201f3bd274078499d09797d03fa6dd46e6826a98e29,0
535,5f105300a05c5ddad194b06b7df2eca68f77b539218e370731325e8f1a91ace1,0
536,e887305f2c1f171886899e596eeaa55a8665c34b72eecacca40d6785f5de82fe,0
537,a19029c3ae010211e6a8ce79f97c718363acf274360b9485b23216b9095925ae,0
538,698454f8af6b44287cd001dad047231bf7fc6bec73d124f9719062a44b505c74,0
539,c34b592e9a19782853df748995a0acd2d09de2588c20d1a4c41cb359d9e6e0b3,0
540,36a51ff60cacdd899a694fc16f8808d9b511886a7ce1e91f14f9f6b197e17fcb,0
541,84f063317860e3961a9b04fbcb3f89de84565c85a09d8e2f94cb91dd248b022d,0
542,1e2c452a8c82b98eaaafe882bf35793564a643bfb269d845619365972d3bded7,0
543,4304eb0e08aef2456225b114d6ea30aefb4f4e2a804cb28b06565c752495cb29,0
544,d2a9283e6f7647125dc9df2f0ae4c6815dd5a3a1dabcea037157a43e583edd80,0
545,aa92061e978ac36d5220b9cf16c5318b0dda3b1b612920db3d129badc84914ca,0
546,4044b03a0aace6f940ce7b24ed25d7a2d391bbd95c57abbba7bb6cef575c9226,0
547,06353504b6b50d96bc8a8ce6121bd33eb4cd86d33d6d051c5cf5324a5fe8f89c,0
548,4544cc91594f540872a0b586b5b0e33bfc024e9da18205928dd46965292709ac,0
549,19f2b527585ead2805437453bc28baa6932be14bdd31446f4bccfcc09534cc7d,0
550,7637523724ea07bbbe348a760e20ca505f07b76b53c905fc9db675dbe25e3009,0
551,3f07aff7f73f55f3bcbb5abd9d2f122ca0815aa0b93dc59229b5ec2f4cd42551,0
552,5e5ee691f6422cf2fe33079151f7d2f9ae83f2800100277153808022753b24ef,0
553,afcd29a6ebdfb09cce47dd90d327ce7644354ab89a82373008ed97588ba7b13a,0
554,e91693d1fcd4b3d3e8c11fd80754e069060cc691c7db53a109f6ccfc12739421,0
555,c9206dc0e8d5daccde3842409ecafdf369095c52d0b82a9c212debc49ac5563d,0
556,96af7c62825091010e59755280bc60c94e2a740e848aaa49c1361044f3bc0a39,0
557,19e96a5016919118d60793aaa1ffa9b5fd5f700903161ce24572816e9ae57953,0
558,122a33a71f017a9e8bd6bb782d8fc8d3d43ec4eeeb9f3e27ea4a19342f5143c8,0
559,856790141e6bb232be8f80e705047fec5ef12ba1b09c4c449a21859ea688f90a,0
560,fb2bd1b1cac5cf510f4f5039e46e6bd90e7071ceb38b96de28cf81dcdeb2af32,0
561,70a443adfd3c25fea8fc310fa8d818898288302a5f125f8d1a2148ed76807f75,0
562,afcbb0d8ab2a862c7e9ea3b9185d933c2a68741b5f32247a67342b694d671c7d,0
563,7813bdbb20460b300f5a5b30065d56d1494fbe58feeb45adce81949ef780575a,0
564,1ba2e587732d7b91b4ac80c0ac96401a02af5fa0d7d5455a0b7ca6246a884182,0
565,fa6292c8e88fb5a2f8ef6b789ed08907c95846a3e4bfc99dcb96d84280b20cbc,0
566,8719dd496dcf91140a97d8e27e76e587993d3f3240ad161547234eb71b323355,0
567,c39c9fc0bec9d06c6594dc54f342e7dcadde71c1f5ff56dbed28eddbf3d8055c,0
568,3988f6c4b06edd2752a5bf94ffeb19d068c764ce0bb617edab8ef4fe3e34d162,0
569,ff52f377e38021debf41cd9bdc4e8ec05862b00126c0ecbff4be704ed96e622f,0
570,12a9a106215ee73c90fabc690006908998e72fea66bd57e22fbfc7b6423a2614,0
571,029ccc3100570b29ecac991f1431f82b15d601e9f16eaf4070baa85fab6405f0,0
572,d036bfa7f9f5c0b091c135584de566ea2156850b6af16f416d59efc1195ff092,0
573,8cf32d29119ac2ae97ce3a464d95d45cd901283fc5bd64020218acfcb4ccf38c,0
574,eed6344015541edf8885c4a35a50e9490ab2562e98651a818f2d0c812c87dbd7,0
575,808bb6344e6048af971852cb63b701023fecb1e3e8d58442fa161368249a6e74,0
576,0b3bc343b29ff8feea0681d07bc1623b69e0d32b3aa8cd5d7d39bf2c71b5c8d4,0
577,d63fa45c77492f46a9d64d43541f7702c32ef6968f59c16982a8a3967068d84d,0
578,62673f3b2aaed8e97b39c963227f868369d3a2f4f85fb80fc8c0e47075867971,0
579,9c0833cf7efbd1f1b7a48f122b577bee999bfdfb1e1eb2579bc43aad22a1411e,0
580,91a1b05aef88c2af6905461754f6526e970caa534a34df852f867f2ed8f281ac,0
581,dbff780d01ad0686ecf7c2ce2e963e3a2809706ed87b7e6dfc41f5c980358858,0
582,8c1003fcff4625be08e4d85d24351687fa7dbc1eb5b859437a8b811d89b9ea46,1
583,0097dcd9e1f4c15eafdd6d0b6f614661e0259ef1eb3c430d6ce52dc00cc25f19,0
584,65e9fc80025d8de82c16ecdbc10d544c474f1df8cbe13cac717346d1cc82e3e8,0
585,61acb6ec9eb3b62b940505ba832a7d3571862a11e0002ecae223ef22b2f68f09,0
586,f7eedae70ca571d357c97c0abee52adf959f1af29851ee37aa2ac317e4dabf9b,0
587,36db58696ad801cbc2a87a392496dfb11cd55ff243051f97421ad13e3c8b8933,0
588,a5bc8a79bb9afd804af9e533ddc1adbb527594226682ca3abba19ff51860f108,0
589,69380032905016e7a239b3d306b070e5e3b3b6e4f1a64530ac1ccc9f8745ba50,0
590,7b59b64e67ed32c3914cd6ecf2def0d9c4823ce406af4f2685ab99052faf4136,0
591,99ad9ea8743d08649a5c80a87b2a13365f45b25b2f567bf859e3b3d3f297f1a5,0
592,33882be5396c22dc339c06c225c0aaa8cb85c7c87fe280698a8abdd007022d44,0
593,ab4e84cdfe31566c4e1e0f9f51a42feb1c74fec8633591c087cdaf0933b7ad84,0
594,298dcb3934bb35d2dce389717291892a5ccbf2d90f9097b7373d16599d892ff7,0
595,ad0f3ed39390a420815ff31bd7edfe4bca8959e86c5239127b13f1ea68b308af,0
596,212aa8b834fb2b1a2910ce1a112ee6d0dbcd498ef92ba30ee078bda2cc97f1d1,0
597,839154ca163c9bc49e661a12980c00e9aee12835ee492de28ed700acd1663648,0
598,0d74eb478d64c925b8535ae404627dc575a52574e19e5b414ddb84179fc6e559,0
599,f99764d95339a81fc789b301edab2daf7560c861ca0f412fac9a2285458c7e44,0
600,4b95a44f848d0295a8b3d5aa6a6597424a10f946d6b6e28525f9d1e8eaf17bfd,0
601,9510beac9c0c3e8c227e0fbb46361b42c6580f3a656dd797e8223a801a78e659,0
602,5cd67af468b14e8c9115a39c612089ce2674e60fe6fefaa07f50ba3b572ed040,0
603,c4892a02dd92a0bfac227872a7573874456bc78f5d58e373da5ee60f4807c910,0
604,0dba661238d4b09568f2be91fb664930b0c105e750d0fbeef8d53b9595c999b2,0
605,89c22f852f3dcb19d42d7b831545fa1418721dcdf46bc8dfd88e621166cae22e,0
606,6aaefdf9d7aad22b1c980c395b423e890997c5bef9bc1e69e97868e44abb484d,0
607,57ae1cddba48b7179dde608101b6cbdf6f55dfc2488394b77d05d0ffaff6b89d,0
608,66d91c16f3255bd4e6023c2c42c5d13f6e25719eed453a898f95c28e214bc3d3,0
609,30e14876eed9f8add8d9ddf94bba9e76fd8a8bb51280079007c51984977beccf,0
610,aae96d6a0b0b46f213c5eb360c9a046c1a99c02fd726d92a5422cefbef017087,0
611,7dd80a0d982938eb3be47bbd3820244c82b3f8e3360fa85ce7707f7a2a73d5af,0
612,f2a426da73881356df4b8cc39b49a7e5844433af35760dfbdaf7c95ff3ad9e9c,0
613,18e169867842001f3648e5bee3e1a834f92c16aa43119f85c605053ea427b80d,0
614,eb722037c37472059140f71cd1206412e69c188a1a5f63eb2d0fcd8dc2875446,0
615,0331824bd19c045a15033aa5c2f44f14c34b4efc0815e3603018b4a8106b368a,0
616,d7702ef12248330d6fd180cf8b486a618ae0fa92dc6c17b7131bc6ccda711018,0
617,c1cd1edd8f24869c78a9ea3af10a74df7c1d712e421a5f775ac78a32d21cb2a3,0
618,7f515d7d8743979e440a53ef151a017b3ada02a4b061763394f919f848725b73,0
619,89259e50d4095b2f988c7d589a5dfba777955a75182f20b590869f5c9bff8503,0
620,39e0fec8f41b98145fc9c9b8562715f60d92b3b899b0fcc2dc4a23bf36afa215,0
621,c2ea0f014b353c15a77892305512742d0446e0f5d7746710465a534801c4483f,0
622,6bdab248aa1ad7b70dee79220e6948c922f376c61b4b443542d35665838c00fa,0
623,1710368c7c5001f61d8f3e5b234214d4b151c929646c0027089ff2ddec67ec3c,0
624,31363644ac283bb19f575081a1cd19355c887da6cf19fde55687e609175d6860,0
625,45c9cf05c1525187ae7e7d1dff6385c5d8ee2e9cad60e2f60329bf2623bb2afc,0
626,337b3c36cbf0a9558e6a03d776d3a1e5ddf2d4ac4cdbf3cbe9b04481431256e1,0
627,426a5087a71c1f65b3fdb656a707530d11003f3a16beee31c095dcec2e269005,0
628,50b91da85be67417696f1dbf28b475a4fccce22222e3d46b201fcacd644282aa,0
629,ca2c9930a800a70850ec31eda2733f0e2ae83df2dadf1ddfa3d506b4be912a92,0
630,fe1dd69fe6b3af7d6e99161e970266dbdb0c686bed349cf808171e1bdd62b2c5,0
631,e577ba0c28c7566e24b6801494622d740a5b739e0602397b8379883ccd3bccb6,0
632,b5f506294630c26c28fdf6fe5c87b5791fce4f5fa07936fc01bb2e9236557246,0
633,ed49091d9f38081a4a4ed3a545727ccce1584d681363e97f2c86f1fdcf2d20dd,0
634,0358eee3f5e9226b2605b10e2311860437078543a05fac0a4999042a64421879,0
635,0c0c20e0b111ce3baa2441ef1ff01020acb4a420dbd0d8155f09439b79994fb1,0
636,5810f987b86891fee72aa948cf12b194bf19b479321d0d7a77e1ca05c0ea296c,0
637,ca5646e6964f9cb5f25c0555009bf3268ea7af3846e93d93c9daf0835ff47897,0
638,f1ad9e3f435c3a778b769604de663151a41bc8a06881abdbb2f87b189940b8ab,0
639,5e925694ea87c80e55316f25443fd55429db04aaeefe4582809e2046610286f8,0
640,aedc4f4e9bc19c2fe435ea169334c4a8599a74be733c8e6e655588626d802282,0
641,ede9fc9618fb4776b84336b486765dc8d0d1d7af414b889d88847507ae149a08,0
642,5ba7fdb224adda3c63e5f3a86d526937a0669c0f9deae99da9843f6534aaff81,0
643,b815d94e2d839b7f67dc151804b278bec8e33833028a0d2c2a1f53d1d3899440,0
644,4be9929a30f35309585e0f6e1aab96459cab570a590b1175a55437abe1d36e34,0
645,38a0920965415798c9fa31becbac03569e5627fe60d74128307e26ce20bee8f8,0
646,b4262add254d539857cb28becfab47c74b43ca1ca725ee98cfef242ed9c41820,0
647,c41a6496119c0fbf3cd3ede1873649dfca2e9a8b9e4a7292248ee8bce46f2392,0
648,1fe2995333071b8b783c3e181b229e8381328b55907bc645303a54e3ab8e71c8,0
649,78fc53f9207eb393c8dc56e64ec159d6bbb024228b4a6ab702cb8f1a98b38a42,0
650,36c52a7880c029d340a898eb76d10f9366b767d82eb300ebcb4aa87dc246af0a,0
651,0995ec068d32f7c6bad63ba6092c20fce51a187e2241c738e29784affb265999,0
652,f68c1e2efa9b0fbcd09ff1126bee227523f1a9ccc38fe64c8277b4b810b9a709,0
653,f80e07ccdbc00ec45435436d5f8e4d866609bd51ccc18b7356886a8239db3485,0
654,a4ba3f5e002c68ee71afbd0fb3af6c55788798b258edf24a86f07d3b59f4d011,0
655,ac6e6a665f14cdddb8622c521cb298e6cb9620abef21614ead1ace6a96856388,0
656,e3e0cca94562f5f6ad79bc4997d77595b2f00cc794587259bbd641d69bf19912,0
657,415e2d16a1447b7c172a97e8b5498763444e334cff9c764260ecea1ed9fbd986,0
658,cda4bf63d567bb3d40cbdacb30db023fc67f6141809b0dba00517ba9d0b09f5c,0
659,42205d6dda6d95b80abbd3c118fdddad50dfbcdbca4ffe5ecbce31a5d977c04e,0
660,62aca80b96affc95ae750e0b999e18363e09e7fae46481bda251cfb5090fdb41,0
661,53caba04c9b0b6c1e54964dc030ca5b9961a56d383d7e0e5f8401b1590e7ef21,0
662,53da2d0a0e82b0e57a95ea470941f20738431cb7172aac1799bf1aa7b2dea019,0
663,a87ddc9d87246514c986019ef641ac298eb91e539f9fd4255e37033d12d1ab9b,0
664,7656649e4d0030955e0de60e379d36917922d53bf056794fb1331f5e91818889,0
665,ef2b212cb30360776004ae48f0bfc4422fb30110edb3652af14e02b898f35421,0
666,8d6923934ee116c0f0ffc963542a6d0adf7498ccc8d4f9f4297f2087b51efb61,0
667,e44245241dea42d6c3c8ee403e27e89ac5d832f93fadcb835b78ac673ecc9ad7,0
668,25182419e3ae524aaae4315d8ec5ef3ff422ace3df2dc2e4f404f8bf175c91e7,0
669,58909eea2f33632e47ebb0ebfc2cf4ed6aef491486a6da44ed2ecd90369c18e8,0
670,17e355aceaa45a13a4c379c4ec4aa7c5b846e9e60451bdf6028a49653648505f,0
671,d9937bd78606e2dfb11137b498c23f57a4e83fbd87170fda13d28a4fd61bfd8f,0
672,d0b397e43d20b9df995e4c92e893a48ce9ccc0e6bbc648ec1408f18db9213f51,0
673,fed639de1c1e8d24470f9fe486ebccd5e85701e2a8fab0366ce422ace280559c,0
674,fb41bdba181cab3167c7373ca2967da516c2b9ed9ab1bcf8837c4afe76fa5363,0
675,c9be98662f33b7778e5de020169799fbbd22fc143b4f86ed74f916635557a81e,0
676,f5397a17e52e5329705bcb3b3e29a5e06578df666418a9a9d8d78ebc4c6e4b46,0
677,e5c8916cac77f38932adb700b567987c768382cfd9b1ed81efeee8f3954f5883,0
678,6aa3b2b2275c245ab34002cb6537dc2a28b30bca4569d4016eda5b7fe445a476,0
679,83a06c21e60643544684af61203c29abacacc150b74858619d9511c2fb72d684,0
680,50eea192a52e8adc79f1cb88f2061584c94416283f960642b69ad55ee4166154,0
681,12c5aa68b8ef406f4abd3c6fa039315f07c8cbfc21b4f56fb96a9ff13a5d0f9c,0
682,2e7ab8e9f24920b038df51277f7bbece7a0252a5053855a464d9be9612e5cefb,0
683,5bf225a3369a0f301fb8b0fb998eb7bacf7e4b2d63a653b9dd84b9bc8515fece,0
684,b8df6c4c5fe94eb6f09516e6c3821753ff5db26acefb4f840d725ac11235a47b,0
685,faf6a83684f7453c8261b7f3b8d9ffd43f13129282e7f7ee2c836832cce2ca98,0
686,70207851647f9dc9f5fd4d10e4aa2fae3eae36764e4ade56abdff17adbcc28d1,0
687,c210e55841c6dfe7575a335d672e9712f221da2f9a1f92d95e70ab6394d14335,0
688,0bfc89e9f0104dec99dfc9ee92d6cbd18a10d7ba7f61c8d5ee23b4c7a61be05b,1
689,3397021165805786d6649cad58585a7b6d882d64f66017ad867e6e9febb84144,0
690,125d83222b6cef4f894cb736448cc1a3f87e61daf83aaf39335e2e12fb7be6df,0
691,af8db2cbb5944a05a5350f15a081748545bcff41351afa8d60d49d7a0d4f6561,0
692,f1135966f7f0ab63dec530ed438b7686c27ed0101f7cb055d856babe028f53a3,0
693,e5b7f9e5e0ec64e8985d3308dfc9f6b14720b958e834275e2c086d5bfc9bc3c1,0
694,62ebcaffb5a3e9f95f778ea2b80aa1e766ad43fd4c93b7e9f9863fa602c403a3,0
695,9e6befe648aa73b25f464d84b3a5bbed2aa1713da98ec3a0993a0489d917a0ed,0
696,89f1f2f7052bc0368fca8bec521a50d30dd36e797af220479ee18f4156366e43,0
697,44ed627964180fd8654e0791c3854fb835c361ce224e0e8c33c91f35e69789d2,0
698,527d92bff24285b2bd2fdba547bb4af0d6044577b4ef3b6bd9f5d9f8d8ba1e47,0
699,ac8d015662379dcf348f0567657edaf80d938860e69babfebc94defd9367086b,0
700,a9fae2373bdf631495c9ad78d9b63006bbf4c65fb15f24c953057e50f7dd9f1c,0
701,a9cadbac5afc249aa37a5dd8ef80f072ddfd920329b26248642cc8712c4ef278,0
702,6fb09ff520bdbdf156beb9c43c5987a0918991467c82610aeffec29e2ca2d622,0
703,01f012a7749e26c65bb49034ff9032bde4c7f029d1ab430eab3146b90c89511e,0
704,82cc7287eee66b5333b5f06e4a0871c48803ee7ae1f755ad201209dc939a267e,0
705,b2c828bc2ac899d975cdc8533e3310ad5dd73abfc20c6e2af93c6bf56f5becbf,0
706,9d202c20f37fff70a39c0e6f51917590990352ead696c28ab12508725dddeebc,0
707,4617e4900aab061a7071326885d79a576faea26dd97697165d3fe699aecf0f64,0
708,96f6805650d106fd6fc8aac779b0240631ecad686ced5116b5eec2d4822dc443,0
709,6a32a6e6526a03b6b64d4c409bf256dee03ef479178d20d0c50db3c887864166,0
710,1c6f23d76a868af2491681be08263e7476a3a1d467980b77766ef67a1a5a290a,0
711,c4d32e37c1642dd4482cbcf6d0ad20c53ead5d46777249dfcff6e00968b3bc36,0
712,7ee9b57b88a07493d0331df359165b75599f002c1e5284e1e847a1441f683162,0
713,3cf35975a4bc6ab1396934891b27744596bb336a85af6631ba78fbf7777a547b,0
714,1e5f9a05f2391f200bcfd36c44f1dce573a0022512df237b0f958cdf527b752b,0
715,b4f62ed7b41b572401071370158298b4b32a0c78c14217c25b07d6e2b4fa8a09,0
716,11c88a9fa733085bb940a7ed94ba0fdec051745372f12acd64ff5f62859bd53f,0
717,393bd477673cf5117e49f183b261f9ab4106b50bf1644d7061f7f2d848c34bf3,0
718,af175e3315834ceb2d0053138a92a6e262115b06984bdd9719859d8341bdf197,0
719,e7c8f00b80f27464ccd87f845292987bef918e34c50b3a8302321fa4b690dd8c,0
720,2d3cbe93d77f27d37d39372a5da6ff5ec1667869aba72cd80f8f3715ee912656,0
721,14b23049826c2de4dff50f7496bd33c3e77e237e765dfd6ee71c16c3f4d09ee7,0
722,09cfef23d865b70699f61f2108785ea5e17b03fa16db21731bddb824dfbcf9fb,0
723,a1b7625499ba7cbe3cac31a64a75fbea5541befe3cab144df22f673f103ba020,0
724,3c64b19160cf60f9b64729bc7e03642c7e439831bb097b650fd50d72e44c249e,0
725,126013fb13f3bf6a80f7a7cd8c593cf8358ce0ba8d3aa4696f91752d6a6ad135,0
726,abbd1b4776afde02851cf6f2bd18fa2a27b45d0fcb44b6a11eb39f331e1174ba,0
727,bd9c57a8057280e9ff7202f9a44bffef755bb7495a10d6cc595ad23e68454b24,0
728,9ebb56076a03575013358783b44252b2310a1cdb7ac381039b4c0c42f98f0f8a,0
729,5da7306c527705c5fc595ddd86f34994a4606369765a6c4b960dd142e46acb28,0
730,0a9e8cd5cd5d0e9809362623de77506d3c8e020d335e871c6938bebdeb3857f2,0
731,783e4cfc6e68118c707fa6e6d1c2530a6043400858f1e02a1112e164d7a7d74b,0
732,5a4e7ecf82738407fbc929729037f95b76e38590bd705a4241192c8b2bbc8f16,0
733,831b7e96bf16375b24e23ba4c8062a1b3160918c0f764fd95b68d46a8e943c48,0
734,4070367ec22bef039232b3c462b78523beca12c6eb0be43b21210897014ef740,0
735,c7844817f4fa7849b36741cf4cb4b757b510c0ef44761fd5e28772c237721ebb,0
736,12f19ec91072c1c064d258867e9bdd5f78f1e49d5afdd41aa0cf447c07a5662d,0
737,bb6506ef8bf86c5655bbc01cc95f0ff54d91eab3b47edd4cb01ab0da5de36e72,0
738,3019d0993f3f23469d38dbdea02f8d247b9e77e2756da0d99bf778aa51ae64f4,0
739,334351b926c5c62798d0e25a437a54563295722b9fe087250c1a7a9758b246e8,0
740,0f49e4b85db92d65fd7a57356c65ed0f1857be72b722d526a79e1b0f0ffb099c,0
741,1f83f850c818d00bd02df8d36b4f152f4a58f6536c1ee9c7626962cb54dc682f,0
742,dceb269798eec57ccd7ed3508bffdf818b0c5b232bbda54e36c4808dff767a14,0
743,78cf2d0d78ba6d881613009e2ea8ce861741a0beb5c67bb1f64fb15bb31e7feb,0
744,1415e024674e3447defbcfcbf61dc6bb0c64502ee27244e7cf635f8e34d0e5d8,0
745,d9b2377003db4f7bf63f0739e66796d7ff48556974f6a2f49064a17e138fe2cc,0
746,27cffa91b6281ce8b7c487963052604addc73f887d1f6163d7b33c29665f61f6,0
747,87883cf774d2cda4b308170d525d4993e2a8c8787b540f632c913db87fe0d547,0
748,770380bd729afc44f74cee82df8add0e7cca40ac31754c68d42b648893a1bc5f,0
749,be27c20b9d0b405bec6dd0883d408fcbf3a8db930d5e60a24b7f480b98beb9f0,0
750,7683d53b3ab69deb79e6ca5fdd2363fc3adb08f1e59130dec8b81bd1512e64ac,0
751,67d07e3e8b4ba322ca0c2249cf086bff460a0f47352aa838c897ec089cb9381d,0
752,cfa13eaaa909fcd71bdb4a5c6b186840ebefcc27070d03acef628448f61c40ab,0
753,bbceb6c7fda09f7ffb938e5f60f11028c2cef4e1f5dd02d0b2ed32b1aadc613d,0
754,ce77b7e0d646102e2bbfd64b3cd42bdf8c6f9f1706dc7d14ce3ea80a72daa55f,0
755,bb5a8eafd6f570aafff6ced0f931b683a08717ad04bdcd0d6b9ec0fa2521294c,0
756,374a17378416e5ecf65e24781565c4971d12aa32cca9b159229f55e85dd9fc78,0
757,0051933bfe37dd865625121f8ef8e94270f352c7ec3c4669925ab68d66317357,0
758,0d0ea89e3f459bc6b061d49b48365d4bd454c7fa10545cf7d85c0c14be77dad9,0
759,3f5b193548e320f8ad771e2a70bf5b4b11fdd49bea124ca7644b2aed67a094a6,0
760,92ee02520f0dfc7892452c64bed4ae47f8cece82d51e3612dae92be9615637bd,0
761,0e1582ced8b68d42f2e5d5b76f914d7b66a9d500974e0989da8aa5d6045b8b46,0
762,fd6ca25aba200b2139844d56106d0e447a147068486ea63d403dc73ddcf90760,0
763,0acf1d49da38df6adce28c7bd5710857a341c5e9be505e22785d726d415d0a8e,0
764,e81cbeab2bc56501aa31f9037323ec304a9ec1550cb7a8250245eab105d12a3a,1
765,75f93a21b04740a1bcf21df1dd505500251fd9ee9a46e60f6aaca8f7b7886639,0
766,040c0f37c611b452985de7b684ad33d3a984d28aa6ea4c4b138915646bb7b16a,0
767,f00effb211655d0f79e975de89d87216467b87edf71ba52d8ad44862424bb656,0
768,b7372e53858c343a1cb00103be2536e98e5612d2cc88400aa8491505b6676482,0
769,beab575fdf76155609a222c0c43d98504e275a599b63f5d42badf240258993e2,0
770,e430b271214029cff3e68871c31e7e3591b745040dbacdfc0fdfb63ff96fc758,0
771,cabcf4ec254b8517efa8bb05561c7d1939951197bf75a7d655d5aa789826a4dd,0
772,9d66d24692570c78ac48a5348f46d9a19b86ff9bacf1b720c8065527bb1a8bb3,0
773,a5640467c018cfcb94a26c02d5218dee41f147362c0b770a0b49b284b8255945,0
774,cb3eff5ac8a8ce5a49b8794defdc75682923be3dc95efc35d471e9fb8ba51e2f,0
775,676dc21af1c265fbeff602d523eb008a0a3961c1dd5bdb2f47cce96bb09b1241,0
776,15e92cba49c0991b220fbda53bf3d27f5ff18020d7db16ade499725f030818bd,0
777,929a98947b6303dbf94476657c17487c74cf1771e02e8eb6dfb9a8c396b2e050,0
778,cce501d1b2e4e08557b2997974e0fd186d571f6eb965d048b22a067ba8f35ad4,0
779,0baba03f664a8c6d1e9e19a0d2fde7a7e89178c80717e7c0d128d091f6937ca5,1
780,dc5f32e3db6aab68b1da48d71e4aa83e697293852b891cec494bf8190b5fe06b,0
781,d971bfc5a99170f2bef43746039957fe981df5fd77cfd90191168a43b2b3ff43,0
782,8598d5d65b3992243072853ea3e3f82b2b5c6802254a56fb0acd3c656f27feca,1
783,d0ae24334ffa31a79d9131948c48ad2b2f99d009a5243b338aa356271892993c,1
784,d851017add9b1575720e5e32f3e30f9eac7836aafdab44851881dffb9a431e41,0
785,eebd5d7288fba908f960d9847bc8ff454204f4a653ed908bab3fd313759bac00,0
786,85dc07dd05ed98596b11fc3db7ffe848f3d923c6da0f5a5b13c2bdf1f461f102,0
787,b5ed4cf13f50f2101be507492abbf5553e6327b24805a5e82a4852239013d8d5,0
788,bd0b4e228789b8597567c234769872963dee5eecf8245684397a828fc96ac671,0
789,3f1fbc38572a5530f6457d086f71d6c69b4cd9873d8f03c684537417712c4683,1
790,962268261b8fb0c255b5ef9cf8898a5016efb8ec5debf61a1e6cbd6ebce2ef83,0
791,bd78e8744afb9bba093af081c1ce588746240a19c9190868f8fff4dd49a62913,0
792,3badc8e646cb67ff8d180de511e96d394985d0f2eb97e68fc85f7e407fc7438b,1
793,ce82df29d5b558e58500d2079aefc44acac0d1916c30a35ce57f3061daf66e37,0
794,7b8de3a34020eccf8dc5db9910c88fcd777f08118cc7f30f3d45c302877fa2bb,0
795,de8ec174c5c1846d5a25df79ca12e3205cda927ffe659d1388c23ca24940204b,0
796,fff5dbdab0b4870997948d8b551791b773b97f5d5a9a6a529beafcfc05991239,0
797,33da141cb3b4e134f8034ded848a9fdf2449e45374b0fc344f0db7cc342346e4,0
798,7e8af1ab5ef9299fbef47798af5974be4ca798f59768e8e5c4d21ece4ce557a0,0
799,2f40174cf2974d5c4d0b075f60cb18a42a58e72c70c043cc144da750e57b5bf0,0
800,379875f040ada0f6539d886cb3cf67a1abf7af7d02347d16ed23e4766b3180d3,1
801,745c6616f99aacf31b87441ba107f4e76b88ee86bb6c232e4556b7b52b1414a4,0
802,4bbcb93b8d753add0d76d7cc61fccb3e03501337de09d0e5b8dc7a1ef4ff4b32,0
803,7e299a89600e9aeff939db363c765b77d61aebecc1e15a0ecdd1cb0b4d21ddbb,0
804,b7b6d86bb35f0a8d3d5ef017134567eaca597efbc34540200e1992fff5699a8a,0
805,098a654a9a49f65ec8807b43a44aa3141758c287737f127ba08ec16b1906314b,0
806,f8a7ed8cc8c72a9983be1662890d93936528610e37996ac442c7d147a79f2d2b,0
807,8e2ff87b6bda124194a7e4c66cf6b5ad547c84af1d804e67d9c07c78f1c4e808,0
808,3a2cfdc49a076f398e363ceb5cda48785742be545c792ef8c1a989ebba60ea5e,0
809,365877c7d9fd4e0c184bc2508f2ede06798a9156f56e4420384e5d73b44508ff,0
810,c65ced7329721ea7f28385d9470c8c39662df94a91b9f879fa4f59ae559ab908,0
811,b076c8e0f2f3b1041ae724a1258f243f949840be047fad41207b27f2dab2d887,0
812,75fa346dcb4195857701a41d1210997eb5a4f9b249f40209908585d61cc99180,0
813,68e1eb0fcba7682e22770d4bbec34da6dd2d334de720257729150e51bfc35f52,0
814,bbcf4f82bcec653c564dbf588861ee98529a19e8ed993b1faa64dc4b5f2d9885,0
815,fe36cdf2e7b94434cf9ca0a118e41f75b2cf98d3353d6220e06edb06c8154dc9,0
816,ec31758f2e7acad1546a3df15bee79fa2c3f56f276a50fd3e8e0cb5ed3485406,0
817,cd419af4f38e48c712c858467e577343f0c56516543130575002cedc310fc302,1
818,afc4d2155fb14f2693984f64a49e3988d1f3276888e722a610b7d8480b834b6d,0
819,2509f198b42964eb18083072e59fbb8f471a3875a43da17babc8037652ed3954,0
820,13a54e2c6b7b9a1e4f246e631281a80e1ed714ad3985772f220705cc74f89ff3,0
821,1dfbca10053eed9e09d02cac249dd4adb24b2d405c38549f9cfb36d28088c7a1,0
822,d3b3ebd91ff26211c8414d851dc354669d89cfcc4b6b6b1b6d96239e0e65e02c,0
823,3205db9429cfd3c8f4a7785c911f2e950fb5ac7c60620d5271dc550d79f037c7,0
824,7e0afb8e500a049da6606d00185117622600ab89b9cddb541ef77a2ae1f639bf,0
825,e8335833356bfe69a5a7a2a2d85b0a41683014f67cc6ae135a171985c8a2f0d0,0
826,b582e3dcaa6c1323f064174b66c2983f42da293239df5c33f7f053b68b16bace,0
827,013f7ba0e11ba2e3571e7757650efcb6c6d4379490d8f8734321d5bd705feb88,0
828,db7a564dd1018e022179bd22ca223a6e8cd299fed2df08edcc40b4bcab028577,0
829,16363cf787b2198f83da516a2545c0880ac0cc8579476accd9863923adcfccd8,0
830,74433c7dca46dcfb136c525d7f10af84b3b93309c7d7124d65311b5e830ef0c0,0
831,d8d3aee658cc85d6d035dc611a9ec8598945264ab25cc2f5e5e537d0cd054c72,0
832,1accf5f965fca00f037f5151bef6e0c6cc979f8bafa3bf7cd37571b1f94d5455,0
833,31fedf9de28f24b17f11323da6ffa9d591c3c656dfebf5b80e3923d52b474739,0
834,f9915c6db878e719582def451158a65cca5f65d4f378621ff5dced77ff51421a,0
835,dbf335934600d573658b3df2fec3d0f23f4477a376b62b7bd5e49b080838ef2d,0
836,8c2aca9730b20dbdce745cab663473b5700a2ddb469728cae92d99c587396ad0,0
837,df70697b7a50721b215039e9db4d9f43b1db493dc0af59c172c88e7a3510fbbc,0
838,618f7527c5799fb6f72d219047b7e4e2ee8eeac1a2dd3c20ac0c9503d5882339,0
839,1efd0557a396a2b4a3aacbdfe51c7ffed100faaa49d4b3c263e94a389d28fad7,0
840,ba9df98d8e5be82d896d47d7d455d49e4c39679841cf784f3858bed0ddabb8f9,0
841,a98d973c498f4d5a2efccea347c54410f7166ffa825bd9ab38deafb19c03e901,0
842,489aa1f95406f8801020adff17d8c99443cd5dfe79ad6bf4462a4c1be92aea30,0
843,183e6091332a15bd068540ce9954b067eaa432993efbcfc8f5b6d417d7cda498,0
844,4569f98ae82a8bcbfa13964f0aa8a9da9936e651ea55ee21c397ce700416ec9a,0
845,2a59f2ad4d867f913af224dd96ed4b543374f72c5b3e1a4153a2072c7faa582d,0
846,a62170c9c2df139c6d245db899d15ca9324c3e543969d02311d4ada0b35e1822,0
847,a9a0dc63eaa61748e95576014227575d79a89a94252222eda26797b08a98414d,0
848,23544748cf4517e67f81c26df9af718aacaecbec01ba24cfd8886d75e1bd38db,0
849,29c3fa54b2bb33bf273200106240efe25a39aea8bd51d18e5a90db0bf16ace52,0
850,f10c44f6a833983c5f20d48ef3abd50a84664de3c2c13cbd78de9cce46dd14b8,0
851,481e19dbe141d02e47e694bd5e232c652e1404471b617d9027520421f3b34edb,0
852,a732efe4e75efb8d36b9ab8a2b24805b8f17321d39ded37a4d887bc9929b4ae7,0
853,585634215504d001af0a40409904342f704201c37563e313c563dced6e93da7b,0
854,c9d834cd70ad754772fff7d976a8c2faafaf1cccc1cb0fbcd6c5768212eb08bd,0
855,86f4278b916713abb6890e13534b8e89396ea75a352ad866abf9075044aa43a6,0
856,3f701bea8bc74e1353a7caef33ba1ff21d9beb0ae95755a8bdd517f84b2fa010,0
857,4e09214b292a3de425de18c7fb640c90453c7e521e1e1dedf129e17f1d70a379,0
858,94a4ce26b2bc919e242e0fcd3b8b0d3e1026da24502d6bec37c9e5abc85354a6,0
859,a83d728c909c47e1e3a9fe213967360db7d289c15935b9234953d72aafcce09a,0
860,203d63bf8482cdd92a0add64682c82622813ebe6a57b07b1a821523783aad4d1,0
861,f2eec6795f506c52fb012c718a61c7a487a790132cef92db5888b88d16b2f6e3,1
862,ed8bcc5febb70fab92ac52053ed4ab2bd7d6c850cd35ebd491eb1a71bab4e753,0
863,d6897da1b09a1b158ce501e68561ee7f4a8b0702d4ab3b1409a05396a724e877,0
864,941094b97526f1ff448838c765e9a70a0dfba4bf584bfd801cd8d03d9847e029,0
865,b1d2445285c98ed82e72831f79c39b5879a497c02f16ef0180a653fbeb29cb8c,0
866,a8ba0912e1b803c2475e476973f9888cdd24910dccb378e7a64f2b2c211c06d4,0
867,1af0d79e071ef270f7b4248d898f811cfbd3b36a03de9fa24f9a71ca09d4bd55,0
868,b1617160eb58c2396f29dec795488324b206ee4ed659ae98757e991422983e25,0
869,35943f62078e63ea315b7a0675f309a6a26ad6972e22c76b8e2b8675a93fd441,0
870,80adb63b51407fe6ef1970411d9b4eab0bea10f84f2243bcf51c0d19876b7802,0
871,f6a1761772b535e56c14b74f6896e2d414bdd52d65d423012e0991f10d768eb5,0
872,3b814318331e56c5a919067e65c105e56bcacdb9d414c6ca10082db92db32d66,0
873,58c0a22eccb1a5d3193c4e23b4e0909956c705f690837e49484bcb0da26f3b30,0
874,191af435d064f48eaa78a37dca7301adf5e623403b1a7df8d00313da0e9c0f85,0
875,bcb89c983af6d63305266e2d1e5f2a2b196aa7819f91877c1984b17ae2adeddf,0
876,03fcb9496d083e277f2e42826008782077a91cc4c7009217904c89ac88624077,0
877,822d4069aa1b6225699d3c29624ae428d908576eb89c25c2f053071770ebb288,0
878,130f31f27d83bda01d8ecbf3e56ff3b43474e34d8c0034ddc095f6f34b5ef634,0
879,8e092af70cece7ce51c3156e5d9751bce58bf3bbe65fe033a93ef65d0dadd21a,0
880,58893f6d5a550e9001ebc61896cf211753c4c78a3ecf0261ffdfd64ad32e2d84,0
881,8617660b0593b9d0e21dda30436844426d9a699f2777edd75c4ba9ef431ed34a,0
882,220cff7da57e9ed33aa9f6900321b42580fddfc3cc9b676e7631e9ec0621fee6,0
883,c2e1b834d80825b9f49d66169a9086197ddd9f1a9f3c371dbf1f37004fa5f489,0
884,88f815ed4b4085f03fee3ddf92f265473b961507048407bef2fb00cd498cce5b,0
885,6fed59dc3a1b489bd47f70c8a344b98f1c79c63400b52f6286ca17b09c5b4dda,0
886,7d11ae7b14e9090f419fcb05b1dc1d9cf4c16f83e8ab668b2976e82be4354d8e,0
887,7945d3c2643e24de501cabb3a341d9b35712d4c0a5517ad7b5d4e2b464e06dae,0
888,6e3b37efb74d149a85faeeffe7c81d2cd5f3cc1a1ee8351597b0463fba48eb59,0
889,24343ce5e67a7d01ea6df2e3a678a84eebf1d1bde54573c9ab3cb1a3f79aed77,0
890,5fbcdab56b878e0955a0a917d407b2079e8a7d1345ac6cc1b4bee9b4f8481929,0
891,9c25ea0a06d16c35612fdb1351ee524244fd84a2594de708363548c3f9cdf2d0,0
892,466c636816174169707134d14e298e17c8eab4854af1cc71e873b56d8cff4067,0
893,86043b5e5bf76de81351b89ec0255ac416d3014bf12c51c7e17bab3a3cec2dd4,0
894,78df1bd004162cada377fca248c2542eb63410ac813811339c338c4316a6c08a,0
895,3b80a2875f7f8188f226491d429d376b8e67f15aabc69383bee31e8446ddb4b3,0
896,c2838a060848673a045fff50a122280b76d2b0e88512e5f07fca51529f0fde23,0
897,35b3b4fe3eecadf888183c03c196d9e2b164ad07e69da8f0d787b0fc9233ad80,0
898,c6fd3696e6ccc6b1dde72f37a9812caab69c99e6575e457ba435c7ffbe632769,0
899,984b455bc1c5a6b1c7f72318cf8370fa793a4027c5c19c7fbc2a8f1ba8252b2d,1
900,b49c0a5a6d168354e04be40bfa811fc6a9d95310b5bcfe754887a6316d7df5c0,0
901,75cafbdecced0b7f7d75689057912639598a77f700ec305036e466908248e4c1,0
902,3eb9bcfef075141e34b78b8ff6d05ac00c50218cc6e3cb0a93c3c92076f12811,0
903,26c9fc87c3536616cd71fc6fa45d93c2741619ca1e0ef39740cc20c155b71b10,0
904,e3d2eab927613b2270121a3388794882ac36b9cc60e6eadad3225909124f493f,0
905,902feb0cc8067aafb1224f4f0d9fe0d9769478a05ce8806476996b6ecdb2a96b,0
906,dfa8e7706e8823d3371dfa342868e048c136b79b58fa7107c7154ffd2014d08f,0
907,e72ff0cead3919a9b4325986b801d52f820c0fc19bdb13c7bf72d9e038b146e7,0
908,ac47e5a0d8a34866764ebd694455ccc8eeb80f32ab9e7eacf0e70d59fba1e6f2,0
909,277020e5419f4d03034a9492a9a2ddbb8ce3ddd8ecb5628b6e1433fd80bb7c14,0
910,6955ff0472f098ee657ac21550d49af13009b04f547a7ce372c71cb0ded11ed0,0
911,a65ef5719a36bf2cb0a8fdde11f6a50e62d96f7b58eb026fa31d905472ec9dd4,0
912,c0a32e9f7cdb6ebe9bbe373888c2d7a5af8fff87e52478eebc22fabf745101a0,0
913,69c73ced35e15da830ff611c4d814581b7a586320ee5cbee90d0288abeacac89,0
914,1e2c15ebe98dfa41d3761c0e713a48bb4f0989ada93a152c486f2ffe8343c395,0
915,89e6a3f8bf244ef4e8eb33170511ff1d18a9b4648a0518371abefb64828eb56a,0
916,0cf9947227490953a1a20e9c633ccc35eed43210dde1bbc86194660afbd6cc2d,0
917,c73b13cc9568640cfb492281713c9a96cf72d38493e1137f7585671a8d7de88c,0
918,f6820c46913942bd0c5e07f2ee91297ee04a3a80b7b57f9dd18f7bd9774ac232,0
919,349e50773e16c104665714c5361f74298df18fca46a5784161ccf8c8b5bcc5d1,0
920,65364a395f7a154382c212a7420af95297a393e2fd70333b863de12930940d8b,0
921,7144a9589a18d3403ba641cc5100d750332d24c2b11af3d140dd0e24ed06c4c7,0
922,3ab5cff282b4f52239cfe77bdb72641e83431f5b2bf83dafcda5f777ba4c1b73,0
923,6c6730c20fc6f836ad3640873606ae01c751933a489461c9cb9e04d9682f3599,0
924,08da082fddf6d0eee2d6ecae48413d67141c561fb8717cb77ad9d2c75d3dcf64,0
925,dff9e9c81fb244f5bc09a050b957b5dd05c372f65bd23f1fa2abbefbea5e7b34,0
926,4296ce8dbf8ae8d5befd3119e6079e712253386ef52d757010720e34a4ec08e4,0
927,42e82fe29f3457e268792c9d9304e2c6f6573167808ce6e21d96a4163b2c0c53,0
928,e663afd6aae163992988a8d9d3720468e96f68b9ebeb949d3d72381c5c2a7254,0
929,54f3d2647c54cfd46c9468b23c809d95b2ab64fe697be9ffdd12235a0a7a0a0f,0
930,8bf56d79f0af05e55d4a85cbd67a73350a9f1ea502d0b371a3a8e3d26d506dc6,0
931,5fde41200f038bfe8a318d0e800864c041501a97569037765a9c48867cbb7241,0
932,9e10ebf35fc92abb5253ccd48f053bc2053b7c9486d509bc7f8c757ba395224d,0
933,58b58c6285f4c504a571db936fae29f5e17f3745206ea3c9c7c6a7e6597f03f4,0
934,0951d86ed498bd354bdc457ba2f5b01e1bb042b1be28218cab17678623b7f66a,0
935,74aef6036e94e05d84d57702aa9d0c0c818275b3ea0274101f4f08c5dbc8f649,0
936,d7e7a98287e4a883444a15f881d1ce7e176cfde3546e745161eb0bf14dd1f151,0
937,4c1f26cc4f2948ce2ac29f7d5b6e1cd951a773397a00f94a93f91f7c38373d86,0
938,24a15ac52e8fd1991948394dac4d2c18c9700e59ecc0b626f6e9fcc7fff59585,0
939,b207faee00972ba9348406713b5b62e37503435b6544b24a87caf559af0c100a,0
940,4fbd11ea654e29d6945cc4910e929b0a3e191355341c69aa8679e0e74608969b,0
941,e721f4810ac8e0a31c52a1f2ca304e0f9964205286d177105dcae29adc1e3b4a,0
942,f5e7ff0a5cbca94c30806c2152cc7d9c1d677f1278bb95980cb4bc89ada43269,0
943,43aaee96d2c19374bba1373d9521111e3cccb8915b36656f3683d95795d3ec6c,0
944,64a6d39870b2aa5ef7919ddb19d75575dd1cc62b5f3eede9dc516adc188cfbb1,0
945,267ca4b7a29271b5bfd98636bfb199a82bcd532db9ecfbde4b7e791e2c0067a4,0
946,e7b77c45f72439861b15b7af05cc4f8f433201246041aabb5b4f1dfdca73b2fc,0
947,ba8dbd9408fa75857fefaa8aed7d85a42315946d3608819d2e6c6fe6eaf19060,0
948,cafdc940c68ffbbb08d4fa4e33ca42c3b8564fd4a3e3fb2e5c187a8f02e291c2,0
949,8a344ab8208db658eaa358dca6c9d44f35660c5fc112c25f6639b1831b9683e7,0
950,75f4798482c162885566459dc3e213c64377ea528bb98e44f018f8855ae616f8,0
951,4e9055eb947d3240a0714b875d214ac11a9918b915c53799d5410cb3c02ea52e,0
952,1fa8d43260cff2810fe27aefe3c743ba9e55e669707eed0f80d78f3d22ce45d5,0
953,893b4393b18e11c850d7a6cedf1dc4fcfd5b0ab1444f758ad41dc39358caa23a,0
954,0364e5587a1f37a75ac3fd588dfc91eeb6c28060e11c77c14f63adf5d2f6d549,0
955,30b60ccc19ed7cd4e843d9c0118d6fa7768dbb194081d7cd1f35e36f07d1b88d,0
956,81a9e265cfe368217c27e030272bc07b3cb1eb0c2f02f519b6b0bc1425060d10,0
957,cb837846d63fd2f6039233190adfad81fc3918532d66813dc763767f6c2f986b,0
958,8feaea78de35cdaa16ae5304a8e9f46d4bbfa13b9b540ca3517e3376e5ed30cd,0
959,4fcabac4da8179038b3e841e7e95ddab411410c3c23ba9c942b8d09cbc0223a7,0
960,2157538fdaade45651e9cc71a2f920f5487442737c9510983dd782cb1139ac65,0
961,f1d92244f6294b953685a8935ecc6039a8ed1a69d38874a1d9a8941b4182448d,0
962,5ac97f1cc6b13cc30ad705341d55b2b4fc6d32bd2e55afd8270dff97512c442b,0
963,345f501569474418288f86432db6040416184744efb437b6142da1d8c601b7ee,1
964,14ed1e3d40ee3b32922765596f22b0d2518bac9f28b1b5d059b1c201ca656238,0
965,f6705fd825ff2aeb51a515f0564c34a2172de0d31fee3add2b8bb1aaa02edaf9,0
966,bb77b2fccbe22d53d044fc68412c9ec52dde413dfef02bdcddba669e298e15f9,0
967,ff211fc148a42d8d4a0d6b82f0cd5397cbe6234382f3502801e87d860ebaf0b3,0
968,3460ea62a6bad0c8da9c5f62e53566f0e98dd5cb3b8b27e688bd6bc53b0af760,0
969,11e935e88d6bd99f5642cfa0666feabd14a7942874346c41b053184881c8640a,0
970,72d71379c97b20532c873a4413dcefc073c530d66dd6a241f2d307985b828d3d,0
971,a2f0e93e68433d4f4e0e338f9c615ecb21adee0cd31a53dd0ec8995789cfd2f1,0
972,d5f8395976e9bf78edb3e7b15e8db48de59a3fc3431ef599584fd74bb3360e79,0
973,10f8e3c838a2794743f01434bab6e2b42cf5017a7f3de47a915a00fffed415a4,0
974,50fd0f92434782675759fb4fb7378dce86ce0e78fff5cd0abc6757c818288098,0
975,d0f977992bcf0bca8e33ecf7f2619b31940c45e03b6b37f93b3ff4ef46437fc9,0
976,be69da4df97a23ee7edc0d5b6ef59ae983b6cc1d19802b29de6c9ac227962cfb,0
977,9d5485637815eb6e8c3bc9d03bc78054a29c526e0dd49596969d9066c3edc930,0
978,5ee9febbcd39d2e09a96b32bf3d4fa5085b8b439fcf4d64c2f027a82d4e63380,0
979,55581e78b71afb4e34d6f7cc9673d257d9137e1bed8c80274e4c9ec970a0069b,0
980,0d377d52166dadbba604bf5ef798c40b3fc2da0f0ab029fa463e7c0c04703297,0
981,e13efdafd44b7f8f6363266395c577e315046bd017e24b5b852d242fbc086779,0
982,790032f4837bf7ccd98966b5d813adecd87742f551ea8eab3a05df7a63b2b6b7,0
983,9555ae4640d209867c57f773fb8b2c833a44c6ce37a0ae94b7adebe3590d6bf7,0
984,c181b20dd7711276731a4bc273b07d668fade5912dcac866fd1e8f78819ee5bb,0
985,2c97d75ca569710e7241e4f2d7b14e2df2989ab0bc3f0bd80c5ce11c4d6bc137,0
986,30e0277a1ff82fcc1da7abf0fd7d2d953be3270df517d28f2d74a9b4ac4eb4b1,0
987,b574dbfbbff3202c55ab9147acb9cecec8e3c4765e6a782bd5c7088f25dea524,0
988,47b56470f19850175d57fa9a359d766c9a099785f62abe2ab95387f5f56ffb59,0
989,655e3b34912a52661e96e9e4dd34a6bbb46a82e76ea051af7b1ca55d97d3aa7d,0
990,352fd01d23747ce282ce8d479cc552a477d6cd28282e9967e91a0c16b813aaca,0
991,bcc5cfab6c0d8c43fdbc035b3267ff5f182c91c2bf6d7bd21d46c01ca33d0738,0
992,f36804a84f5ff1b0a9dfa1c79a1d4f9dc6e4a4151d290f342b1e5fbde3aeca3e,0
993,32f7d1a41dc2b066a1380780af775955517e270792d6f39266b188a28b29414c,0
994,85238ea8386e382698344a685968ce96f26fa5b31eb6c84646605eb3e09bd076,0
995,415ad4c47ec5caa2f94883cbc798f75c5829861296fd7c9ed970af98b5667d82,0
996,e9491d423f3b39434eed3f45466990f537c6fa8801c748c64c4783e0afd1b9ab,0
997,3e1882c2be0ca5d6260864194b3ce1596600cf1ca2d07866b1ecaf61dc5dc138,0
998,770ff6393581949f970ef1e3bb976a01d22a2d9a406a0fb1523117449c68011c,0
999,9b75a5ac533719e9c07944661f532ede82ef09ef52a3795289a93bdbe21ac87e,0
1000,8d264414f45d07e41b3354406202593a73bf2430c4bc7af1b1b03795323c12b9,0
1001,42acc866e8b621579ed299877e7c11aea7e9ec6368500595fa569c2a253dfc0d,0
1002,2ce7bb2c24c03ec4444dd5c1ccd7933506831590f88f528df77ad71461302560,0
1003,5b2f938bb5b69d0a33a47d37fea7958b24b7cbd866338b641ff16b80d7a3c092,0
1004,ed02b818255a3b4a82cb2a7b10f5fbb52bcdff94968fff77d2b2f264d44a0cd0,0
1005,accbac950ff2ab0937c31732b396660f5852eccfe009891d3bbb701459ddcec6,0
1006,779b0dd70acfba16ec9f37700f9d5c331a0d6bffcc63d2d81b7fde182a30c25a,0
1007,456891ee97ac89d2ec6348d5dc4594de624762577a3063684c53019392cc31af,0
1008,73a7902d527ff7a41f185a0471db3b8d9da5c0062d425a8f55e777c6361a122d,0
1009,520daf7320cabfa27d12ecc03565211235c9302e7a6887a5118e0b87d81be4d4,0
1010,0cc79349edcfda96b5dda46e9397d260e8afa627f1f3c10f1850e204153c7e89,0
1011,324f0367dc8ee550fa1992fcab0773e608ddee426eaea7a36c0f10f39617c7c1,0
1012,6e2a26329fdb57ea9262026dfbbe761670ab014d78edfe59496ad02fde442f15,0
1013,4ebc72f85fc31294045a0eadb3b2dc684ba8692f0a5f6028c524964072e60444,0
1014,26c5f5ac3532808e84d3b9e352c4fbe67510d337db4f90567b57a8bd769c1e92,0
1015,503ea606b261b4e011e13d68e41b62ba345a5d96a84f6aacedbf734c40ce5a3f,0
1016,65da19128430c72417e369db79945e9b57ced1db263ae9819f2fe2f9d65f5b1d,0
1017,0cc3331b4bdde582cb144f4117a965f435a5e80b1a02e6ef4234243ad69324a8,0
1018,5f2fd221b4002b99858934f39f5d0b5316cc50ee682fa60d34a3b6ad02322b75,0
1019,6d1841210da9f791c2d93e873afe56b426521cc9fa7effbe61bc4208ff3df5d7,0
1020,bbd6bdab4960b50cf77e76c4232abd2a69888e076f60a454a47927a0ad5d6441,0
1021,c02b59ec875f3ea4b995f1f386ea5d544da63894ac465a2fab83b111c2b60423,0
1022,0d093dc0bcc325420fad97b70fa76c6384d3c3facd68a8c8550d4aa7106b1ebc,0
1023,096200ef357a74ff7fdba8ec2e4ebf7aa939e35cdd3a76485e142b1368771d5f,0
1024,d5f18e56788ddc31b39c21cc5cf588807b2dad27981773703c68fd246ff70255,0
1025,f10173fd0e5850624998cf5134e6d1f83f01ac58d6a6e45e65aea518ec09bbea,0
1026,0723b6429fb3b9fbbc9c4f2f8aee8a073883a7cb6799975df85622635d08a7a4,0
1027,c9083069deac79364d316b082b9a00524a58d6fe668890c98ae064a4356d8cf1,0
1028,0d2d99ce9eb5387bcb1c44e05a4b8331bbd5924dded081ac9f176d859a640da8,0
1029,86d52fbf9100456b55ceb7b913a95b5dfdcd1e36c095fb89b960218800287804,0
1030,8b4b725272c865f253c19b9b5038ce99a830fcd1d1ccdd751ccabc0cb5fa76c7,0
1031,a48eb57204d0eef4f146a8b6cca4a2bdfe352fa03aa6a8690c3c848c833fb64c,0
1032,d54281b262cc19f9e7628ea58e99406a893057f7b2dd9ff93626b2604bb68da2,0
1033,5d737ffd2ea7a3a315e6862fe5a770ac90a227040fb65340ee4c936b5ad418e5,0
1034,2f0ced97d99da642294072219f730c114f24b32445482e2b3deda6637447a672,0
1035,65690f2c6310fe090db1bddacd2425f024c715476cad67cc4358cb21f34c1837,0
1036,171fd3e04719dbd5be86df2e6e6451aeedd1803f1186a97e2ac48b1f62c1e959,0
1037,bbc426c1b47626d66d904e079302f6622e9b8e415ae5af8aee5f24b30a68b6fb,0
1038,c74e7c860529f0dd0c97fbd66db363fe284be382088140527fc80b82e8f2a116,0
1039,990e848d88a2b8762753cf630a06cd6affc22b1f777f4a075f1e247fced4a61d,0
1040,183274a283a4e6acccb353383da06f0e5ba94532042064b26add882cc90ac813,0
1041,4a3db51756aaeacaece66edbe51f00d448c85a34ece98badfa4e943bddd23e3a,0
1042,c6df3bead52721301946d3b425403f90f73e2938bfec8d6cc539716150851381,0
1043,1eea452e0ddfe92602c6d84d76d237aadbe5e4f3839ec5715cf19d2def2d8238,0
1044,d922aa6c55a34aae81b441ce4aedfa9af2d6bc7ce680e9fa41ce10c409e84687,0
1045,6086bb9a064712920c8cd4628b272d2f94a841806a2d1723e9d9cce7137a2f6b,0
1046,b83cee01b4c90d77943ae6c4eb9ee2b88164ebcba33ca98d2b831b759e44f5b4,0
1047,eccb673c333b0fa6ab59f350701d90bb98489a518490295bbe0a1c3ab6dc7943,0
1048,7b883894a351569245f9d77ac04e46823344a70437ba5b908f3e6925638b49e8,0
1049,b4c3674cea02f88f755818b6a9dc2cd799f71550b6b3d89c7fc8434b55246bbb,0
1050,b8429cbe237e91bb352edd4027d4eabce4f0116239a011e4e59fb0311fb4e3dc,0
1051,33071a04656bc06ad5ba3a7576ef3c86ea27e42137a78c95050852684b091db8,0
1052,da903bfe0cfaa0b702bd9cf7510a37c0632dbae529a8db372fdb14afabbbc6ba,0
1053,3cb3e8e99e941bbb24c5d86b7d98988a0a8e0680bfab0cfdaac1a29d7b33af8e,0
1054,7138bf10eef77133c262cb78596a53235038365bf45535eb15c242984bead236,0
1055,c972409b8d50755bedaaa00f04cc70e0a4441881b85ed84b0c54c03273a81cf2,0
1056,8db4f918bd8a8625175da348e54c76e11b3262544ed3b84b22f95573a6265fbf,0
1057,fc4d2345435d8bb2bd103faed1d5eaea5e17432d1e026ad13aded951b0560af7,0
1058,fbb521637c7bb57277ad5cb07a088c1312c641019536c1f6635bdc2841c43814,0
1059,9188925c9f7ea097a91e9609603725a0eb251b2ea4a665cb5fda24161d112efd,0
1060,533a93777c1e33496dec1b7cd26b1731d01291102c6aeedd464baa70ff559458,0
1061,b7756dfad0f42480299fb9574ce1fa32f9643628c28f0f0300dac0cfe1cfb635,0
1062,5bf1937f875982695886e6ac91428ea33d1b40e632d453c8f37d0aeda24935cf,0
1063,41a3ab762a9289d26130171d17d6e06d2d447a7dc46f80041a5b9ad9e3f5e05e,0
1064,f61fe3cd5371dc933a276eb093dd10e3340e43e32b316ab4ff246580b1fc4d31,0
1065,738ece4717ed58c78ae580bba9f197eaa2e2c71ea844560cc0a666875182c754,0
1066,517d532a2392a45f51dbceb981d3863b2c2fcfdd882f896b431967d7d9745e37,0
1067,45c403db3aa5f9ef3ba7662e7269fac2d3ecb1430015fd9be10b34a71d630a6f,0
1068,12ba96e5e2622d64669fe1f6b1c32022a43327f1a1a88a0a11b5524e078de3b9,0
1069,45fdaad65c496b263b5aba41a39b74bdad5f01aaef520e1b4a9d9eb036e46c67,0
1070,0d03095852597c3d3405acb9be566075fd466e2d507ce94c3db885d466861d54,0
1071,122166c26c6fa0d0a177b33c7f9be7d5b70784d05e754c4e4e045900fa220578,0
1072,24eabebce7ef1ccd35ee866b8baaeda299d1208de9bef237662799cc72a06eaa,0
1073,8ac32705c43d7da79c5334d13815f01de40c9c44851d947858f244a3d771e6a9,0
1074,e143d0aea33e09ef452fcad51ef524b78e4832900b85d6e442cfd2b636ac7e5b,0
1075,2b25cda4bd026810092455f27fb075d9f407c841dff090252eb7e4aee19a970a,0
1076,09fc3521a54d27e59a62119fa90e0560f185cb20e0b8f52fc3b7b315eee5cd68,0
1077,9edaf632bb7e024914d6865be6d651cedd08177764a26082383a1a3b58174b9c,0
1078,483aeebf4747f11d9811f55e4f15870369933194ac04934f2abd9471b6986b5f,0
1079,43d5c06c1d4d23d67b039929da4495a97c92c9b142180a253f2dbf7bd90c7849,0
1080,f95a1e346cdf64f29b132858fd70e01f75f55e00f92e5c280d1b4be8a97f9dce,0
1081,28dd8ecbdb4d4cc3f437492e3e7e40144e64456dca5ddaab19f1a71fe3b0d1b6,0
1082,132385a6c1f4fd50ccce509851d163bc9845d83c25b123446333d48eb4961860,0
1083,1190fa93e82db2a658fe53e7ff95d438419c223b279d7ce11be7a4cce2bcf2bb,0
1084,486c160d0046b5f5eaa4a7dc558d70c9471211d691ec2d09fdb2b05f17214760,0
1085,30adc3abb6a27a51ecdfd84fa9cc4698c54efc2f0bf031269694dd96343a342c,0
1086,9b992a0acc68ded46e05dc8cc316cf8593154aaf91fc80d772dfa7265c8b8c7a,0
1087,a8634f1b82d74400288811d16c833650b3cc56315b84024ad049c9a96c8c8c4a,0
1088,47b5656ece40786f1509087a80ddf04c9fbe4b484944846f18cb599ac55b8616,0
1089,cf8ab24934ad95e8a60b6e5026f97ffdf6884198b09c649cdf1ad56c16ea72d5,0
1090,488a3d3b584a4be1ca64904639923822d6297cafcedf3164ac958ee9d6a92a41,0
1091,5eb3300d497d5d22218c2d67cca27a243981098437502a190d370f5cc60cd0b5,0
1092,5225db10ae9c0e02f5ef3f49524ae80c03637e69365eb43e01d7e9bf21e8e947,0
1093,1a61d844070097b535495a994b57a5dc0555b051490cb23fb6b63b4753b85522,0
1094,83b70fa50c8ee2d1a60c79e0bf03f27f34dd25fbd2e10b1fbf3b2aa55bbe0a63,0
1095,9bb696ccae6123be0b547c248bdf64e3acd4c6b267630a7699de22978baec21e,0
1096,8e4ec715a7fca9e95d48103cfce8aa5af33a5e56f49594180a6ec27be5a85694,0
1097,ba79bbabd53d66bfdd1b0920d1962f2bafa52e77cc172d1b021bb6223b6515c9,0
1098,db51a71b18a09e0561aebab2425c415b951072a0f12ac2c836281644394ff219,0
1099,1f047fa896ea5d332070143ffa5717134a5c89d83bef7509738f1944ae2b1535,0
1100,4f79e21d9b680117d1ca7c779446128b0ffd159c2988b905e90e203584217f20,0
1101,9615f127f454306b49645b129c480eda61e69fce01e499cdcc97d096d5b0aa5a,0
1102,3e4152260087639232ed760a0e8a19975e3504883d2c6d581a3d74736f0af921,0
1103,20d93fe60f3f54c5787a9ec3ecdf013863f2922efe63ba0c55f8001abc76f169,0
1104,567b1d197b5699ee9163fbb56d4390a0869a0fba0589869ae3cb09781cf699be,0
1105,e5d211836c9ea44fb7d80bdbaf963b1799a0ffc6ec128c308e4c0011d6c7bd16,0
1106,dbd555c521d32a9db2fae910f884b0009e3cf472142e74343faa8b252941bfdf,0
1107,65ce1bf0dda9df47527a66650e6019bed483345cd23a4bb27b518eb9f616df97,0
1108,204f086c833ff898137c2d1ea33010246e14bd5147bc4197b11a8272cae341b1,0
1109,8b84b77f0a712dafe460e99a61b3450c6e1e2b523cffa4be9c82be80cc62d9b7,0
1110,e3bd29e02568b92c8c0f3b10dcb5a6118abfca544410cbfe939841206940ce52,0
1111,f041fb8448129ec6c63acbcd381788a8a7de65d668be122fbcd299dcb81bf31f,0
1112,692c105f33c244ae396b2929128cc9f165575d64fb62ea5c6d687cebf4e5c759,0
1113,91381b9678c8f797a6f5b02a7b9d40165715034cc13f7babbb1b32ec295cd499,0
1114,0881f4928d61fdda5707c0ddc5ed56d74b611169a771b4c18b0220d365e7bbd6,0
1115,bd1a032b3d232031265b65f481a0a46dbfcea893158f067e47de732efe5c0f4e,0
1116,6cd664fd76844bc57e47f55a63177f10946816e086676368bc24bf08e7e3b3fd,0
1117,0e4973a2a4026526597b51d8910089937de7f63a0486220b3f7597d33ef9aea7,0
1118,d882cce77c4b1274f5a5b8f67bd325fedb46caecb823ce3fb469adfdb56d8b9f,0
1119,29f9538e62d8ae1a8e6db61ac5795ccdc2b4049d35aacc39c99956bb7ceca81a,0
1120,237dcf8ac79b30a42085df581db32dc22cb0b3df764e6127d4e57d630396aaf5,0
1121,40815a6fb14df51f5a1d68bf221f7639b3c1815c19461ac33034663700538da3,0
1122,b620f129c3f15f748ce729c85a057486dd9ef647f5855277490c2c9c0bc4e8b0,0
1123,57a7f039ad8435a39e5bf187adfaa26232cd260fb51e1486d28f1441884e0047,0
1124,51aad858ab2ce09835dfc2b7924ca85f55ff4b01627b4b567f9e51d26a1be496,0
1125,375ffbed538dd18a1d8cd6dcb3d63f7036c17f886fdd4cde55ca08adcc492526,0
1126,f306466ee9e34cb02b514454476e0707ddcff1939f83fe7ea3349d17ba8dc81a,0
1127,2f82b4f4d8a22622abfb6896c34728b4e99f58e06fb6dae003a49287c503fe22,0
1128,f2562b5dddd505e9b7c1c3084619f3ce503c9d2b86b690f77db9340a9c8e54ed,0
1129,9e7b43be998a43ff0d68461c713c59209fe9fac744e67a6e80976e564034ec60,0
1130,5a68224e683ae10c30b04c07588f0b538fd775432fbf916d184c64936ff9e7ce,0
1131,72ca3166291ab63bf29a2b33b021eedaabc257f0434f23832aa4d5776df4b70d,0
1132,ed0d09bd96640eae14e0ac3c1faeb9a532c4422a07c175c5012a3415eb932ac2,0
1133,af952959c73b2533d8f58c95e58e6a6fb3b701ea38b278f571ae58a620248c97,0
1134,767ec9e94165aecefdfb07054963bb178d44192ef885b3ab16ff5cd221513d00,0
1135,c3c9dd463901a19ea602ce59f8b52104e237360de36f1e7511eebff322ab4d89,0
1136,60365bfd22c1c28e848da6c74a53fac7de2cdb3344654b022ef1aac3547505d7,0
1137,aa12f948eab07178e09c82adc8d0dab9504c1a890cac60519410f06612fafa4c,0
1138,9c7a58cc642c0600e6ca32665e88fb139521e1287f7be800344d77102514411b,0
1139,0b9bb9c2880044c9a3907eb3754d1f94c0191ab8e523614d83f76ece4482204d,0
1140,94112a7e60532977195171736b87e7d0ec19877e6e808ff3846abfec277ab217,0
1141,acea8592451bf2910e739cf6e0247970c4d90a27007e250dfc9e9c6b4eef73ee,0
1142,784f59e6efa6d86bd1df521aa7d10bb128be6c88b2e51f014a39318027eae20f,0
1143,441d1e075d7e635dbe9ce5ad2fa08f4b2619a89a4f1f847b220d4097fb849a89,0
1144,1c3fdc0aac3563f686d46712ad3cb61fec08e2866078e96804deb99b580190ef,0
1145,3030d4801900cbfb84500a06492f3a424d86f14a20aa4826e0cd8e3f16e6eeb9,0
1146,79b7a2f1cd92500967367aade76fb85adb55fd99f29000bb69e7693c1e63d5d7,0
1147,c56ed7acd29447521ce29d68af7a18cf8a5b7ce040626daa4bdc7b79832fe80c,0
1148,625012b77954b8545bd51feaaf78448c2ef3ebf4502a9be43238709d62e6cde8,0
1149,8ccd12877b23bc8e071b2b215c602c50bb36e13e40a9950574b448bac259130b,0
1150,8ea3c4b722e9f015dba461138ee6fe2abf2c01e38eac9e1e22e0bfb20dc615a0,0
1151,1e18620bb062bea1cd0deb38387b2ac0b384ef142a7c33a332d5f386b6831c3d,0
1152,3cb1d9670b91cdb384c5e4ad771144822ff3bb6df73f9523a435d7d0f1f6bb37,0
1153,442967f36d2dbc5e482658eeb58d01f3c11c0dc4a0aa159f21de096e2ac4cf37,0
1154,33a1f932d269bc162e37ec0553580bc9d96679ba6e620429b3cbc6b419d4761d,0
1155,77b788b692913aff87492ef480cfdfa86158977935cf15822bd7f6d89527bdfe,0
1156,d6deda4a811411ccfaa80f40367b63d0d6aa74e8ce61302b12c7f2bdf92849e9,0
1157,fffddafa6226a8589414cda254cf50a13b70986dbd621521f42842581e937082,0
1158,b53ea346f71f723c91574fd20ef0b595e64fb2e65429d453021525b34ef39bf7,0
1159,2db32bf26cea7e41c7c482f5f3622a5a1968523535538b9e1a976524ab964896,0
1160,f1cda76b1cb410e5dc1f35ad944560c438c2660492846ce088daf22eb50070ae,0
1161,e712983069884a7f94892fa8ff14646212be22097e57920494b1ac631c5d992e,0
1162,9757498309a8f19e5898c111a9ad53ab9aea65b01547ce11d7e0645a4953717b,0
1163,574ae94ed708aa09ec92d6520a5b35339c5732dcbbc7d701966a12bc90ebac92,0
1164,40b9b1e64be2d51ff5d4b5641cd4e4a1f0241091fb544f49a72faff681b7cfce,0
1165,e0302b681a4cc5040fa92d7406e6d31e9a35a4c177e1b77e4c00bf5db8ab8eb2,0
1166,9d0d1ed807f299f1e09a8537a9fb6b69d25aaa5529c64f32d4a736b175647a2d,0
1167,0560cde35d3e166c267800759709481b807109736bcf52b9f495fb779bc761f7,0
1168,5dbd341c9c8dfc8ebc5a18b12974be05d304ba3874aa4075da331b561a60df70,0
1169,78dc8622c45bd8237aab330bae7058286bbcf62b82ab1d2fc18a8f9c231e857f,0
1170,1a99d2dad205fe0567d12c7fe141bb567eed264cdc2df7e888be76017f228ffc,0
1171,e882bdc096e51fe98c98c12937bf40309208a8afa52edac019cbcd74da1d23ff,0
1172,a8499872ca1b2f7d756c5be0ea0f60e0361fc8b2a2f9dab37a4db58f8a08d2d9,0
1173,ee370a06603080484bcd7a2da30ff27a9151edaedbf2abe515ff13141da78030,0
1174,12f6d7fc5f951c11533492c98ed587462e89f83b40639eb90c2f9f77cd9f3698,0
1175,2d5caf1961e4b3f9b6b2d0d7f2bcc29d6fdddae2753cd065a9637585730db1f6,0
1176,b98de2988d88768f5a9f9f17965ea7bc6d591785b2f291d169e380b150a19ff2,0
1177,08acdb6722245b74134272b6ca308b2420382de0abb0e0bf6f2572107c7d3087,0
1178,bca74fce2827863fce1d0bb3f7ae433c4a0c6b8c9c6e039abf07784f3cc4ba41,0
1179,dacd104a92223402b14c2ab84ee28219b4fd9d008a4c0a3b9c836f433456298c,0
1180,744826a9473850bd83620b5e733cc3bb2671fe5d199fa71a4bfecba59235cd62,0
1181,f733ca47b6551175810e5343ea95f0509aae8d609773d40eeb5ea741c36935e3,0
1182,dc4f63cd558bd08afe8097a3215abcf44f10dd01b80fbed5fd335d54550f944a,0
1183,aa7502172c89446319ed7d6705922dbcb0a802366153c1a2e2e926adb73299fe,0
1184,a6067037a76a65ffeb8be7894e219be5c8f8da71170303e704d0a2f9fc26c307,0
1185,ecf1d9189dc2b0a54282cfdfce38b8cd2a5917d7bf637d1f5bd34ad5081e75bd,0
1186,6471d15745c6fdfccfeb787fc5615121bdc44064d9d9ee963d411f260d2f2381,0
1187,041d7b330f28c93c10c0431de7f5585ae3478498fbb2fceceada94c199779428,0
1188,88886342a957dc2cfa84e2f2779cbaea585fad697a1facdd5676a5aafb353f58,0
1189,6b9beb92a75f4e49c61fd6977beb10bab4188b22f3e986abe64ba3cb48f8fb1f,0
1190,559528ba52d9d981d04447175986418c8593aca8b51e3613471ec88e11f57339,0
1191,0a2ef1024ea1fe54f2507157680eefbf9224608eecdec65b81d46182b2f48a70,0
1192,f078cb9e6f276ad665896818648b47a0c99a234e0c304eca2cd5e13a6765d3cf,0
1193,a08da29c1f3662e59ae25c1b1d778d811b926cd7413236962b12f859335f1658,0
1194,c0bd54cc57c41379438fd704c432063ca6b26b5d7f9e49a3f3663f464575ea92,0
1195,7addff2b7055d59e7ca0164011d9ed2994ef7aa819573cf41deb87697c08a65b,0
1196,8d38b431ccabd8c0ec9f9293249c1ad56e116a1fe32fa4aaec78d23135439076,0
1197,acc497489bcfed3d2b163b53f48bce30c3b143e0e13c1889f8d2040204d5cd4b,0
1198,e65be5ce013a6d518d70c405fb230a8e783dbcf1056d06f84766397a5ec23fc4,0
1199,12f0f401f2ae6cda7ad8b4495f1b6682394ebcdc210a46a03b943f5249be5e97,0
1200,e10b6f236ca6e9d0af46b5def288e129dc262d0d4740e26927935b2f3820680f,0
1201,84879259d5026274cdd9411679bb129e018a6a05d0c97d81d1f9bd1c0290cd69,0
1202,b63310012fa1a5130bb5e5f54ecc7e261c0f3140399ef2f9b50ac65bba40e15e,0
1203,471b161a3111205a65b37d673ffd7721e39c6204b9961c52e75571db2fe5932f,0
1204,6ea46fdcc29604df1280c9242ca4be9130f41c0bdde4b482b47c477517ca6f20,0
1205,008749e3349b469154c8f523d3edae6e3975acaed58b98cab9efba0c5d39199a,0
1206,990437dcc6fe510e17b6353476c7f8f2b40172518c71139c2c95f34d54f5fd08,0
1207,44a4188e6530ab7d49631172e9522d0388dd40a46e575e7622d6e2907d9144ff,0
1208,f51293c9466c16a6b84a567a99c74b57c8bb3cebc5541755cef131b7b153f29c,0
1209,42b65e46c12dee3f7585e49c2eddc1fff86c12be970335182ff5e551c09e85d5,0
1210,68d89c259ace68b7919fc708c4f09c088a0d25a03e049a855ac0bbb279676378,0
1211,fea29b7a56cc8e0d7de866aac844729912e54b16f4f3d56d9ac2eaf8126cd441,0
1212,fea5c6e7147aa66f462af1582a034d3376f7403d038097188bec46465c02e731,0
1213,698e8c665efda84fbb377956a6228210c65227c6bc35cd2cf089d691e282029f,0
1214,d647349ff8b8bd063dcb5f935d9a94ef3b23837c99ef53399138e0562c3f4b48,0
1215,6ae5966933018bb631d4795f7930ef4acb54488b0b290015a7ddaf9975ab8adf,0
1216,7c68f9b322d54a9bd8ef90d411a7f7c1278bb8698667487c8387b697d5d4695c,0
1217,3c8cebd459ed1f4afeb262a8d6dfd436d0d4988e5f49bafcfa239767c6d0298f,0
1218,15faf609bdf9fcfea6bd76937f2259b614c37dda40c5060e7f9dc04a7cc39f0a,0
1219,3609b197c93c8b1c4a64470f48fc835d36bbf8ac30a67917b884fb350dcbc65b,0
1220,c3008d0a3003a01f5c8d4e3deb40b7a82bf57f858e94a3af9da29dbc63c0658f,0
1221,c6a99d2b2072c89c68ff51838897fd224db60dcca6a8066448d70c81cb456086,0
1222,201394872d7813f8a3be89428f88246085e51a028447d3c6d87a3b7d5523a515,0
1223,cbe3dd4264b1d5dac969ec15605be59ce6c62c6709c13f5c4076c919f922d787,0
1224,6c350f61a7fed5e4c160e7859643e7a2c3e79c373c68510f718e75ebfbb220f5,0
1225,b13d621bbc8e3ae69919021e2005a0cd89eea2809a62e5d7b5132bb70ad2f9b9,0
1226,f1a1284fab5c7b81af027d75878ae2bdd294a18d2c3f265f38f32ac70d1dd263,0
1227,1557c362c1cd018bdeb0a0616e9d31c66438badf9e0dd57aaa6f8f4c2da7b290,0
1228,2385f9fd7fc0596441af886192bc1e5afbb088218a594e935bb9a78e54feb941,0
1229,42726200bb27e56fde70fccbf956adc9b6cbad592aebbffe4ff8775a0defb17b,0
1230,c4f6b3c54a4eac1054714791bcee35b2b18350a2dcd13564f98f1c6d2a4fca99,0
1231,86afd2a382b144395575eb88ad39abcbd8db8e298642b47d2288d977f13576d4,0
1232,5f16755a61921039b560c0c94ef4b8f52935f054be4caa05ece3da193f4c8bb2,0
1233,b9e5bce2ae1acbc6ab1a6433e5400fae0ef400b588c87af5ab1cee9e80167073,0
1234,1c41ad6c6a0dfccd1534a3a39686e3fcdb4047b29931f7210ed31a164cd15b24,0
1235,7aba88c164199719761a6d45005a452a5e1202bbdd29129f9195d316835a0a30,0
1236,be946c6e06e2e2da0e9c3418da9acadc7c6c6364456195317f509e6f12576ae6,0
1237,9b44238ead239711afc3f629149fb342085217fe04a6954cae93bcc8ca1f11ca,0
1238,ee9b9b22839577c052529760d795081eb2c52e128f73f71cb0bd9a9439b3a60c,0
1239,578a565b159baf23c5e86a394d64f1463e81421c0fc798668d05c67bc82c5f15,0
1240,65e20fbd08d58a16896fc2b67771587c519c700a2554584a3b3e17c20c59518b,0
1241,f1bf4d7793b57dc24cfd62040e26d0197f2ce5fc71af7f81405df1d4a05f2020,0
1242,2c4c74446712f984e95f04784042331785a756b3b5bfd2b905cadfa25e4445d6,0
1243,bfc91985e47e66b944be6d0b1ec7918e457558f6599c852d1b8c254b996a3195,0
1244,d5632720041b39bd9bc2bcf1e9b0ed44e023aba5e07ef4c566b9f1d00518a5ce,0
1245,bb2aaf95f3681865794dff07d0fd15138938f54f52b40a01960f997bd47c272a,0
1246,bd9d7f393e3a3bf39adeb6dc6fdfd5337e4cd3a84d8b3217ee192b853d71a4c8,0
1247,ca5a2314721d323613610aca8f65c4a95acccce2ef8c0463a54845956366f387,0
1248,8f43ae0dd5b03d55096ee389f5984d3b570ad41150f05514b530846b8f2615f4,0
1249,e5a9e920ff4f270ccde35dfb45f2d1eecda9cd423a5c4967a92116ffeaae7c77,0
1250,f4a9892e6121a41d69264007eb6e8e596f21e1153a6d47a1b61ca531e0d0a013,0
1251,1ea4a07fffdaa077cdca6885d42a87a7193f23e156652b6f170f95e550c1fb67,0
1252,acdd71253c8726c5b86971e0fd9e4fc4bd73ad02b9308b3d0bf85695a44357a3,0
1253,ef02ee438260bfac7e91064f711a5b45c3b84fe7823b8e5aea4c86c7e6b74217,0
1254,6b9eab97a9bc46d57b5899a03c38729eeeaab48df30a932d13b4a2b1e028ba32,0
1255,5d011a15ba52ca0e8eb46f68102b98ea02c8198ac5b7d84713489b7ba7c69ced,0
1256,9b65a32c60baa24064ee47792e6a88b2e55132bbc39acf5fac0c601f6f447f81,0
1257,67d5bf13bdf3db5d705dd164e6ddc5026e92562ebcf6a15408f703480e858366,0
1258,c87d3ba34908f913b1fb2decc7a3c951e476b93b7ee25d012e335fb16efa7f5b,0
1259,de3e59417cda2fa54ed881b682a028a0e0996e30f7b641f00b78fe16a6eaab31,0
1260,7d6516af52658e389e8a27550a4da585ea481b6b03c49494db51f034aa043661,0
1261,b945c81e192c173c8fd5de6f3ad393d2272c121f8632f018557eee7b1912b7f6,0
1262,3a8fdd6d3ffdc831683c6fb86b40e4c44374d9dbdb2519037f0c4b027416b349,0
1263,e28cbd44fb348976572b98994c919f24ec5a5e222cb29580f309325079145b5a,0
1264,df92356c1487399bacf81b294daa1d3cd02c0bfe1a22fdbea80c291009b8b664,0
1265,cd8784877eb783f2162f6a5456f36cd6c14061c609c11506af8dfddf2f0691c6,0
1266,19a1a44de73568719b29414b7c9b14573784fbbece523a909862697db7215ff3,0
1267,66480291f3368005d2b28cf506a77746c029e1d2fc309abeedc952266159d51f,0
1268,6533aa540b99cf3a105cd890e5445e56fd7cd2f21d8ee0a94379af352c0d5f29,0
1269,c7081145e5160d5b0e1e86e76c0d3e697a0a098f0c7a5dda4ebcbbd5461924b0,0
1270,d8858f6c73b30287a105bfa1c63a7d171e76d77a039dcba8038cd6743f13624e,0
1271,60bd373237f46df1536b542323061f6761262d0504d33876ad57b0befd1edf15,0
1272,46e9daa4c3fc67e4e74e2d847f0055b26d28fe4ce0e300ab6bddf984371903eb,0
1273,df5cf0fba130b93209168c1af580034a87cbb0fb1fe865d9e87ea600bace4f8c,0
1274,0e4cf1a2376108a2cf52708412b1b5f732ecbdf55835ca079313b555858880cd,0
1275,376ef319e4dff884bfad1d2276bfdf9e6661999901bb50c17e3c7fd4aa90cb57,0
1276,79cca405c2f5f6e3473619722453a9d7eb3a7fee262c81f89d4f024d1c377cbb,0
1277,5ce2806f0d73a8582e94cb65506c0c20f84c74389073eaf6b5dd0658ce4af804,0
1278,428a9cdc49e254b935a4524999cfd20578172f71f9cf29fe8a0d44ee043898a9,0
1279,d5dd217bcbf8196f295d4f7b0c1124dd9c1d2912013dcba9a97113f8c4f950a5,0
1280,a1577e5a28390c875d3d0dcd5a75a4838721725b728c8ba7f69c0bf2cfa78f9f,0
1281,6d4af3c8745ab33cd79f2ed5512553eb9a97e857e42568e73674b72879ba401c,0
1282,6e4d3545fa65d5c251ad1ec9ece459b99cd60971264284678a7fb04307488377,0
1283,77ad43adcf3e034556bb3982b076fe229ca48938cc8c8b5948b091b66b4c5e13,0
1284,676360550e86410b7a29854233440f1f68f7d8d4bfc75440e81558db4d3658cf,0
1285,5a077ed9e766855811d35f4829b95835fa258af731d6737acc81e8e2ca0ec8fd,0
1286,3b17aae62c349d80f00000096f17aad4662e5b9030a9f5f4bf68f8389488cc23,0
1287,381504c9894923efbc5c0b72ecd0eda02a19ddb9e7c6eb57cc1674f7292486c7,0
1288,8b548c30f949165feee1f4a9a964b64b177bd129d7ea1f2f27c8728412a4f1b4,0
1289,cf2cea17cfac0b2f654b96c64c699035e50b9a156d38ff6a9ae2a7aa4341d70f,0
1290,452747b10c072812ad10bad8a2db49fc4aabae7d27a4837ea8fee85dae96f010,0
1291,32673754b5a93c83029cc6f9076874da9724dcd2d046f206472428e6a336af95,0
1292,af5672c9d31d18cc5300ff68efbb8eb78ff0a2eb52d1fd09196f20c949b197a1,0
1293,6639a5a4bfeea98a82732017207a478f0f35a3b3461d833834e21c82b4ca0656,0
1294,abcd355914e4e91c9f1e1892d0f604fbf8640b10186cad0fa8b85566d0d869e4,0
1295,9dba6d3e67549896b5b43b1a8042deb25e8e968a73b01b3a87fc05b321ce6ad4,0
1296,73000e32c092385a2a13512372dc2d0f106fab22cb245d23348ada00155411cf,0
1297,311d324346441799aba982bcfc922feb648e19d7d71a5839419ba3e5beccb404,0
1298,4e521a3778c139540375b75162c3d7d072f7c0e9fdf5110b42831f0e3d78b0a3,0
1299,3e2e1f6c60e907925a054485f537a49474a78463c2056dce8ad821ee7d402603,0
1300,82e493aa7c3aaae90c5fc0585be17674a9b572a4c71804dc52e53f9544092de5,0
1301,8142df665c53007a8f43ab3a536d4602e4c0fd24841982ac41f4f98135cd57ce,0
1302,a57ff9fe01f34a75a352055cf1dcd04db66be2d9c43006f00e17f1dd751f1788,0
1303,9c7933d79a029efa86525c5b9784861418bb6cb0d4389b053b6c9caeb7751eba,0
1304,57f3b52e8555b5b6c66ce566987dacd5685211399cb1a83780d6f9ea09a5594c,0
1305,c0f2e8d041763f806d2fc220f8d6bc606b53156cfbea1130b41f78064dbe62c8,0
1306,7f18ed7583847d5ddf6848893ed113be8c3db46954813422ec484fcd4118576e,0
1307,ea3cf269b8b1ad1df615436d86c2b83bb0bd63c2fae137c58c8556136e7d550a,0
1308,e23d6f85a4f9254e48f37ee81ee82664fb5d5475fa8b78a51f28c3d3a9c2afbe,0
1309,7caf77af21de86e863d8793387d1474b40e00abc32ddf390ce5102bff5c93da4,0
1310,cbc6cfd88c8f81057287d28b6a643d15580a6052154ebd201c16614c5f828246,0
1311,78c71d48cf4e2d02292637b56d376fd0a5718a3ca05b89f4833da16980dc2ff2,1
1312,289ef303f5a5e80c1ff5df2873029570930bfb0b0e197dc31d652bc04f9f51c0,0
1313,6aed41f4e4d87e4d3d04827423fdd46cbe68a2d27637a157e6c78e2c774bcfbc,0
1314,db890088eb7533892658d72448fad0c5998f0a48daf4ca3b67b3c61a9bcb1892,0
1315,ce35c7e8a55a5d88987dd3329771d800aff2aab1c5ff15b3408c7e53d5cc0646,0
1316,79002134d797d77afd95aa510a968d75b80bfb8ab6c00afa732c4e781a8b5ba6,0
1317,bd9c16a238de6cd71b041db7e94171cd10b61e2d510a7635ffd206d2926c99f7,0
1318,71ff39ca14d0227ed21237f13319e08888a74bcf422a2208b4cb42dab29d5000,0
1319,ff7ba16d198b08e92e2b800552b9affd9de941ab14513d0de72a9a648069123e,0
1320,c90cc5696c6d5ba7afc8c6b8b47bf2c6c541d2e51e417bf19c788366f9360c8a,0
1321,89c8d8e289e29a8f75362ef825deceb128754a7e187d88ef69c950a06887058e,0
1322,1d01f84f7b62887e35b9bbed5fb190a8d7088727d6f1f27d124bfe22d468360f,0
1323,169050ade6d4d3f262a3dc90c8266dfe5f96b22730d489087e73f7e5e198f430,0
1324,208f91ab1b2af109240e96aa2e5b1ddf82f0234c70c66816ee6c21ba6140927e,0
1325,2644926d21439c3750a523d6e453e8e263b3c29401a502731faf08ffad00960e,0
1326,a45a6facbbd69071051ca46bb6ddc62fa20e1e22cd793d7310cc470aa76e8d96,0
1327,fa42f0dac64d8ddd5408c1b5c75424b6733eda8bd1abc07e73801f68dfc5b2ac,0
1328,14204d3d7d9e409481acc77ed3d4f4b506fd99b5ff39afd9674b974d0c4b5839,0
1329,7e12af65d4c90d599a42c8b1354f1186ff09e97fd4cbf2a5a4d06110888a4483,0
1330,ed2e40011028201e1ef6097415eaafce1e8c43fe2e94ed065ff023a2d0eef9c3,0
1331,4991cb14625640ef6cd7b5b8fcb23c038d7137853205be98b3fa07f9322bf0b2,0
1332,92bf76fd802682f200f3bf39b39b38ba6f6c1e5cd21872c94e5601e09c88a070,0
1333,ea499f03403a4623dc889f177e2ba425577dce0fc8745d654a25e7d0b6e8efcc,0
1334,8f1876097a3201920e39e7086a1f157ac3b015332938680f859314da216984d2,0
1335,1ebb7a52df37cdaf2c2eac11bd2630a2e8ffb9a4385fbfd4b7d616d4e9f3ab72,0
1336,a291bf959116ba637bf665628c3a23237598d661f14f4111623f66eeaa76842f,0
1337,55d730ce5b91ef82d4086524ef63ee95f86ff584eb280ca1a0b63d9e1b8ea681,0
1338,e5ac3ed1403bfce00bbeabd767b9dcab4a5627d7c0ee18e96533828252e70815,0
1339,30ffe776c9ac551b9ad7d464e031e5e9b75036e35882018e4aec0d8fb3391fbe,0
1340,03433c0164586a1e3ede9dbae7716e1ed9c5c8a779e2a3cac49f898d8c6d0ac1,0
1341,35b282de1f7cf2889afb3a3f14d72f66a03c8f9403cb31900b55446324ba16ab,0
1342,169e9278e6a1d371f9e6e1590b773b9ca7d9356ed6b47caadb859d41f74fa4a3,0
1343,dfe47cef60ea2d60cd5cf901e6e453fc806c29b98052bca0a8928547ac1447b2,0
1344,e3dd9e412e44562bcf9464346389ac94b54c9e20e2953e33b419228ed4306b61,0
1345,033dda61e29f292644fc33e067602f06de611c94592cb7d738dc87f77e4a7d9a,0
1346,578664b9395abdadc1e4391144ba919e9e319a8d050044b89436729d70c87b1c,0
1347,9bbed32c13bc7d6003f05412f5cf7e4026aaf87f9c149c8d5691bb7415cdf8fa,0
1348,c58b9dca677a076d77a2a870387de40783d993dfcce8713591698a78c0131a86,0
1349,3b8a6aa2ea9cddc5c7338abf666574da1befe4621e16bd0787c594b237f17dcd,0
1350,a5fb9564cfa2b1dc2bbe3abdd2dd917d7c8d0aba3d3276ad6548b24bcc2424de,0
1351,feb23f19321a113fb8cbc457816f3d5922dcd57e9de2c733707175e3a2ed8736,0
1352,3fa10198f513e2ca7cbe04f0ec8ef1d205c95e671ebe209ad585f65601e46e5b,0
1353,7f2995c804ed24c80cd072fa4795ffe76f4474a25b8bb524e531f463a9d07105,0
1354,3837846ea241b60127ab81926b0bee4205d964aff935409a644780e84687d08c,0
1355,cbb9359453a3ef521aefbca33984ebad938ca68d8e757766a8d7279bc688168e,0
1356,0930448f21c8b0f97db6be24938a5c47a2d354c1e48aafbcd345af763176f40e,0
1357,a9242705abe9b43fdb01d38dc048e1d606495c45441ae7aa927393b60580297c,0
1358,cb85f886205f9ea3a368ca1e2d7b32e407f2f68ecefbc351acfe5c63565bb079,0
1359,aed37588287fb61319cdd77a5f5cd47447e531c038b3493733c5aa29ed466887,0
1360,f5d5219fc0f9cdf6ea3fd6f4a34a76bd81322306271f5c1f76d9bf127d5b510e,0
1361,c67eff39711bc58570e2f5aed007df188cb16fcfe9ecd492a25c028ae4d95823,0
1362,10bfbaf3528216275fd9fe20b2c1bcc5dd2ac91639e7495e6b9c1cfb75ec0cce,0
1363,b6cdd1895eea824f11ddaa67f4eac88eb01e3a69ea737fb27395bcfe912a5f16,0
1364,775b7406e58938d8c4c84c487417448697a3da5494e57cf488c01919bd9e02f1,0
1365,0c4e3fceb03d9115e563f9fa34adc5d89e354462130a0fa5508afe5fed0a1082,0
1366,58c3c2478c3741445c05a8301a33134fe7be5501de6bd2f4216fc27630153df0,0
1367,a45c112cbd06f6cc83dbb3f86c1a4210fc7d152a7743c3a1c851d8bb32c430f0,0
1368,0cd69648d31d469cd882fde139610c18d51659bff11773c824a3e20dcc14a651,0
1369,f4f8d01232bdd73208bae67348039fccc88d2a3039a5e3e6086326ea0620d3f7,0
1370,e4dd21e9483b0e404ad0dc75d0eccc1f53404ffbb1cba4d85d9396d1f8817c45,0
1371,568324d88671b8e5aa32e150f7fe749081eb85bf00fab7445ecfa5d1bb7a9327,0
1372,e45e04788d8427bba6518561c24fa2e0d167772e4eacd0eb22b9930308b93814,0
1373,892324e723dc673623842adffb6b6523bbd02e6314597f49993f77ec6759ec6d,0
1374,9b3d08f22e10389a7a68c7a387d51a72c0343ab1e433ac49ceded357bb43ec89,0
1375,3bc9133ded1b663fea2b4ae08df41639941ffd86d5b2c61f42ce1b07f373dcde,0
1376,748bc91f2b167e328ca26dcc5e1f1c16ae7e7e588822d9f4e850a614eb964473,0
1377,ce00191b4889bdb8966b34156c01b391ee1752faa47765d35280021970f2d763,0
1378,bc77aa8584076e57ea66fce4759f703a84f27f22f28bea668e4e54ab43734af7,0
1379,192c93b6e91b267e7edcec3c0aaf2e91b9c288116ac591be88a0d658b7a4e333,0
1380,86d96ac100240f3c6364f2373f43da032ebed031dea44d492a4753cda2ff6262,0
1381,b9b0da109bfd527468e113c984a6b995728f9e46028cca0be37a20c3e038250d,0
1382,a5499295ab2b7cbf26dbdeccdd01b9c739c18d8d92c2ff5c41f92570948ee293,0
1383,d48dc300ed2ac176828a197d06170f8ae107efd972e3b1b44b1a9e5c1e30f929,0
1384,d7ecd3464b063f7988290e36cd745212e14a8b95d83fa5015023beecec5283b6,0
1385,0ee3b0b98df7442fd8fc0ddb3a94620cf6c71e80cc31c0948dd1029aa22b091e,0
1386,4c0168455bc48cffa2ccd7072f433d59852dc2ed1009166dcdcc4c1aa6f316aa,0
1387,5b0b7078caabb0597d193317e81d119a34cd8f897fc314b89b5e382693bf3425,0
1388,8a2627433cf193bc301f4d1ecb2d91d911a99b345f48523dd9f5874aaf9b376f,0
1389,640f5ebea9d172bc6af80a25a331a6e9602f809e938c5ec2031e6d5db89e3f83,0
1390,2ab74422ec6aed3d432a66ea9b2331f97722e36a68959898d5ee64c901645c5b,0
1391,f645cbf7c8a27c58e39ed7747a543c52232a0ce5e81f2b71b9d310b777f27466,0
1392,e9d89f3f0686560d9c9ff7715c026a25bf52815e176b1f1f1451b835dd9fde1e,0
1393,f2ac18f7ed34ef0a5f7d46817d6c95613b64b53eaa3141e075de7eaaf8fcf8e0,0
1394,e47452d5763b43f7f5e0d4fc3b69648a47a5e8570b7537039df57c6434b68004,0
1395,e19970e749cdf8161873ee48c59e0933612d974728bcb335eb2f10787e864bcf,0
1396,6827fd38db2ed4c0a908534f7f556ddd9592eeb6b263724fbf44d5aa5fe94bbc,0
1397,6e2b2af19bc5c68ed6040fc247c3530a234c340f0cc131e47f44c778d9e17a1d,0
1398,be2070d5ea3391b35149d96e305a03cc5f362632bf52750608b710fecc02ef3e,0
1399,256c29c225f85d4ecf181b7382d3bd1f75f97acb3ec591d9cc78d08e942e04a3,1
1400,b172314cc3837d0c208e2334ac49fd6921782826233390a275a3e099e1bd081c,0
1401,3f650da47eee4dcad66e03811b4e20ba1104f54295ae63d09736c2f51636cbb4,1
1402,57b7cf57c817e0e9722ac63008fa04ddd3139c72119d75a1ae7e61c4fc4030b0,0
1403,5912eafc0257a0346f7e296118b404d428f5169ae5ce05e99ea78a1f95f4fcdc,0
1404,bedc09b44a83e0908647fa572a63531d95da2e3fe1b618700833ada0ca4de8fc,0
1405,48b18046e414a24485165143f6e3d5cc11b28cfddf9d5622530b33e9b26fc5ff,0
1406,dc07d7802c2d63767c69a508765c888b3c98d3a5d3a3bde90f83e0d034be1c04,0
1407,9de1f03f5d1036db317899841cf8adcb591c443abdf4ad55530a769e08f9fc99,1
1408,c85a138d0b990f70c27ce1dc9605c99eb09ed46ba362d93eb9cc94ca97ae31c1,0
1409,d0644798bac2a20d480c8ced57845291a098a54055eef83d20f255368755a1fd,0
1410,c6089a22820c2047cdd99d0d26da25dc1f6f6fa1115a71784731fc38bfd74080,0
1411,f2f38bca02bfe1792a2aa1dbcbd48f4f9c2ba557012b3b88ff1480344680c3d9,0
1412,cabf5a408b2e101fc803ff78d139254c01bc9b1d23ca6704b21b87e64173dd12,0
1413,7c43a3a85e6abebb83e0f16c3e251fd37e91e61ab6c970ca666f1166e4cccfc6,0
1414,9142f150d786579d682b536df93e389b0e278ac8bc2d5887671892a346ce7ec0,0
1415,7bd314a54d8f0c59f81d0710413ece7251072db61c5a1a0b4b6e9786b6f2e08f,0
1416,c103dca098766701ebcdf15c7f069ca8a72df6310df2e62300e700aabb1a4f31,0
1417,211b90246029d2142d3bd66f9c9c16497a9b73c62056fc0502c72f295973c095,0
1418,d963aa980209a9d0221a863db4f97ef2b02e7f7e78d9e04df28ff5c52fc906f5,0
1419,05e416a5b240eba9cf109fbe1340e16833c6d2120613b6a4e01ad1d692c49388,0
1420,34e2fcccf12b0e2b8ed1797c09247cdb4c00fc5db73dfff901a1c7d55bbf866a,0
1421,1ec92dae02b4b1d7a93dea7089aceb2c74966a0b234e83c4db50add0a642e8cb,0
1422,c6d54b168e22acb19539e397754e4a06a5804977ebdba97c73fbbf63945b3a8a,0
1423,eff7fb504d7e71dacd42e18efb2e6f6f87b8e35132c8829eed0bf240dce78c0d,0
1424,4cb34356112d26dca447ec5f04e32df4c1674e9d43f5e2902c1360ecf13df301,0
1425,22006452f9d352afca3a18e4ea85c78b2856313b0f304002de1cd4fe0b54f01e,0
1426,efaf5213f8858861440bb10e7d5e7c846797121cc8381961187077114c6c2216,0
1427,459350360c4d846c20e42622084b7df74555d13b9ca220457083ee7563a8b359,0
1428,3b69b902b890dc824bd12ec004b1855677bb482301a9d825ea15a1fb8ac5b159,0
1429,810cba36ccd42e0da52e4fc8b31b615408733bfa0119d4870eddf9dd95786cfa,0
1430,5857aaee43d90589184db7f04c9e8543d745793d53f9bf1a6309da93c657d6b5,0
1431,44ba3636745c1964986c66ae1f3c4a0e66ec27f9cb99bd2d950d8a55f35a857f,0
1432,ee06311680b88e18768dace4c153620ddd91af970f06e5a7e34df092aaf37e62,0
1433,123b365d9565c6ab8d166c621ae2e7563b9aa4efd5c056ad9070d2b0fdfc6339,0
1434,98eb09db685a944074d05f90aede66b513ec221ed615ddb7b2be3e528c57bb3b,0
1435,3a82d8bdbae506fba25f850a6a624313e85483928e0a21d58715dc4e77227389,0
1436,9bcf35719cfc4587e3405652d48e1f93477af64fcea5114f7a7c0bbe95b0e248,0
1437,7ed508746f279b8e1e6d69d13d06db8936b1da35b2d345fd42f033d1d866ddd8,0
1438,cbea2b19855d600032d80c55ad94846e3c4f87046dd8ff87aab001410926d04d,0
1439,7fbe05c6b6f2eea136d6ff48da1e7d6d380e5a480582da3a7b7799f93782ff83,0
1440,1666a69251f8336485d8410b4c40c4fa7836909a8bb05be2fc038c4299bcd2a2,0
1441,da32d5433fe27339f2b2d776714907cb1b4932351e71c88e80bed75f3b7f3537,0
1442,4df7d494f279176bf485fbbe38c4154a78dc9b26715e5c04ef61a9d63d21b336,0
1443,7492c139aaaf0a26f71c5db6566bb71327f5824e3a72c026acbb3e2e98b9c543,0
1444,89a6b31501b750172bf68d3c2022776ae06039d6e4a41da4939cef6aacd84e65,0
1445,b3fe2cc7e4afc41ff91a90cef2d761f0a67118ee3b41f2650d384c00adfd3c15,0
1446,37573637613863d60ab14d5091d1b222ac188aa896960eaea3adf81abd332113,0
1447,9199e27757a1dbbf248a0824b6a447b520732fd70e4a6f3b1020500907c4779a,0
1448,da8abaac82a20a9ee98e4e2292f4d6ed6780d53f97f00cedcbc62b42c95f91e6,0
1449,737808f65dfa90acd3e476b7fc10d4ea6056a196644c10efcdcdeafa05a83bef,0
1450,30c5d52c8f5051c6292148865b90bdc94c3f58e4f62f1d198c406e99bf22df69,0
1451,593e4da2b7d11e3cc2e7126031256e914be0933d497ea20047869336d6dfc632,0
1452,02eb162d18d9ecae4a4f5202c2d5c85b0f5b18af3f2ee0f92e40e134112504af,0
1453,b75535135e98792ee44a5305853464ae9dd1895b64aa0068991f00083428ada6,0
1454,e992b1bc4c1f8a5ceba945759f502e5fbb4b795ac57e9323537a33cf6e8fd551,0
1455,f14fa3b27a30bcb69d8f2319fe2d276bce46fdcd0ba8e62175aa455eb0ffc502,0
1456,59dfab14b69148b2a3d0fb161afdb8bb2d4549ebc9565a7e55b4e91862b220ad,0
1457,1ec5a78133a70a86d7bd5881f92a552fbac21796e7e734ac1242208d1b377f92,0
1458,1643a483fd33397581ca4d243cd92102256703decabce7576c939799c550f81a,0
1459,12fcff4e7d0b3206b6b7a4a110d6211c762ccb7e6a121610c3af603598357854,0
1460,1b8e9f1acc4701bc098c3b0347a1dcbcd1b0b0bbedaf6f739f87e416a42c0304,0
1461,cd2a057d0e529ab584d15dfeb1aa89c015241194caf6b55bbd581d343bdd5102,0
1462,934c3f7000a0a13806690a131ac7ad153723dd9d04259ded8434b6c51e88a25c,0
1463,6ae223495f682a3f3a9c857f0658ab05ede872524ebf250fe5e513b188928187,0
1464,318a8797ac0e3940430d8cfb70ac06f67a66c30997f4a0115e8e558e4e19ee2e,0
1465,021d9b87ab0d8153d8a7ffc1efaa56f991c7b7d5da8b0e770819d32b696bcada,0
1466,32a9d8d2b3b471c7e6d916d5e731a06e64fbf305f803856aed392c07799bcd01,0
1467,41e2d6413a80a90f3dda384089e1b5e7bf9f92a39cc4f0419444f9b9859c9956,0
1468,6683acdf4c8480a2a4288846d61db076e129635843a05991fe84e675635b8042,0
1469,3f5b21f215d36e4af0d2757c36a51649f85beb51060e43b850dc38a77cf6c30d,0
1470,c881fc25f7f3cd190c3c59513059c71960696e9122982a22d9ddadfae3edc2a4,0
1471,860aa68109de908329aeb67a2be8d0de06258db60f45ba42ae5738eabbd8364e,0
1472,17df38ceae386d7d3e55fe7451ce4910b41e333b6606bd63b9f584d914fd5ffc,0
1473,2ef2830e061c8dc36cfa723ccc90451986b9456f198ef444c80aac6f5a2980eb,0
1474,a82194edfc94d776365bd525e8290ab3d4ee42c3d78d2e9c8e51fa41faf08c86,0
1475,5ba1eec88175bb0d9c47bf19a50cd01a687733e9556e9a1611d242932f343c42,0
1476,756257075fc229a46654912d6d0cf9f51da15ca4c47485a1520a04ffc8942895,0
1477,d0f36fff6c908e0841dc9fd6b870244c93a7a863f0b1542d4b7558090f96782d,0
1478,9ef69992898592f852dc3f2b7308d4559203c653004fae7cfe3e93ae2beddbdf,0
1479,bb2d685c03d31baff5b19e5651e90dac7f2ea424d0ce04525bde9736882f6e61,0
1480,43308b919c0cb6960ddd693dc1bafe618ba96d5762624213316ff601ef3ce0dc,0
1481,cc517bc80e04ca5a2c9d667ad4616e9801df1f15132972264cc33a8a1a5c7533,0
1482,9c59fd6be56d5f771079a99c97521a9cd3fe61f028ced2e0b3216bc5afc42114,0
1483,6c48ba36b2b0988f0b14934e1dbffe1b018277438905cd7e244e37441d5916e3,0
1484,1bd880a55465a8f80416cf25fe13faad7fdc7dc5fd447570361d40fdc9a8cf3d,0
1485,7ea13b7a64e4072e50f99c6ead598b657df0978eba8fddd4d558610627555825,0
1486,a0b632a132d35d178da0fb975185a03c45bc8f73e9f41e9072ad50c0a0a4222c,0
1487,005cb29e4c29f84d81aa611268ba5e439b1e242b0ee93061571fb670f8cd17cb,0
1488,76ce0c1d1efffdb318b6f31ce8b61bc1b00b587af91779c9b5eb5fdf429c5900,0
1489,76cf1ed50bd0a49909fe3014eafdff33d81496dca6cfc61e5e4ebe63536277c1,0
1490,4a48224704d77adbc110f963e504e54f909cd548d5c5373928a9833446122b96,0
1491,d260f419dd5fea5778b71f4890d8c358510edd7024934cea0d8d62abc14477ff,0
1492,884a84fa3833f2a7c8dc7dc56b79142f7fd6a047e2f52e9b6638b752b1296514,0
1493,545a13d7fe778d55b71c38c12e44ecdc912c7e1177e376c5e1cb4a38a9278100,0
1494,bfa828812e5937a694aa46d65fd9bbb3dc7c7348df5e1a0f54f8b76a311c3d3c,0
1495,a374925709c96793d7f2fae88ecaee3ab696ce1658ff9c55c32454a4fc3d7c4f,0
1496,cfde71b0637f5dfe75be70eedc65590b0ef74aee4d2441169c238ea8e9bdb67f,0
1497,9252479c1b6f1c4e47a4c86c237f1af3d58fb9f11d8d38c87bc13ddadeea749e,0
1498,2660eade8714f3ba1abd655a630cc1de8bb806a72872d6e3d4c5cc4859e6051f,0
1499,9a95e4202cd7dc582f895624cb9132e0e7f8db6215ccadfb8910f56bcd58b545,0
1500,f946e076a85948533f2062aae7e09e4a842c9573148ddebe50401acd15c09184,0
1501,fe2f4401300385dd1c5a2afaa381ce30008bf5855f9cdb4961b3e3e4a256867a,0
1502,fbbcdd9d739aba4f79595cd54ba57e88f5f4123ede40968afec58716f932216b,0
1503,0e7ead3b1265a4e9c3c4352b339f94d8fdaaa440c3707729c735519f02fb2359,0
1504,4c6ab6322edfb4b9cea9d85b9c9efba304eec40f1e25142a06190025ddc2e5fe,0
1505,fdd7027067bc0a8160f995a0529051d2d2bd3602e2a77f3867a1e7c4c637b893,0
1506,592fd88498ab306ad72b1c4ddc64c33e442fc73371234d16551c6e6f41bd9fb5,0
1507,2a5b2e2b4c76985ed2c3a1283b3a57b0e0e18f725a069642f0fb1b2c66c7ab11,0
1508,8c343523a9a780025ed5469f955acef2446ef1a92c1c268bc9e8c0ade8c670e4,0
1509,3821f3e1cbb92f65695a36d3eaada2e685c41d3978b50b8e0a92498f9610a0e6,0
1510,3d3f8e822498a7c5b0d5a7f0fc16058379afd946a2222ed5dfc9a00330c85429,0
1511,b8c0b42e642760ae5055bafc616f1e20d462b97992f9e09cf33e59ac786db183,0
1512,3b41003dbda8c698ff35fece5f21dea6ed6c2c9c451fd6fe8a940f57dae8cec3,0
1513,8e506546b094e8e891c4587d5e53c806a617a8da6cee69472a0d03e167ea4db2,0
1514,7a5e85561ab8542c72d12261345d490d20de5fe238c4354283445ada1fc201a3,0
1515,fc4a844bee79208cb849e7193f8ff7bdc2f06ffbac6093c8203999873d714338,0
1516,adf7a5d1baaf5e10035632cec3aaebe0bed21a769de0425c4ef5975015ac23ca,0
1517,4ef370bfd313bb36693562b167fff8f9df7d001641cc72fe344199483cd1f5ba,0
1518,0b4572328b567764f85c92c2fbb9e6a84fb7f66364f26538b39f0bcdbbae2249,0
1519,d2fd2599f5d926f19889cdbac45b00378a89932b8ee74054185f6f0e0726e007,0
1520,5d3ad57e0333e9323428aae3d0f4b1f87422c78f073c96b6eed62b6493b43cdf,0
1521,73a24d8a7988bfa35861d3cd05ea35a7af33bae938f930c3fa0d8410e9c431ea,0
1522,3d727236bdeef22774184e07cc774cd40b4bc44ca2a7f41d2b3cdd34bb1591d4,0
1523,9aa8035bcf316fee160031e61b2d5ee680da76202a8ce2772106ff54e6037dc9,0
1524,80ce82cc594b7a0627230ac9f2a317940a1592ace3abd1fae21ae39a705aa755,0
1525,3150d3c3a6d21df0eccf05a34f3ff75caf21b492dd72bb4adecfe0a932dc22b6,0
1526,93594ffe0142ff622b3064c1881ef35b2ac3f730fdb1152053f68cd2eef07daa,0
1527,808ecfd4d2f67aaf53ba97ebe05992c46180d78ef5d553d0de5ad4cf21cb6994,0
1528,b113f72962a2287dfd530f2e31cad94ae1d04d672b8560c115615daa0a459339,0
1529,007de12f42b28e98111a872545d9574e599b1769fd8a564a6ff955de2c987b39,0
1530,b7acb7a587fea1edbae7f8b4a255a9de12fa55f58da56cf81417a81e0182a249,0
1531,f624f3bcd468720d267d6db19a5d254d6e97a9ec4c69d2f1919f4f0f432d45f6,0
1532,2cec8c9d00a6c5eb5c2dec8115dbe2c5631da537a8cac9f0dbd8fe9bd5986a0b,0
1533,f3fe83f686f74358378e2ec6be1c6b910baf8db24377c59c6fa6f94532222668,0
1534,2ac58b7eec23cb9a8c1d7f0d2b6acbe87fcd2e967ea9d07c6ffd7b5ae47bbeb4,0
1535,baca49581298eb1388e55041e4428e55bfc79ebac41eeee9fff126d7075af5f9,0
1536,5f0db1527d11c172f84f893c7995d5b0923abcbfd30578d10cba8bc66a4a5d2a,0
1537,931c3519244417fde69429c3447349b391db79155ccf63deb096f8972eb847e4,0
1538,fceaa73213568756c9a23da2ed01f9cd371607bc4526a0c8f40bfc0252771ae2,0
1539,440541820d9c1e5ca5138ed1de7e5b11753ac651b0db1cc3a88b46c88230151c,0
1540,b327a05971572d30cfeed9b39f8618bf76870d36ed096d96494227ebdd4b3317,0
1541,2667300efb3ad10eef1418c0498032445b85a647adeac8b4301b84fe08bdfb3c,0
1542,52ba8a8e02d1c4fcbace2e69725511f67f2a1cfdebe29815cbc89661e5cc70e8,0
1543,f2ec5c4d0a322b5a8846c492300958f06202b196d98bae9ee3375df29ea7080b,0
1544,22b0adb377aa128655fdd65f1846630c12f11b4428be9db0a4f05bd3396a6190,0
1545,a0bee2bfafb833e91c037d7a457b5ba36e4dcc9bf7a8b70227d673de8ef0ec6c,0
1546,e81a3b0200ade7b5d7bb2fd7b5837045cf31cdad05956beee9291bf2fa644ffb,0
1547,29986ee0811fe1d2149dcb927e12e0a8a33f6e5dc3c182012334dbca174a8603,0
1548,4e82fc50250afb945495b0279fd654ca41937fea170a30a19fe4b91457575193,0
1549,8091b7db54ded499a7c33054c963073cab1f14d9deb8f7d36989c997a77b774e,0
1550,bc46bcf7751c1afbf411fb244109853e5065908f1fd74e3d63fd4197a1d335c9,0
1551,b215b8ec930f17abc09dbf94074fea69e92955395c1609a82418f119e4c3b85b,0
1552,1c690804f85e0e99e16c7660042ca4b41c7b15fa206b9249cd675134993555c6,0
1553,07499d17bd3988205c74180ac6bd427f8e10186c5410cb3e5ad1f455d0dcb532,0
1554,a5664a3d370d7354a17826a1f1ce2b2a5bc53f10f26523335e91b4f78bcb51b5,0
1555,709f5f3362493da34387e4d77ff6accaef0bed2f8cfa4a13fca393e89b085670,0
1556,39014362b82ac9cd7804a3d57df59138435057e7a8da877d6a541296489e61bc,0
1557,8926e2ab489bca2b6d95fdbe13159cd312187b3868e9d8934f1b568465b3db59,0
1558,6f90a53b7ae4a3afddbcf754365b50d88fecb0daa5d8d4a9857a4a2631bfd430,0
1559,4b497be50614a75146a2d0463a87138d7bf2557bb5624bde1e52f08a80830984,0
1560,3fe277dd79ec6e0e96a14e92681615dae05522ef82a26b2484d9dda482d0c153,0
1561,e263ffad7d61c78226b3737ca02d503fc9741681b295fa2af043872778a2f5ee,0
1562,1a51df74643e871032c9cace12a1f4002af20d0bc7d0addf5ec4063686c70893,0
1563,58b0c885793de1532cfa144058c1ed5d64e84bc35a77633751141b30ec727c14,0
1564,b4d9fa439a77355b4667ee9be21aefcc447656f3a75aa22e2ce43366277c67c4,0
1565,248b30ba3efafa4b3adbd244530f76df67624559c5f33301f3f2e0fb7de04fef,0
1566,a330f4100783c8f6f9b19c6bfd2c1acfc6d9b340cf3b1b2132bb126b71f10d5a,0
1567,21773270d202424f3042d34b2cd088262ed039153abd7b5c4fb9a349bbb45790,0
1568,a9cea29bef173f0bd4b651286a9bc6cf7dd7d99930c64de640c0849442258e86,0
1569,4a6fa35370b2c6fff803914cf5b817472c54d48a85db3dd370434d565ce55c58,0
1570,00742ac14d24629a9441b024c99a56e6c94cc42e1d427844abb7898b3463ebda,0
1571,670f0201af9337fae711ea2e64959d4a1999ba5fdbd29cc2dc1992ff52cfeeb0,0
1572,6e4532c87a05828ed69214d51b840d4a4383118765fa63cae2b926ad502284a3,0
1573,a000c0a13bb7a073d9d4040583062c6e4f33a233cd8ef056f2783247e1b0beb5,0
1574,e7314fbe5b8c4476a5aeb4e35f70d47e0b027a41267ec4c18b9842982e629b19,0
1575,6a48bd7bff7db9f4be7e48d5daa4989da97b1b4fc8bb1c5fe26dde700ebe0d2b,0
1576,5ae0f480ca90318afcc3790f6d7918ace99e923c34fc6b819cf2840eff2994bf,0
1577,81c99401c5fef7aacc9c93d469534d452650921958639f32fe4d83563017ddd0,1
1578,e74cbb5666d7eeab33b9677ced318519c6b87fd0c2dc64f4273b72d453c74989,0
1579,324651abfd7a01eef68e6f8a0cd18a932ef33fe7846e82ef191e33a1652f65e3,0
1580,b4a6863eb3186434cb7db51abafc080069ae77f388f29707d70f1dad1cf253ce,0
1581,63bfbe54e73c6142ab9577592cb2b87dc0e699cf8c53bb92f83d2e0a05523c29,0
1582,1073d9aeea47bbfca8a034bcab863d25c8055d116a8cd7190772757008ffbdaa,0
1583,83d4fbf3e561eabfd3ca836016550d9c50ddf57d292055c605d94172b355da2e,0
1584,ae7cab8007ee40b9e423a958a11d83f0d323be33c641a3fcea68bf78df19731f,0
1585,a62f3f9aa7582f09ea18c7273a1978b0da048487cda15c9af06cca63e0e73e7b,0
1586,42cb07f12590015f57e13336a1811de6770c50bed42e17fa5ba89ddf7df12002,0
1587,1becc4d567a7014bb6a5bc6ef635b59bf137332eb3f76b6d4953a2ad997ff2e2,0
1588,7e9116d4103b735f30ac9ff4c596e7b973ac2e0d5bec65b2bd3d0008fbdacdd2,0
1589,92b5e0a102e5046af9e15cf84d0f5ab7efc6a6db70206de783166035856ac035,0
1590,50f540c56fe5bb4236c7515bbd05ffbad6bc11119ea2ecccaf97940b69b6f667,0
1591,cb274f8b46060c05d80c19da1cdc3302c5668f41855cb73db3b64442b74b87a3,0
1592,f3fde796a4029b0fc13d7b6a97f8adecf95ba92c3bba5e42312fac14b5a0210a,0
1593,2043a184ff9f471e3d4c1b42adf8b1b021e89fc7be444e4c82e97c38554a57de,0
1594,e2a3c5daa477d0af43707d1b120c20219aa2ec429be2207dc6963b29ad4da3df,0
1595,ea595db3b606e8878ae90bfac53d4ed2e9e9fca1a5ebb293c4f95f16b1306956,0
1596,1c78df3d9c542ff6c0a7022001ff735d6f82f1655a126745f89b8b99f5ef599e,0
1597,ef3b551ccd46d42e16b63e5406b00ec2c34eb353042629d9e73284a1ae656383,0
1598,0f468af6c660e399b14e07294f908110b209d35982e3df752cf7476e6301afee,0
1599,77dd057a42f4335270a204e20b28ed1ac47618eeca868c8a4a8c6f67701708e3,0
1600,b99874916fc43e2e00fcda5ffeef69a675a3725c176cd4802efe9d3cd6deffe1,0
1601,68f1f547431bef4402a7bd50e9edff006772b484e0534fe072909900ed620e42,0
1602,2a30de956857a4dcdd4bc0b7cfdf7c38aea297e922bf172b5e22962b3630381a,0
1603,0bb0a36159420f2b6800e20363a8926ceacdde31549f9eba15ee507e5fbc7de6,0
1604,04fe8b31c1715c4b6c930e9800d701596640d66acd16782a48eae9b9be001e3d,0
1605,634a9568cf26436d46707445f13bec65be81a56d2da7466d61f4c2d0d285476a,0
1606,6a8c17064d97bf48997bf6cb6ef875283d11228438ae93eb88ee6c4f0f306415,0
1607,8d12ed4efcbe058700446439a66bb097ae4fec68f3cd16195d0f6b783d7a85b1,0
1608,36b5c9580114563f80e5cfeb9308ff7d87194f7199201a6eb6948116e1bef2a6,0
1609,253fd473c79a9812e5241400f55fe4b0fdf88bcc01c143d165eeb63ffd6f0699,0
1610,3dec6600775834b90e9bd45f513bc8e3eadbe078936f384cb88618c544944ba5,0
1611,2d9bf02a5a60f4e9c39548ff9d26311fedb1efab155231b365e99a3fe480edfd,0
1612,ec66172ada1f0bdb20d6d324f9132e60c7428a4ec470591b42b1ac16334d18bd,0
1613,560d4ecdb767b791a6b30069bd0c47400d6cf74ba9d94a0e89308c4c132a7ab4,0
1614,7e0820cb056bf0fd78c5cbecb23bab982fdddad2ff60fb256028a2f20f586589,0
1615,5bf3e65fdab4e2a466b371f33ef814521e3ada864ffd9092bc6a3cc64d534219,0
1616,496bc85eab1fa2da6d5f8a0ab25a15efdd30115d591e7c9f22d6384085b9e113,0
1617,3738b38b6c417c38c6028c3aa82ac46561e05d8c97c50ca4e1379d0c52a60827,0
1618,62b79290cf10205981cd9b38dc8521dba9e4794a963dc7498b5e0e7c886eb7ef,0
1619,35a9b9726f8514421977526427220eb5fc49f3acb842f5d1536a255730e9ddac,0
1620,121464ae6ddfbabcf315e74819583c6978bee8c733604aa8e8ca16593506e7a8,0
1621,b2f9ce25b7a30124c47c57751b34a788b5570a01e7b7d97aea7c54625b139835,0
1622,b629e30d4dd822a7c3214ea8c20a8985ac56f41532eb8c417321cb577972dcba,0
1623,f98145a7fee5466c7180fa07b000cede82a825bdab3c556e8becf1ede3914910,0
1624,3d5dbef2451f015ba4757a3c130774f2ecdc82d69461e338b881f7c25d35c666,0
1625,fc162dc2bc82e181dca4c18081a8a097cec08cfacb941c7b10657052a172ce81,0
1626,c97151780949fd101902dbf7fd495cc44b8417d712813a4e733e55c928fad002,0
1627,c95b3aeff1c2f0e2c0e630b858ff510308659489266daeff0edb84483da066d8,0
1628,69a981d930782a6b9301da6fe41c96565b7adb6a27c3e16c720e3a08c3b7ece6,0
1629,8c4d0becd076cd52ff5fd568d487de2193f7db8dade367eb5fb3ad8858306429,0
1630,4b9ac73fb02970398bcd70becf4446c55643189e98ff5d1b3a136847f1969790,0
1631,ccb90bee2f0cc261646e79a08cf572b890d971af6cb70677ec05b95c8f617e7b,0
1632,6c0b835398b4abfdbed8593a3e9a20b962da89af2b2dd6548d4ea41b71b28e64,0
1633,61861437e8c9138008b7d331bd348c358db0ae990e3614af56108013a5050ba8,0
1634,761c0f18ff0f7c0b557b4ace268deaa5de4acf6a9af13964c226abb3b58c6cfb,0
1635,2fb7bc760105cb1211aaad7bb6e539ee004d60006dd8e8d5244feda613ff1178,0
1636,f2ffff1b1c6cc8335bf3e3ff1f4bf74e218dafa05f9c96be6e6e6a0a79a31a81,0
1637,20cbb1d897acfe0aa4fd01cba8803a0a6a121a49e42175caec23495ad074f741,0
1638,0c2585860103bc726d34ef7fe5ce456c1d2aaf85dcaca110778b625bfecf148f,0
1639,537cea3d983a64303361a463bc579580448c5cf27504a7857de1efc0946fdcf9,0
1640,aa42213f51ef1bff4fb676adbe649c0348a5c778f5df1f5e0f7662cfb1e7dbb3,0
1641,6d0039a57574394183f6a7960f29dd007a381667376c1bf41e622bdfd57db4c7,0
1642,3ed9a7aaef76d4ba73cc9510a8cfb213b2596741e09cdd0400f2c93e96bf576b,0
1643,dfbccf42bbb167554dd3e74358c38d8d40ca2dafa966783e9c4ad5d511edf432,0
1644,29af627283ed341befce51a91e56c2926d7122f0d787c07c1768c845b91635c1,0
1645,14075f1ec2f744b13bbe7554574c12eb94c65124846961d28acf4ebf604699fe,0
1646,39fd098fff28c87b1f3fa6b3c073084dc03022b02217fec640bbf0342d96eb95,0
1647,de59f2ca18f68bd744243bde46693de26625d6f8d29e61b8cdf19773f9f39831,0
1648,c027a5b6ad76c13847757d52b3cdd50237ad307f0346d3de57217a865a0730ae,0
1649,c43b11a76a52ef9cbe61d6a2f2998ebc2f5e139a12fcf4e23aa2376dd12ae3b6,0
1650,00c8f4944273aa01560eb083d94d180eb77dbc9755912e6c7a9e1911d74575cd,0
1651,bcd8779176bf5e60072f74d64d11e6ce4bdfb30ae54252a6ac6ee98149b21789,0
1652,df827cf261f2c77328bb1d442ae2ea4b35cca77443f9d9032da8892ae9e2dad2,0
1653,bc69768fc5136cb98f96e493d3c427e7f24042ff18edfd5b9291c375ea4e383e,0
1654,fc8e7917d381c38a8d11329ca0640ef5c2ad87739ec8c779d60299a05b48734b,0
1655,c81a01187f8eac31293528d251be69e2f51688d689cdd0f40c971e83f29f7c4c,0
1656,9535db86805bfe7b3daccccf9b5747d36481af2e13a0cd5811a0c98136e25503,0
1657,8b215eaac6ec805c0c40753cbaa7f5774f7a108cb514b8bf3a357f3520f71d41,0
1658,2bfd0e3502b11d36dda1b7d4841ba14519dc97b1027bdb9effd84949e6fc72cb,0
1659,a4d8c9059cf175435d86dd7e5d03e5b4bb4c3ada011d18a465732234922cabb1,0
1660,bc2af53f804ccfca87a61a66864ca5fd3b0b1151fedb41e4f7bde941ad3a1602,0
1661,93bc719880b6ed0c10b3ba82852f7fb7867e1f6cf2b97c2ea1dad438e37664fa,0
1662,ff355629b639c6601cb399e2f831de8d53017de8af2bbfafe622c092eba5e4a1,0
1663,444dcb9ad25274643eb37bae9528e23c23574aa756bd76989af8982b2c740432,0
1664,0584f86828486a0839b7c62b5878e7f4aee60d7bbc211c795affe5c5afd44f58,0
1665,4a16474b0da55125322bdfdd714afe4f4c5743a715087649fce936c97ef3f016,0
1666,19f378c2af49e57ae8502d73b311db72ceb5fff9b301e9e3c8e0692949e6bd3c,0
1667,2ebf4c01ad71f0c15590b350aec04257b36697e9e1d4944602a6c80188042791,0
1668,62561cf7a1ea2d6b67486bb1f00feb2435a9b02633bb5eb2980f373565ca3cfa,0
1669,b29ea761ec1da073298d5f8192f37750e0ff7bf4773ccec2b76c333770306482,0
1670,b6ab9267af600d7b16aaa0cd3335123d199d6f6f6f0b2364d79bf0a288895c6a,0
1671,cbadd2af035dfe1a0e006d232e9bdda65fd9bc07a018c0f453a27670f0bdb6a8,0
1672,4e0a1a585a54c75dd613292197e3a1c19804a3881449f58fd5c6cfb9e381377b,0
1673,6caba1a5a353602e8793275a00c63af51e86275f40fd95a5509eb766ea1bd9fa,0
1674,165a8bef68dd637ab0ff327803d49aff0de375e07d445260f3cae31115a40286,0
1675,f2ca9318fed2915252749bfb5237972b84412188e30ce3c7a8d419629f530eb6,0
1676,b039e41c189bcf63d2cf0e33b8fa76facbccc5387f65a973cd88663b19922de1,0
1677,299cf45f9f752aacd99edd3aebcced7f6d60b02fe048e05e5410f8c433debc72,0
1678,57ae908c0b370a68c8c8b298a56ec67b3d1d9ea8c62fd4c9fafac5230bca53a3,0
1679,a6297ad5bb2a13425f224535428e22b354a87c3d24863f4ae9c6332d1e094180,0
1680,17cad33eacdca2e1e2af5955f3276ee7e8104d105fbd8491f06d07e8f8eb7e9a,0
1681,941ccc9b1e1f632985205012cf996c27a6a490da626a48c58e152fe14a67dfe3,0
1682,ba34610cb33220665556ea66972652d47c58a1304e282d8eb2c35eaf649b8a63,0
1683,15cbdcce3637515739301f98181bd59336752c37ec87d18c211dce8e13b128c8,0
1684,df4f65238b1e72a4437528cd23e8e099d49c8d2342fe94e75b53c6bda24adc67,0
1685,02db62766f5f7afc34b0e81a61c6e185350096c0a542f43d6eb3730922280b92,0
1686,544ea825b4b93f60524ea0acbd04ecdaeae96a933ca412221b0eafc700299400,0
1687,2698bc8923d396047f5d0e1faf984a417544018122fc434e4fd6851c284ea867,0
1688,39e6a47c95301475de2792cd5b87ce5c318e60025fafa61641fe50fb909a9e4c,0
1689,8a71426dc77a00a9e50de80d0625e4bb3795a539b7ed616142c860ff02bb8392,0
1690,d2d7bdedf05c527f70fd62e7f7af0af449452e6e5fb425e1b476150cf3994771,0
1691,4936885f10438e2a0a792de3cb3007c52ab66ece5e2ca000771647496a84be55,0
1692,b2c2802800a999d5b43db7e61ecccfb4895073aff0cb2348b1fe7d7a1d1344e3,0
1693,66f665c91399914094e7b342afd885d250a4e0131c59db4244bc4897ed441ddb,0
1694,9f728f3e5a997461be4af84452c446348413a63a769dc2728faffa2622790932,0
1695,bc05ffc09f53dc4b04af67fddac07e234bd4aa0847c311bdca7492779840aef4,0
1696,68fdc9b890dc94a656c70023f53660510bdae56d3d12d237d81da1b2919ff7b1,0
1697,2859478fc1501135356c6dee104b6526aa3c766b0f9fbafcccb36673b660d0c4,0
1698,1cdf484ef0f09f8881cf383398dc23f920b145abb56eb81eb42ed3d7f82d2a01,0
1699,1e53c0837fd819f1679307232bbff1270f9058bc097403614467b817be27688f,0
1700,6d4efaca46feb91fe76f97e24595e188e4e3cbcada6a4bef56073c32976753ea,0
1701,ea6c1193ad52cc937181aabe277b1788e5d54645aeb8b3fe2ad6c113a6e86e90,0
1702,36a9ac2873b669b72511a1910583e16c857f762694929e3fc52ff945313f4f84,0
1703,8f3bcb16f3a00f874d4124143a4c51fdfbfae3de4b00de7dae8463b3302f627a,0
1704,f1dda38dd13f0b7de13ab55c9248cba4bfe6a3c74055e326211428118eaabef7,0
1705,f30aa541d16f844d606ec7c096c538116d913d11f95364553382eb9c5793feb2,0
1706,2abcb6ee38d25d4e492a2db963db519accf0221f167075e6045a0f586b551320,0
1707,3edd7b42a4df6e320e0cdd8d939f7b9da6e95a5aeecff7b2cc1757f0380b1e2b,0
1708,251c2629f0eb2504753ffcf0056ca5f786b5627fb7cad818609f9d37cd37c27d,0
1709,23bef5f45cabc70aa4f248ec1b7d37e1b3feef64000e9b92cf8a79922c527045,0
1710,ef4e4ca016256b97dd5a7cf3646a6042aab54673a21b2a1ff45313e0a1117337,0
1711,a819cfe9ea2a32469db99d3291623e09f160f3ee61b227992a8d9f0c774b89d9,0
1712,52ef92e49f656c10380ebff4a9b9cf277a7efcb7003b6ad3469731ecf61f2485,0
1713,bcf7651b344e86481b0ac036e149f214bf856059af4fd14e6855a8d08843b246,0
1714,86efb0848584b53e1a71812b7a88f44b2f36dbe4f8aedfb95ad14d5ded0290dc,0
1715,58cf19b9338188430501cae8b2e089988ba84072c525ca56747b63e1fcaa3ab1,0
1716,c268f5aa7852d5f777b72db3d58b100c234c0da474fd20aea727e577ce65704a,0
1717,a876467546b2b77935472c7a167e6aaa74c337889c66056623d81b87f2b9b16b,0
1718,1ba1cef2676aa6b963f3a78f59d62920a9f366a0fbe62611b306f780059a7f81,0
1719,2e69dc911cbeb7e27f586eebf6b94b6da6b26c31ea8264dfa595a8400da2d31e,0
1720,d1af9a051798dc3d5a5ac8ae3309f74c8e7fd177bd7f3af4dbd5e9c9728184bc,0
1721,2cb92893cc0b5be78a0616488102a855296560f8e9b68031e914bf6be519cde9,0
1722,cd6deef076dbc2a2ce0fef4c05f18e4ca8c2b150d582e8468c04b50ea40dd1e1,0
1723,8e17a9bb62762c17dc4ef079d6a8000304f1a3d72173ae36912adbc1465eab3c,0
1724,8c0151fb661ce475ce078c7288ef62a3a7c7f8ab1c4b07b3b218af9f032f091f,0
1725,5f6711d4fe4e227ac8f25df7da1f67380f800d75d41535700d350a61cac77b6c,0
1726,28f9d8f238e39fe6f78936a8f4e478e1c2b602d413cb468370abedfaca6c258b,0
1727,6c79b7c0bb39d1076056680baa991c19943837bddc378cebd7b3183e3413933c,0
1728,a14bf7576cebb05ad1e5f9ff6ed613cb5ff651f91678faf28f7b0f2147a2adca,0
1729,ad8cf0aaba0db1136dabf7fb730e3a25b41eb305f4dc2545731e402262b9351d,0
1730,55a360fa090e623c638e3b4dd101057f6ae05125359c7af6e57f13c33d4223ad,0
1731,c234a2c7b0a173fc410833612c5f9b45c0bf0560ff0d127e41c76714adfa2af6,0
1732,fb5dcdb16d2c5391e7f61e286060401ac5c1f059f9ae5275e73a54654e5a8139,0
1733,09584a8cb667af2edb68808ee4fe404fe29009c81f3f7d3aea48b53c9512315a,0
1734,872c0e15f5a05a45f4dc33b1ab999339be28944224a25b69f578d9985f8071e6,0
1735,2398d0d4f66e53417578e8694c8b2d64184dcb0513fde8f033c83da136cbbff2,0
1736,f8535d0888a066700b762125bf222a3c181478671cbf4f2765f10dd2bdae2cb8,0
1737,24d4e0600fd6354e763a087ec329bfdb1afd35518f03df83a40d6c70bbfc7d9c,0
1738,24e9eac637417c4a46f42146f521da363eeb1765c9df1937910cdccc5df50c84,0
1739,a902e519907140ab943930df876417300ca4642375709599283e3f56774b6b3c,0
1740,2cb4a95d4adb11513fc6ef11a01d6a23624f39a82cae2ff00634b055f8e8629c,0
1741,7e22056a75037944248b7b0029814c58462caf0a71576c7273be622962cc217b,0
1742,a8737ab6f42d1abb9dad38a118b3971e306399f905915325e02dd9e9e837cfcd,0
1743,1c08290994cbec7bd2c938c6ba5a7b38bed300255ce7fddc6fe3ce3cff749c3d,0
1744,ef265f8f411e8e10d56b15df62262f54f2f1a621536fd01ed68e73908bbc4072,0
1745,0ab851c07c11f86a0c3fe5641eb2379daed3075145803f752aa96248df800909,0
1746,54605fc597a2c9d59de4a456d61e7349990f1cf9c5b2c72420e99362916ed0b8,0
1747,b26262f2f211032c3f36169c54f839258c622c6e469b5e3ce3f0ff8a2c7c4a2c,0
1748,e22d0437dc2379fa4f34085905f9c33d9976f60111c527183081c7638ecf6013,0
1749,b5f3b13e0c761b7e0158fae2f8699781179d50f6e9fe610caa809e00bf07e10e,0
1750,426c160ce347f6c728873bfd8162341b8d5fbfa2868ca526056ec42ddc220107,0
1751,9fb0f763cfd83be160ddd8aff153d5ac5e788e565cd19bab8640a9cf16e0d5bf,0
1752,ed0959c2f09376f1386baa1a89a9a4ac94886446f8cd8ea165b9381bfbbacb36,0
1753,23a8eff66b2401b7aa691c357641ddc0fd8d0d1e6c65e475b550be6bbac7bd86,0
1754,d350f10e658f271f64ff3ec6b90bc896248ca71875c5a5da4af87a174b115a58,0
1755,f14eb4990a804f6d8bfdb4a8f283027e9b264df80ed590b76eb16282fa14a041,0
1756,29915c1c94b115c7bba02162681f1ccb622181e93c9598342c2f4f39bbd5bc0f,0
1757,1aabda13cc954ae9e605e642ef27d7473d77eaf2667979b16ef4ad812f89256a,0
1758,aeb02a1edbfa836cd218dcc1fd8f55c731119692547f3303feaf8160d9b54b05,0
1759,e95b0d6d0c751a654dbefc0fd8e6695379284f05dcabf13f92c2918b17e59eb9,0
1760,86052971caad8c34cf1819473cd43007ddf34f2feb7436627720c63ea6ad916c,0
1761,4f25826398cade92a3b17835ab5839ba3f4816b4dfd92d481fdd8bfd2bd3f04e,0
1762,d6a459400585629c8bf5c1344ff89f3ed5961fa590140de5e2d2315c97642bd7,0
1763,f46bc588b1077009638a63863394f06db188006c0046e8afd89f2fe7d3fabc65,0
1764,f9e49e10c956b3cfb71a491af1ba9a6f7bcaf2ede7e3238634af7e121539f09d,0
1765,62c8090e93827a69bc93b2297f8be665133786efaf2cbfe467bfd860f1d22e05,0
1766,89e5d33933b14f3389b2d299102a622e266003545d612e6974e67fcaa4485a5b,0
1767,faf681cc4091d47a661796a257f92ec69664ed595b2e2a3ffa9babea184364fd,0
1768,a93649d3fa21d3012b87e3b732f7abf2dbe5528b4a6c5132892a0745cbf0509b,0
1769,322ccf3907d91c59e05cd306288cdbde11845b6c739652f60abfc427664c63da,0
1770,4e8b082cf7265227a1e02d1737d25864d44e4d3bbde148478c2902d7142a69da,0
1771,c7bd21b719f00573df3df8a7775fe550b4319a8b94a25016c5a6e3b8257ae9d2,0
1772,2e66fc54b0feeb4debfc7b5b5387fbc22da101d865ca9c9f264551b59093c08c,0
1773,001e68fb1651457354204bbbacd41178779e4b8fcdf6f9039d4e2d5e9a911f67,0
1774,fc44e0380a7bc99b18a290a1dfbfd860fed7d94d81aa9c21a3259ab890518e6d,0
1775,8f494e022e26b8dd280c9b1b8689216abd4ab55d5c2c8fad61cedd4f155c1cf4,0
1776,102a739782164453d7bfbfc0585571649fc945c677351f66ee1a2e4ac0a3bec2,0
1777,d583f81fdd0218c9e8ad6eb19f90e24d989fe33c71c5ae0be026ca7504ff5e64,0
1778,2201165bd97af709c9efc8c601da3aa21b2646cdeb2b8e2adb4a6546b92f21f3,0
1779,de72a03cea30f41d49540e964c2ceb3317b289f13664d44c585e714102809b95,0
1780,e3982b0a2fccb5be0dc3fef816cdef34362e2e2e7deab57b2188e0498a342372,0
1781,cbd494137e4726d55bc87dd078f105279ec233bee00ddb724526c1780154fc24,0
1782,75f5572faa3795fced92f0f1d6ed80f47cce2791b14d82e57cdd2b50d9565313,0
1783,af39c7f006ab5e1ca02ef4f7665fd337377cb84e72d9b7fcd383127f95bf23df,0
1784,74a4b875df1236d7ff8ed0cb65ab9d30e454583671504fd4fe792c2cd5844c8f,0
1785,74577f2de1d331b58768cecf4fe57815288987fcff61e85b33bd851e5ca9a669,0
1786,63ea7a4707f83482f04df68a25215fc18d75906c8d122d7675a141cef07f82d7,0
1787,cc8b5bdf6723ed9afc5b44127d5f50e52fbe94aa048605676a7c4a78489ab35e,0
1788,da8483b9be9c54efd8af8acf69fcc9c0a09e844f68fbda0d1d4e6a5b83e2979b,0
1789,079a41be6d8ff2b04e75458719b30bb5a78f38e97c6ed5db1fd86f4615f08b9b,0
1790,65907096f825d0caa30d3e0f66274915fb95b12cbebbaf9c6420f0ac1aaf6931,0
1791,9a9fceca0b63abe964e79859627e2c0f92ceb54cc4cfbc96977b9051b8d9dfb2,0
1792,70510cb4015b36ec9971fbe28bd658832f8b208e414f60feb3ba513d5ef478a0,0
1793,cbbd524c36e2c90748e6be011e23d2e83ed28e629d0318ebfb629702f231ca6b,0
1794,9cbc85659b8a8226a9b955e4c37496bb312ef238de4caf6f53ff7bb087c9dcc1,0
1795,ed015eab8cf5dee1af1f8e0ff5b8b5820cb933e9684799b6485f2c0b54b2331d,0
1796,181c9afae2bee01c6b3e835c72547a356b62aafeb2a9e64886b1f472fb081341,0
1797,0f78a76157d93549f80b6e5177b1a2c1474a30f2bbaf1818449ac9225bb24a71,0
1798,5049301c7a5994f7e30b47e9eb3fd93e052caa8e68ba5a66c6839f0dd698b2d6,0
1799,be209c889c8ddb3c039b0453e9c596955944735817fe8530aceed6e02a44c409,0
1800,3af20628bccfa500586e945db3c07504ffbc5885ad6dacedd6287d502be23106,0
1801,0e4839e94ae8eb075b9b3b023c43e3ea24af5f8ef13c261da599439b514dd3ec,0
1802,e83a82bd17c646d8a4611fbe96474da9dd306edc64288c90ed0779a8dc16ec6e,0
1803,55833f1db6b3572e9aa424aa8319549e08917a66157bfebffeaa561ca99ad8f6,0
1804,18d07718b796ff15d4ad18ebd2fd14357af32756ce647aab0e88a07cf74c65b8,0
1805,ff1f9ad78f7e571161d67c3d1444e842f5ee21b0275ba24266177669d45d8480,0
1806,f840b5bc278ec44d379237e108fd99fcefa6c13c75ec95df0c4030769f09ab5c,0
1807,0a477eacb533e085976775ae9ba547bb6019bca3c3bf927f53eaca9136b8c13d,0
1808,2fb11fb3fd64da5b2006496b3207f1925286a931186d661cad7bf3b928988019,0
1809,56cd3354dd5d86156f42f25e76c8e547a675469a6fc1743814846a5ccab36487,0
1810,486a19089b521d62c3b671d5a8ffc27380eb1b28c634a552c6fd4394aaea7e68,0
1811,e60944626b27481e24f52165b04ed8980d7248d3cd8e21a186b0f8680343c1d9,0
1812,87f7effdae54481c9d546a053b1c5abd49d1943f7dafda9c7034464d94cc02f6,0
1813,a7a055ee8c0678f37f0affa4552511904684167f69b6b1143ad76ccd86dac92f,0
1814,30bb5cc0e327e2850c81d5424961acaec42ab60b36986dfa73132508f5ebffa0,0
1815,a228097101b3f7a40346eea9b4d5517b09019455ce2fe4025bcb357f6e6fb31e,0
1816,52de9598bf863458e601f66597f3982e0056ac22f70db0b473173f716746d292,0
1817,9a376dd0aea4cc9f222640e46328cab1d6da2cedbb2cdec1546c89b397e08684,0
1818,f1adb9d247d0a84af904fb8a1784568a8d8412612099090a2bcd0a5074d853c0,0
1819,89646f58be88404c3983b217db842f8f118d5875fff635e477c3ade7efd3a103,0
1820,e8c94ba77314e22ccdbb3284e4f2a915044cd934d0d65f82bbbbc19397ddb00d,0
1821,50809f2be03589b867a4e68925ea2c94b471c1b7ae7651dd9bf889318e8b9ac4,0
1822,365c75362a0ce1e0c779a1c6f0452fc379b01d7070e4d1a4ebb58e62215b1b58,0
1823,49b692b3cc4c86ea9bf16959b5370dde71133d09dfa9ec00d655c0d1cb0a380f,0
1824,db8a6037dafb4311d722e59321f3911c0ce3074b8b3fc69cfe1eb9aac22a3e69,0
1825,692d085c7961f56e84e949f8fdd7ae2b63959aa2624eb278a86b63b88e37819c,0
1826,98da584278b66e5d547f184273e56268bd5e53837787f15c759b5d1228621470,0
1827,c873200b6b331cbcdebefbb70d41f45e1941a5c0860d3386d624bc772dd7b0f5,0
1828,001f450f2538b57ad14762aeb3ebe065601d092ea0583701edfbfaaa0a39a19e,0
1829,15cdb734715723cbe0fce92a7149e7a31d77d7cfce9b637417457b7f54fd0731,0
1830,cb03519154d18764d000a579bc08de28760a47c023df5c0be3fbc3e696a67da3,0
1831,dcaec90c67cbac3e321ddec758d47996d5a2bd56f9ee92f677d131fdfc1b69a1,0
1832,ab6555c8838368cda09397c1c96164e96b069007070191ad4a889aa621bb2b79,0
1833,c85471f6cd49bc935842b2831a799939b6fbc8e64bcefd50e01e34025e8cfc54,0
1834,609ac3588ea3c04647f91191221404ef5e63737baa7099119f76510560845910,0
1835,74a09a081cd36c92e22bab9c9bbb5b0874f80de4b8d5f0aaef3c98c5d66d44e1,0
1836,d4eb10d95677811a69fd5cffff98a80b9f5b4cd74ae42576d77d0049709ec486,0
1837,e383a0be1494eeeb7a32278bdfdd349a4248116e91b6badca71ea611d99e4c32,0
1838,a45316dadd1f5fd6bc07d8d2c9d158823afca1ef23918eaac324c339944f9a62,0
1839,4ccdb9aa7c7ffddbb15789473d55cd893c39c57c6a1b662b2626bd33e05f9f69,0
1840,7a084c21b58684b53734b390240ec23dfddd924cc529a38a65aa777433db9d14,0
1841,34724f343a2db94663c2619b8d1620db0d0ad5359cf7b1931d72c3ee069459d2,0
1842,3a303cc8057d4137b623b87f3bf782a20cd0d57cb19c14d549f44a34d37a1d42,0
1843,f08c890d3de59ace8e36e5052715ca69361f15b5853de44dd4eb8fa333ee713f,0
1844,3b1a40b7a62638bd0a794744302488738280f786ef491433d4726f2301c495db,0
1845,7e5f7424d3b25356e9527efad6a12def31ec00ef9ef8fa471b2b1af2d397a935,0
1846,b8ecc6ceba90337fbb37e1a2ba002bbfb9c953037bf54f86bc60fea793d9b46b,0
1847,e982f4ca059a45dd99a091e5f1d66cd8aec00b16b17ac01c37a0edbd8eee20ab,0
1848,3dff404b24134b4774e086fa53aba32d6e2950eae93959e7d5c4b27259fe7def,0
1849,f0a89a0d976ca17106fc9de7bcaeeaabedb692d16a52ecdae1aed6c10202ad6d,0
1850,30f585c18db47ed224761b58932bc6865a9c8c153b5c70709710f55aabfafb79,0
1851,5de3e509ca9d06c90c703dad7b9d451dd90ee36a4b376f640845c5c4ec4e9948,0
1852,5669bd838e15aea1b4bb9f3d7ba9f68b2e6f6c301e9f06125166a90df9073c79,0
1853,001aaf3cba0faa284827e59e1877a0ce172dcf127cb8201214e9bbaf02786776,0
1854,8b5989173b795f72aa097d241b643824337d091811177e412c01cddcfeddf6a3,0
1855,fdc4bda6d6d361ac7bd9723f628ddb2505a251d977e318cc9d4ad3a2adadb35d,0
1856,cb3af596287bee0503fe296da7223513222f0ed59be007710c796c6152d82ba8,0
1857,a92a5c4abcc9e5370e847b385c3918675d39a961ed7e73003fb5432be28a56b8,1
1858,d9c4bce560aa897d987f9f0fd683df3bec490c76a2d4c8ef16decd3ee5105737,0
1859,6526a0e79aa0b1c3b328d4eacd52fc5e597398bdb28ea61298c678aa9a024442,0
1860,04278a3c0e629b676674e7b3721716b6601dbc72ea78fc534fe0dd186650d710,0
1861,0461d0efa689c37d6578bf046e17161a9c92b9203b5499c92ff30e1a5b7ac26c,0
1862,56f2e914bdb083eb651c15cbd9fefa281c2d67ac3005cb6ab152a00ab4472bba,0
1863,3cef8b1f9ea435488658eb9a2ba93fd86b00a80215933674bb3802a31a903724,0
1864,73c16587a1e5a1bcc1b5cd0d1ae8ea930299e370875d980870ede4ad9dd7a88e,0
1865,7bb851cea1376996db3a75fd6adb2846f18ab363787dc226b8bfea05eb012323,0
1866,a848dbe021110419662270edcbf3d30f6324ac9181fee70d8ff675ee4438c156,0
1867,29c5dea33fd8a78dba2bd93ced7016b513c612af458448695fcd18d121806690,0
1868,01a16604a4575d694c5e70ad9e3dab75d5f73e81338f6d855793cd5ec3c4f73d,0
1869,2f2154381668feb76ce7b9a81df364733dfc8ea77bcc7555e0cffef7195a1ee1,0
1870,0a74a4d11223570f612452486db43121e8a51b1122e3a0b322a09355a1235ea1,0
1871,a705c03898b3a1843c60aebf2eef28f6e9dba25b4655733a7e673b32654d4ee4,0
1872,813a39390b1b0278f85c7d8255d9e4a8759a6c094802e984b7ca5ed5033549cc,0
1873,68ae64c98c3b6a3690a1fdaf4d6dfcda90046403904e4c8c255c6ae9c05c2947,0
1874,33bd1aaaaf6032da005a3ff2915d8ca1938af3f77b463bcdcee98d207eeff951,0
1875,bcb2d23a41c8d5a22b8c7cf27ac2458e73a5d17967e79135e21454c2f839911a,0
1876,a2fe4ff4e33c0af4aa84be7883341639442e7459a175ca3d1872863914a34afa,0
1877,6717c7ef6ca5b0dc192460a45735a0069241a23b29f986325a969f8e89166bb4,0
1878,006a6ee2f2e87abe7fae0e79cb4fab18b137f10044b986c1ef4eb2e01a53cf3d,0
1879,d0069e8d9507a1be780652d43bfa06604856205f8f308bd1c9ccf62324d5408b,0
1880,276e09af80a1f9227446dd974d727006767de6c2919fd29bd2a3320c945572fa,0
1881,1bb3296e248595b89e9a148bd0f56258ff6dfdc04c1595b128e36577517f0af3,0
1882,05ab850724db4011fe4d295a05eaed870293e7a0949d9ebdf87812b5671c9611,0
1883,505f8d4a9df7ddcb7684e0a899febced5040b5e9c179393bae4747d6e9b11ea5,0
1884,99543166b709cad33e4cb256c6aba6637c0a489e4c9ef29736d6eebab6402d8f,0
1885,c630a1a58770b5d511ecd5ed7756c66fd2a3c5ce37d930264567437b5e2fa0cf,1
1886,9f380efb2ac5436e12c909fc7709f393a594ecfe83da7e8dcead6e3c97c233cb,0
1887,1b482d8ad9cdcec8d3859000036e86e8f30f75654a77fd54678a13a83ffcbedd,0
1888,ba6682e512954067244251b9bc0736c8537d9360730c3b8ec2cb09f8c3415ed1,0
1889,5cf02d11e68f84ae7c73432f2946ccef7992a8508b5ba593ff913f3f7a721044,0
1890,d911c6c46a788d8e1537da8d5405256f40ba0660100c79ce73002383c002c474,1
1891,2b6e00fa25100c4315ed1829cf4d7e841358d48213bf3e560ad71199991de1b8,0
1892,60b1a5cddfcbd80c00607e910d74888173776fe8585a2efbdaca8d32ca8d7c1b,0
1893,a56824089ef5c065dba374fd2e9048bbb3c14333a25dc9d8fdd46ec1089e807e,1
1894,11a7cd42b6d00aefa013f74a00e6e261e55236c1f2cf45308a8d3f352f0e897d,1
1895,f36fa71ed30590bbe10589646c553c1ccbe8cf0ceb2d37b42a13d94c20f066b1,1
1896,51825721bee4088201f83658b721f93448e0f4c8d655b2f94590865d331169cd,1
1897,47b433e4568a2e22e87d8851cb2ceae0121ac5b11d9e3a0b9821e16b952ef3cb,0
1898,499270093d20a7143b2cfbc9c77a79220a038fd84fd3af7aa342efa347bf3ab8,1
1899,b0aa7ffde0087ffff525999d52f70e09ddfb1716ec63c730e26c6defeb2855c0,0
1900,d556464b1d563edb6ce2a11cfdc535dadbd7a55fb13713b99fa2cfa5c7735784,0
1901,789c1954ed79c032a70bf69f487bd2fd55a34e5ce0cdcbc4482ede89fe2516b0,1
1902,4fb1889c5f854c7e82bf205b431b3f90330763144e96feb070ad5de160381804,0
1903,10aad2b9e72acc7f5bb33c97c147ff5e05dcd0a7952c882d213ea6a9d81b3160,1
1904,9db8dee41b2e30e61e3bc8f7f163fa9705e929ae5c155a8cc4e591edd840ec64,1
1905,888e37a60d1dfc80558e8ab37ae4f3e860d33c816962f6feb776c9fe0837003b,1
1906,c41b2f8a4e7b6d957be0092534a33d25ab09c311e5718dd012474e202564d2b2,1
1907,3c1165163e12281069f373f3ed13c4b1839eab0326ea7a530f5e0f4e17e3d3d0,1
1908,86919dc4342ad8b5b850c89233f624e70d797a9528d0cc80b331525b96825703,1
1909,c769800b4594cb6e65422870e0b9f7d13af32a1312c4d0014cb68eae67a96bf2,0
1910,1c0a92df8c7110877d337e232a2b8a49406802b6a78dd0eac898cde413148042,1
1911,4399ca89c1ca55f5197292428badd98bfe4100b018bb84a562a644958e6cdc2d,0
1912,3c7f4c62bcab55fec829106a05aa26898cf45709f7728b8c2bf964b238eea624,0
1913,8f7940b7ff75ace202ac1ac976a9e50138627e31e659eb352e4ed8adabbf0695,0
1914,2198c3f71b2a36740ce61490f926adda7717c7bf8673a00093c4cfb129d738cb,0
1915,8c55a000e764b4af23d71d89f00c69dec347323116be058d98110433b5b3d67d,0
1916,e2af04499e16692a9f2a2a9e8856ae3151382c157cdc916aa3cee5d8fec4d44a,0
1917,51b2b812c9a7cb909c377e6deea53c948820d2ec6bbe7cb62929eeabe3eb24fa,0
1918,994c073accd38b4f9615f8d4db011de7eb84264652f74efbe90b76d4fdf88c2b,0
1919,fa46b9108218e37b337b0a6ae4540d93bf1e704020939a792a4389fde9415270,0
1920,85bf232e8d5de0294043d0c54900e736f8f3ec4de8c6e2a175c449d3e36bee81,0
1921,a9e568705391741aedd210ccf227c82bac482ce52ed4e8f539fb405200323cf4,0
1922,e1651f6474fd6771075a818c46fce7cc6ba1adba143d9605b296a2c505d8d575,0
1923,65b7d9c4a35259efdbf82f3a3bebedd51fac9fd251ff740c6c0e97ec305b13e9,0
1924,3fb617d539a8a5b97e4357159e7bbb910c57fc837bdfc98d442a318568096424,0
1925,d1cb088616d35dad2954eca7517c23b91c4aca8a4ca52c1f0579ece11032e925,0
1926,74155e257c6d9f804724f42a046ca806927b61301d803b84c445918a2b58da0d,0
1927,f1295031058b630e8c8abee09768eafc5a817475792933b89195c4cefb09ac9a,0
1928,554465d7a7b5cbe38daf06fcf93483063c80021c724971d7c61cd90ccca6d7f0,0
1929,23bc36946a90c7087490ba5609691ada7170bf080662ee753326d517d9f58fa6,0
1930,8384c903202501520ed7cc040a3065535b4bb50426a4774aafdfc6157bc01100,0
1931,03070bd3963dd272246619db4f79a3119a9027b90097b006c04c2e58d7238c92,0
1932,fa65d464eb7b517f5620e5ae9f014391969e15489f6d565a115a672663d31fe4,0
1933,090e8650ce11910b4e1febea678cef19e07d40e709fc8e9b067abe7e65e8e8d3,0
1934,1d8a056d9c0a31d0069839932c7fa96c17e48c7114715753cd9878b0dab0a91e,0
1935,10383ad24323620cae502d75685097f5412150bdacfb159758c5ae1dffc46a25,0
1936,c9d4c412aac8c28faa8a7f41c9a107ce361c3c3a47dd87d49914680777485fa8,0
1937,879a536705d77258499f25d4a8e61142500de09ba12783650e5bcee9a71f98f0,0
1938,8949f6e0a731f64f93ac2127312fb0a76a09f4cfe52aa54ef016fa011400e9ad,0
1939,cedb2f4ffa75346caad98386002b065807154796c89bcd601cda1980cd99db2a,0
1940,1172f0b03a4ea84d9a45ac194b30c30934b1ac0769ea96211605ba145d89e0a1,0
1941,4a506cc85ed0d507a4b23d48919e7030f42d12d0078bd1c48dcc9a4ae4b6100b,0
1942,327582b181d36ae3c503e00250bdbf6e67e49420402479cffddbfeb52a256d9b,0
1943,6b21220823c67497e9234a15dbf82b9942bac383677b411623803c0976d5ff43,0
1944,844ca907466bde80506319a22a08521dacb613a2f30137681ca76d3d69468d6b,0
1945,7918ce4a9b273996914fa9d0c9e6faae19122049b112ec0914c5e7000eddea1c,0
1946,c542a8620e54e3a54af19c72420198c2335c6dd5b78d5ae45e5acfea3a8382c1,0
1947,e058a5bb693a362f6cc8ffeaa7b1e8232d30c7bea2fd96009dacc8f168cda250,0
1948,932ae29fbf11317b69400fc14679cb506e47d4592ba149d2cfd799d7f0e6309f,0
1949,b0ee8c70759178b9b57e4d531cfc5bc5359113a4b44c31cb8cc02d502fc72e51,0
1950,ea64959940d5aef7a58262bccde8d2dc6f74c4b940568499453e499028f44459,0
1951,fa22a50d6083cb4e5c230b73102e5a27c546026e15029028cc27c1ef4f519b10,0
1952,84ea7ed2fa0728f4863bacefb482076c774b1f4bce5c4d0e2c41e9a35ed4d66d,0
1953,9d74c317f8ce108f1686a35ab22025d18a2e12b2eae78c8c5f5bf7e872711532,0
1954,9b0f6c5d3dacd948ff91cca735921898933b09e09495604d9118dd5990ce0490,0
1955,f68ec7480b5dae583acee9f38f69baeb75742f68f0e99fa41ef44e22254ac52a,0
1956,d027ab0fb3d5c32dc8961018c24719c55d1d5e260821e74344a82b7910c5ac70,0
1957,fc74e556f7da1864c1a18e7b6a45db861b6e69b36bd94d1c10e5e80a2873c922,0
1958,3d5165e8bd27090d6b6dff3b6b0b43458091c7a4d87df112402bb78cfa27c3c4,0
1959,b7c3757a9c513016e0b72ebc1ebbecdf44787b4081617bb2448caeec456a6407,0
1960,1509c9f5b0ab9a98cd2f024131f99ee192c12b26702e960d266b202ec9734c70,0
1961,a35f76583b98135c807489aa75d0dc42d50c3829b899526077420e50fd397cee,0
1962,b07beb27d93806bfa2932de34c14ab9253ba3bb01c8d4194ee0437f64eadb460,0
1963,f35ccbfbd258fa66aa4fb35a3bb09f32a89ecc15ecf57ed8ae4d80ef3cf273e8,0
1964,c19c1f92d49a095e50dceea264dccb1e2326a5ef8fcadd80868bf5cc8a150f74,0
1965,24dd3f127d7b7008db55e50ea7b85f2c4277b3cd63879369bf13ffa6967f9f8a,0
1966,343884358b3dc850dfbf8ff82d51d41fc6c8907c7b074f8f486032e185eed4d6,0
1967,09dac1d8a4832f6f4b280d0dbd7b93f4567a4a1a2ec3838998facad3bc78f1fc,0
1968,d010377e80ef4b65f044a75c597753aa66f7241f86bc4b8efa29bd9fd6469a3d,0
1969,0cd740871807c0cfc2b35979b408fff2b36ec26b062b18f8c5967ffdd73db87a,0
1970,22ca015c68d806acc926ff7f3ab4536cea68c83402f21209e1b262b445cd0b86,0
1971,34a673493be6ad14a756752e9ef2351b526438f7f3beb12f0a52266e5a54561e,0
1972,5b77eb31fe5dd4632d5c10f0d58acd523030680371c82648f30cc7fbcfb8969d,0
1973,bb2637383e66e0cd32a90473629b9f0258efea25327f96ee2a8320b4cef525d6,0
1974,ce3029a82fe4910e984f2dd181a7ff8c4344c3d3e7eb469fafcb2a5775bc6891,0
1975,5e6d5e52d481e0827bae414661f282700d2d71ba75824be117603649be06cc4f,0
1976,c717e179a2c9c7666a9427fad747714cbb31a5aeb32994407858eab1c684b9a3,0
1977,1c9246a50c0220e3956c07d0a9886f4365dffd6722197971ffac853312f8e527,0
1978,d5167e450353b1543a1b2e25388aa34ca0b40f1c7890c46f2074bb93553c9b1d,0
1979,5c76dd568af1a7e2b85fdce61d45d1a3f8df0c830c99ad5873886b671e121a27,0
1980,ae94cd79f21241e7b0c00dc7b8d45dda438b040bdb750d3b09e51357c04a7109,0
1981,7cc44e3d2c529ffa81fb4b5d7bb5a0e7dec0c46055b20aeac6171928e0b58d4d,0
1982,7d6eb9d46af634be6781a6705da4dca07f6113d62ff4402065722206e9f4bd9d,0
1983,c484827fd9270474fe79755e8b0484d403308c6f706216d81ce6d13b3e15106b,0
1984,24acac9eef30d483ea3f918d52db026e9e74c1a5e082d055250356457aa6766f,0
1985,eee7425cdf0c10514a95f057f4f6714d84fb2697038597f88c8b6658a1073360,0
1986,712c525a671f68a4b7cd491a07bbc1bc7b71d00821cc9a082142fcb20ca8b904,0
1987,f516e917e43ded95a7280f0c1e5aea7759d461e85c5f30a5fdf2b79a0e6575a3,0
1988,839218e5f1837cf9dd78262656cd8dd9a6959e188bcdeb5e967981a82b84bba0,0
1989,2555d148fffe7367c4ccd39efc6a577d7773102a76f6496a63e2ef80670896fa,0
1990,5104c9b2bcc2be0d95df4c4fddedcf3cc811b9bf169f220179d7da142ebe29c4,0
1991,73ee680b598793240eba604364fdd02d5687f964fbf6c6f66ee10f22592e9324,0
1992,78224066be41adfba63c21e469c26f8ad6394ff6ad8868209500a1208e645389,0
1993,ad3f7a6eab35c84a661afdb31babd911a2aaa9145c0128b1b2923a12fa69c8f8,0
1994,5b70fcc7325a6f1ce56c4bc41824185fb70a29c1534ef01d9ff21d0c8835cf92,0
1995,b88ce268dd2087d5d55dee5c433bacb0150a95ae7940b36a98bca0e1c76c8ecd,0
1996,f61d502651e46de760754593ef1d7fd03945193ef56a4531049688f27f97abd8,0
1997,43577141d829da86e59e1570305f04e2ede0e24b2fb4b51536753151844fb415,0
1998,a04a4a0b27818c658a755f221c252406f91a71bb832d645b458589b512b86dd2,0
1999,e9c25262ea613d347b30fa0c18bc2563a248789061b17adb0a1a89ab9c22e0f8,0
2000,c7e10b4971d24cac74190e5c2a332e3d82e48e9f1156913401d06f4e0d7792b4,0
2001,00a9dd8917155db28a920f11fae75d523b9296c0c640cb8511dfc9ce2f866ff2,0
2002,37ae9dae535731efde76af8129669cc3dd826ac85843163a8cfadf8c2c784d38,0
2003,8832e0b1d9713fa5ed6e8eeae257593d10ff876e8bf1e2d77253d3ba9b56dd5e,0
2004,a189f493437f41f3c2cc87a9d296bca8cb2c96cc07f3369d718c84b4b9407268,0
2005,82fa2aca315c8f82ecf24507aa1846fa611c5fdaf933e831e715bcd6350f22da,0
2006,293a4d897c1a2389b084f919915b69d1e28dcf153f94a092668c6b60b1bdd84a,0
2007,52e47a92872536d5e3aea143589d6fe384ffdc618a8d3bb0cf01df7534c07c07,0
2008,ad6f1e9b2bcae72eb39ed4355cca2d3dd1261c7c061842047c25ffbe0c06402a,0
2009,0f76c6e9884360dbd08e952912626072a44d354ee4ccd786fb5563cd4318657d,0
2010,051b812019ac3a3934d2e05d319c9a9601de670b96ae8f5aeb5673ecb44cf66a,0
2011,2830af5b851e8774cac5636402a18242a0d9539b35854dd3c5d80a45daa1784f,0
2012,3e11c492f857032b5c9531ce76344f9ce9bd724a8bae5b81bc586cc1788ac16f,0
2013,ee162e923c63cd43b368a44b027b790fa0932a5d46353c527f08943a88758c4e,0
2014,bd87f53a2df27c8d705f7c69633ab10a2e47ea95ef469e6dfc6f9642c31409df,0
2015,a1cfd29c33eecc62306e6a4e6df93618b08e884867e700f36da31d36ab8d88e3,0
2016,4bec9f926544adfb1fd538ce3c062ba86a43d86561c0651ae6fcf9d6b2976fea,0
2017,46555ad0ed6a91fe35dab2ae096ddd87c446f7b88de34f9479151b5e7f0d61ed,0
2018,ec3d258bd948a4c5f8e8ee1f671575f2d0b98854f63960cd239ff5d2beee2879,0
2019,508b606493ad8a847f9a7329e83036a1666cc30bdf092102516179302a3a05cc,0
2020,cf820411af1ab3b398b9ba4587f179d80b4114e35b8d440f65356381b7d56387,0
2021,455686be6a9b54a2f8fa58eebcba35ad66dfddbe1620254277fb6852996a9ae9,0
2022,ee9f4a378b2822c2125adc01b168095e77dff2b290afbd0033442e9820562d11,0
2023,8141ae47997fb2aedfee893f4af18f9e349689b522b6af0721d450eb99842b69,0
2024,d94d5d755e0721816764315b20a81316021689a027333b578e759ee32d4775ab,0
2025,319cb725a0dd1b249469f4008b752fa24b82b1d5028e832c696ffb4746c52eb5,0
2026,a24034753c6cb4f3593a1ec52b1b5e176f8f0b1e05b7778b3035188c5f4673a4,0
2027,2b8f6e9eaeea681765b66ff124b98581133ccc90c53fe4976b159b28bbc241db,0
2028,e7418557b9f480906ac2f41ff2515fb68f4dd18dd03d20671b6f2cdf4052099d,0
2029,6bc73ae2375870028e413c8b4bdb0436bd8de126b27436d43132f356d6dd2691,0
2030,8d01410cfd3fa5990f55ba862d1e4e43398ef1aa0c924160dc1ef756d1ab70d0,0
2031,14adc41505de03268ecc0a3efa152066e2d378fdf3845e1eaebe4f45b7c1f4ed,0
2032,f288064139b12e0fc5e283a063ef2cda827b8aca556cfa56bebcf81f7b1d40e0,0
2033,ee3c3312ae86270043f3c19ca44a2db64f2582105f4bd39bdd2d219bb362f105,0
2034,92b57502a38eefd827c2dbedb454c3a80498968aefdc27daa012bbce646b6c03,0
2035,56868126e2771633c19a5d96d41f36f5f6fbc136618ca5c5ef4038d154d53df1,0
2036,275a1f04727216bc1ac78513c62e85a9be5bb53dc7ae16bf1b7d40884837ee14,0
2037,9b8237e18fd4066e7ca595fd0f939d8805d36b694abac264d42683bb20b84b4f,0
2038,9d2ba7e93170336a44e2bbfcd6a907c591d5705e287311448b05a25f689a2873,0
2039,7acab4112fcccdf3ad60eb4aeeecc1105e637e4da24aaaf4b47815231c96dee9,0
2040,1a53a063c9438d94111b36708a3dd722ec9d266177cd7ae6a08f2e58b3419e34,0
2041,9d3f8fc30e9cfcf35ad3238c5386743e7ed529b1cc95d288411189b7326ecb00,0
2042,606b88a2715901a2fe13108c2debc97a62194a0493d30a4021a82b1f65711ff6,0
2043,affbb9dd734dd3d683c1fbe5216a630f7d1f44daeb0554e5a604c4f4db433345,0
2044,532c648015c30d7992124235aeff4b05d25684c20363a927b0ee5b358102d053,0
2045,a3f2b8269a80eadd668a94bdb83e3083056d752e0eda759713b2f9761af9d243,0
2046,0a8a572439a9517dbb189a20743c4ba461c50b964a816f0c35505028c4a93393,0
2047,5bcb557be880c64dd30a7f4842aeabdf2d2e0e917b930e0d35b42ba99b3756ed,0
2048,90f722c5b6abb1a950cec4d9e0b4411dfc7ad60a1515723a979b288744dda49d,0
2049,f4cbac35edf27ee3d4d7bc34cce70bbf6e36f915469c299cc5fd660932ed3953,0
2050,4fc68a33d9830e5965a9125949d94805a4ffecfde8fd0d25e19918ad70e5577f,0
2051,dfee64a53aa21e226f21b9c5540367c6ede7bd0de9a9b581898e21c9f6e06d1a,0
2052,e764f2e46a53b36d5f30056fe087269bb2d675e31bea823202dd033439f38791,0
2053,8fec8bfa7a9f9367a028f03e5af9616c23cd52b70cb4eee4f7467b950fd9204a,0
2054,4878eb1bd5fa0d8d0a62188812696d2636a83be7022907559dc81ae23fc5b130,0
2055,02c8640006dde9255ce1b03e1fec6f90ee9d9a74045ecbc90e9083b5ad3bb8e5,0
2056,8b2dd09323981f90a54be4b270006ea59aa4ea74d57e25ea37db93d6adfbc2b2,0
2057,14105212eb6627d36c4cdd15908de69a44e84fcd7b80e933aeec6d539e3f32ff,0
2058,56272a4ae773e7708a609f004564f61af05b4708ef29776021db29b214b073aa,0
2059,7b5992a6c5cffbeb92187b2154c293e1a868d38c58dc5b3474d3a897d22409d1,0
2060,fd7b76034cc43d6da1d9e2c37484ac53e890a882eff43d30a37d9921f5fa04d4,0
2061,86ae16bcb32dd0ff90730ba75b0b084ce4ddc498e8c5aed48da816a4d425190f,0
2062,2f3bc5c755566d722bf59c59480cf6b8f254f5c7282897fae89d4f5034b943d4,0
2063,7fe57102285b3affa65ae9e79b10e90600be6948e2736670bab916d4ef192f86,0
2064,955db0d434b13ecce4dd540d0b49fad11cd996826f94c76524dadb7134b3c65c,0
2065,8ae73cdf4d35eb88f26ec8884b599e4862157b2438d2ca18142a0b14fe690b0a,0
2066,87588ef1f8c0acf9c50667981d98c6cc52c8fe5547c8a506563745cb929bc2e9,0
2067,47bc009e6ea25e72045ec808a0c60520ea7a14a62bc2c9878bc702ea82fb6fab,0
2068,c31ffee4454d9c2a77104f04eb1fdfd71a38b7c03d241fa010c2bbb75488abda,0
2069,88d0b74c1df8c4f41a6c9234bde4b152ba670feaa425c5d86bcf89c0e0fa232e,0
2070,61a16a6829318ed314b6e83a99a50ca1053148a0ec557af86d3aa3955b26b49c,0
2071,b3ef71499d16350cc1f3f7ba62ca8c1397b39de1f8b5ee7a09804adc0d7de0a1,0
2072,fe22cb293e8083df566dcb60bfc28b0d6f74dcbbe0e5179593406cb1c264bcdb,0
2073,49c83c469b974ddda9b54f03b792e22362f8072213a6a77de76338acb884d5e9,0
2074,54f30a883338b31ce6ce245dbfada0156d488cb9153552d7915c4ed6cefc501c,0
2075,5ed56f2116a680dd2280772e14c0bf8e555a37a00fe76a95a2ef7f67d7dcaaf8,0
2076,3ca51f413cf0f353a72398a75c4e2e79a7685e23a282617bcf95982f6b62d7e1,0
2077,e1c4b02f5c331ad1c75746df7ca812f6322504e553c72f9374e7780ac7a9d574,0
2078,130b91fae3084b69740caa5d24f58da60cb67cdd16bae52108d260ab5bcbed3e,0
2079,203f895a58de361c9f60fb6a6586ab37672db864758d7bb3df6fff5197f384e3,0
2080,94182410abd9df357691c7c32287cc48a1169c00b672871a07402c95d6ab684e,0
2081,5c9fc9cd0e5f6fe1bcd463d6fc1899942fc49cfc57dec154277b7294d331ae56,0
2082,25f3b61d8b1938553e89641684548b25b3269e1d169917d83245127251c7041e,0
2083,bfb9308a81da9f4491cdc23e10e800d214163bbdeea53d6b5889b0eda9e3ab7e,0
2084,9bdd26778afab8ac92399d9cd539fe16fef2229c222a1a8ee8a2c7b2e7733e04,0
2085,eb3d1e63c66dabeee7446f5e7af3e003c7b92f4f4eb618a25bfe35c6a4077f2f,0
2086,0ea834b6a4e757a374bb3ee63aba6bff72bd1c4a2db106acab178c8d9e39013c,0
2087,f0829759880000fd49a108c89b788139ff1cdba5a5e5f74af2b62a082e762430,0
2088,d9d0def50ae9c264023c472c3018fed35c7080cff94b1136191758b823e50c8b,0
2089,5edf550f226b076dd994f6dff89f659ae3ab8d8f5ec18252ff3f2c98956c658f,0
2090,122df9a574881aa312f200bcfe1871007514ddc27a319970c583ba9dd1910d63,0
2091,f5d554e8b5e35952cec245fedee66749f52106818204f1327d4a62361eca36b9,0
2092,ed27f326f1c2269326590d89a77c7fc421e0f5d19d5477dcaf99950b8a39a068,0
2093,2dccc80f4035c1d31aeed8c2a751ece09f377c552fe53135a33d11d77481fd28,0
2094,fa2a0da79c9a2df61ac20ab17dde9786fcaf6e9d9657bafb128dd2e9f5152a8b,0
2095,2ecc0599bce22967ceaeab8c0c685d0b6759dcc13ea193906d79e8a34c37e155,0
2096,699368361a00c1b697eb9d120493820bb2a59fc0c9e5b68fbf4cccdd061c71d7,0
2097,739c0ba6d05310fc39a5cb03b3e514afb1cfe1cdcc0a0a291385daae21ba300c,0
2098,4e48a320c979c3720f585ea16de8d2a4e81d55600f7a29379fa8c35fe5056d28,0
2099,b43fa8d6c2b80f44b8a0a4fc335ba67aaafb65af11ab8cbb92b75583fb998fe7,0
2100,68bb9c0f4bc25c55261b0937ae431824b94a481cd8dcb8699d3e97aeec48f135,0
2101,fb1b4b76f8df0fe55f6bd3c489fbbe7e82269a28223923b82d3f55679c07b929,0
2102,1b7ae7dde5f9eb9fd224f965ba99095c16986f2fd04f6b3d8262e222aa39c753,0
2103,df00164d01e786bef3e81f2be22ef1567f23ed973aea010ca3d93ab8828f03af,0
2104,4b4e9e08cae2e7ee2bee570c025065d6ba75aff0442488d93d3cc8a960f82639,0
2105,65dd5d216ac16cb2c1991c2d45cd8acf53c880dd88f2116332bdca8cac95a649,0
2106,ca9d10450ed8cb62fbad4f8467934797f07ea5cdbfb72c368c774fcc2c6833e4,0
2107,d4c4ce7daf238b0b6d874cbec86a301cf75db4986f5ed973fd050d1baad3a466,0
2108,48fcfba78339c39a4390f3ed1545eb1619954fa3e67dfe2d73c8185c7a2df363,0
2109,940370d5bc3bbff36ff9e115d8f709af75394db47d6eab44a7ca9a9cdd12edd1,0
2110,57a0e68842439db05469fe09bfe4b391e067429e476e418a2cfce0c6d74d6032,0
2111,d28364f0973e616463316f25bcac6bf46256d5fadc9f298e8c57ec02f97876f0,0
2112,1d1df89393ffa1786950b35511e1ff7424e5b0d46db8054bcb55bda544bd44a2,0
2113,bec5c0258e93e4f695e03109cbd811767a8a9ecbc95d4b5fda54dc9003c4300d,0
2114,27d9ff3ba608154763d539ee7f8539f7079d635e376af0a7e36464f9dac11a27,0
2115,86bd66fb827ff0322377fa566387582e0e34ffd77f1265514519997a3f3d8bf3,0
2116,e63acef46bf7e634084e89d67e3477e8c1e5940a9504e1cf34faf6900dcfa639,0
2117,0ddc30cd7e9342f1ca0d28e2b0335a0462d10815f5d74351c2894b1ecce85112,0
2118,b123c754624232a41842908f8f44c3dd37f39ebc2b86d06457bc97d930f30b83,0
2119,f131cd00675a9540d87ae19567ca6a9536d5e57cd2370dd2cd4675459a43fb12,0
2120,b3678afc7896ebb17e6fafb3ac064a72f0f2e54770672e9df5f405e6bdb56d29,0
2121,1e96c2a9bd9d6f2f4cef1de1f0771dd4e8fdbf923050c26767ae5b16167e5bf9,0
2122,e1574d8f4d5c5683654c0e11a6e85b4d50952ab23d3df858fc410ca6041a8a6e,0
2123,d336bf594386d3a773600acddbf37e5501103da205812c4c0eb1d8568a81d12c,0
2124,02250413079e5749b786d18dcfa0e54edb73d22c2ab3af68a4ba0ba5b08b9efa,0
2125,eda0a31b8bf9d1f9f308524e0a3a7063cca1ca637a3a262b2a6e49ef81a86836,0
2126,b0abffa03e571f04e9e8832d8493d534ba38c07164336716549dfe3b323e0d8a,0
2127,92086e0f694988017f70e4eb9290d60e150e225b52b3930927f5308b7d02d8b6,0
2128,4d4d1bd283479222d5594a1fd7e3317750f83e2049a23f772de8d5eee12591ce,0
2129,f5cec03c70b7f3465504667bdc46a8cae6b62e0abc2c93186b5078cf8202a84d,0
2130,253187d5f3ed6863fb4716b4d058dcd7bf69d4752c593ea764817847b0676dad,0
2131,722e8309664d0d54dff00312c7d10b5966b10652bd5a313753baf64f1f1e38a4,0
2132,aa0e9b68833a6f6fdbaafaf0d3a513e430796ed4cf0b5d9f75ca88da8cb0cd08,0
2133,0a33a7c8c983a1a7a79278cb4d2b4de69971a7fd684e2f47b031d17525a7e229,0
2134,05c32d34a75da356d12712f6fb48791f8bc36aa1350974e0c8d87072d06159e5,0
2135,63f5e71bfdd4190e8c803aee9dc43fada4aa948adce551e54df81d03a8375e7d,0
2136,b327151e0768893bda6cd9ed3b9072b887251ed3c64af1ba171cd0525f7518ec,0
2137,b6f331f383c71fc7d0fa3d99caa1dc75499072ba77eb9870b84324f5c361ca93,0
2138,a9b23f64b45c4d6ac8a1bf7d71574c96b34fb04a93af5065302c3ec32d51ce91,0
2139,380fc61db41a1f590d8f1ae592c64fbd2a875eddd9b3130cbc36938e26901422,0
2140,87d7a720143dc92475f00f4dff32ed379c36404a2950cdea83625ac9946629ac,0
2141,45a925608e78c06ceda9b794005e39cdafa3307f25985c702e1cade332cf17c0,0
2142,53e7567fb72415adf860b4ed7a87c0e1d423a97133bec406345bbfacf8897e76,0
2143,e527d6c402d0893f56202e1cdc7e43b6b819f1be25dacbc83daccde3ae32341f,0
2144,c38e7d1a4d2ffa09b9d2f72de6a98b27ed96e02a16e39721b8987fd32e897c45,0
2145,82488b3c39da7e046f75757cee0b694b2f136a253bbb4870f3603c20923524c3,0
2146,b33edd348fcaecd9d5db155fe9d85a9aec799e51136fc7b527f48519db7a52f1,0
2147,178fe88ba63327164253d3ed4b2e63047634da4301e9f20b8918711cdda2a67c,0
2148,c993d45068c97a8fe2c180be7a88b8349c3ae14f40506336bb3071075b95d988,0
2149,92192dc8edf200b230dee62a1873d4268423c27bf5e331208c35c148f951c253,0
2150,97d569b35c792a2cc5b811b6d423a069e11051d9449722361995afcec723d7b6,0
2151,cd165978ebfb1384fba1fa6fbf8c35d7b85a41c88631f85ea299c8209a02792b,0
2152,4e3155379a1b654cc2f610f9142bdc620d9b86adc67b63c3358513646002829f,0
2153,41b927e5535e2c973ca11d822d15125434b9f47e997d045a136be26f85392af0,0
2154,84dd24305af446aa66d0a7cbf197046b9a29239e443d011116ef70e22825b76f,0
2155,fa7285cb4eca42b21c7cf35fc9862db74d360bcddbc00c30a4515e87f3e6e3a2,0
2156,efe8e0dc50be41d931edb703c1c921b3d0092abd83ea24e881b6d698195fa4a3,0
2157,d0ad19ed88292e5ba3c3b5cda6182df2b58977383aa0a25d7bf5174ea8b8df7c,0
2158,99e2efa09a3aef8a5d519859496933baa90e3384a929383719dc10f732b74edb,0
2159,13cfbe2cb7c390c199bbc6dc2c74c10a056192c52f82486d1b5d8338f64b1cdc,0
2160,1a05e66cc8eece2c30909a121a1389630ba058940f9a3707dfc42ac57a754561,0
2161,97dd4b158a22a725876238301be582fca7185e42ab16d032d42e81c8451e7bbc,0
2162,9f991514a36b270cdfc6307fc837e18660a5b3ac69a020a503859fd10cef868e,0
2163,ff2690b21953ba5cf672ec77a060c262d6ca07f04cfbc35478cb07c5b0134c3b,0
2164,38d32f63785c6fedf70f0a6a06bb8e72fca6ab19cb3cb1879a49acdd08647dc4,0
2165,6a8a9d6bba4556954dfa7d6e25c6d5bb145a21a2a3a60a55b61bc67e57c99ce3,0
2166,3ac200aa23965f400905302449bc4e6f92a54b30701624787916b5c813ec9cdf,0
2167,d6d74538afc7867f257d71d37ee1c3f12e2dc6821aacf584e841e95e3e26eac9,0
2168,624ce938ebe4bbf3b40767592c537fd620337b4e26c3bf2c526fe1a4dc9b6d7e,0
2169,50a1c9bf9b51ef16bf50cebd2cc3dad7a37906c9bf2df328c3f520c5171f3f17,0
2170,70f4b6859af9d61ce2340cca5b80e2e84943a8872d175ff6281724cddf87b11b,0
2171,7c0ae0030adf311938e35741c13bceebeb02b683efacd8291cc73117269a464a,0
2172,79aa7d40d3997810288e08dc3ecdc04e7909001d98956e0a5b1fb7d471f12431,0
2173,ff6547b8d369435208095c6ff5bde5844bb2b1fbc2409eccc9a136fecc819655,0
2174,5dac41817a2a85a49a7ab4b2972c4793050622e0e01a09300c5db920ef471e83,0
2175,85feb9e55e1248cebafc67f326a3e0e3da13e16ec26a5943d8a78aa95e488eb6,0
2176,1edf6c8bbaf23ea5ca84121d3a956c9ffbb96127f36d9c77cce423fcf765cafb,0
2177,1f799dc0315627e188c00f2856a515f619f1aa139870332df0b3421fa7a6b957,0
2178,1da151ef27198c47d85c7a9c29c144d3e912b75bcd41880951ee2f0f5c15e055,0
2179,0e375f573361d1c8678aaba113146c012f1a7ab5a6cad3b2a16ab8c3316c2691,0
2180,0bcea608398d15d8fc07650561605615badc36050f0ef52f5f0c8812ea502d68,0
2181,0802070cc9b5fc8a24a1013f7673d7e18d93155ddaa80e0047bcd4fabaa8039b,0
2182,e4239be31e50c287a47c18a17f112a84b508d83589407cbbe367db5968904df3,0
2183,145a8b10c80ee6f3693110dca9977008d17ad0f1c87fb099e1a718f04f05ed8b,0
2184,1c5f01c62343ea4456725acff4b06bd3d5e382685ff646af7f853940851e7f83,0
2185,92756e2b7bea79ab43a3a9f7cb6276cca407a8c240b973645bad013139a9f7d8,0
2186,2ea540efba687895b69eb496706df7f33da4399abaccddba85dd8000058f9b62,0
2187,7174721016f65790b03d725cd292d9a89faebfc10fb067f45caa27df839bd394,0
2188,5a1f2666aea46becb6292e1efbe817c0594122e14ac46c91d6d6d0bf9f1edf17,0
2189,43a2f2fb45a4cfef1031d45196dd3cc4ddfa7c43eee89a82fddcaae1255e7870,0
2190,764e323cfb7197065bf52aed7a7243f06bae412f91ba970d99ab0ff7366ca824,0
2191,48f99bc40c4d9609d3a099f52fc68b391020c2f3f528a85028faead35c863065,0
2192,158b064b7f12171dcd221a4be41b9bdfb212cd7ce961c7e37120c000979d1105,0
2193,50ce2f27c42a59bedeca6a008cdaf2f139bff789bd08c2ae48e1859a947f8d6a,0
2194,9b3c8fde8d8e1c4b29b6029584220f147d3ac67c8a8a0496392d8a2c5b208254,0
2195,441e0b68504d79c1f0a39252173aa663c3b7161556efd98625047e3f17b90f27,0
2196,d4a8bf441b132c004d9dfefd3514ec7eeabbe9736cce22c5b6a547c52f6ea7e4,0
2197,8e3b83bf0b8279b719b77addbe4d5bd5cbac4ac120ae109b682c2ed98740fda4,0
2198,e4511b344c8b23e05eeaa47822bc4ea33ef96ce4f03fe00616ff3a38e115b260,0
2199,76d777986b9678946bdbd5a968110c491a25a21f1c4ea58800ff352b6952a2d5,0
2200,7a1c8095f806be3f043d4addb66503535604c5a214f42f86dd9f1be8b41b8875,0
2201,4d315367c8a164ea0bf0ed79fbefb4549d3da762644e7ae337727a13501903b9,0
2202,0849af103008010a7500ec1e76767c312bd7546b72d5a5fcf4c1c18dad74c734,0
2203,229ef566ebea8452b5c63676a4f77f976ed07dc19a84c81862e14178f9c1bcf6,0
2204,488b150ce7817b29ac00197a50ddcd8291502503e55b2f7f7c7f16d4b5bc8996,0
2205,a3d2b18ea8b69befdb0f6f3432779db0e8447bc77de0585cbc3e8a7f7bee80c0,0
2206,e387dd10ce00027616905bfa212613b90ac5dab3fa6b9ed082ac73b17af1d558,0
2207,9d844c7d328c52193bd0bf902a08d8a0d66921cd32ff5b3ac24a505943146452,0
2208,ba53d4b7bc68f9548691684c5d798960830b9ac027ef5cfadc0f69ae30e3e0db,0
2209,f8bc53eda6d44320279a860d6babdb572f21c7972023586559983daa19771b96,0
2210,aa5212921df5bf25386f95e20db99764439c423ffdf865a6e87a0afed9553c91,0
2211,e89d9ab5a956de97afd787731970fb3a8e759fb7a0896431134990a436d9d059,0
2212,b0367f889dfd91a581fb6a907be254b3687be6587fcb58b70af3e2016716cf62,0
2213,3df89a25ea2a3ccd08fdd58ba59980d9829fa50f0d5783970293bf99764a3463,0
2214,949a6f98adb0fcdb973daf53d877cd5f1c1878547009e5f94d9ba6b794f716e8,0
2215,f39c3b498cdc14f3db3ea005c3b33ee91f0f738f0b11f31597f689e53158730d,0
2216,426ba8de463217546eef62bce51d5e108c17b3756577acabaa52cf9b763061ec,0
2217,cde23fb13cfeb36658a6a66525327a4bb22d1ed8f2e6747cb3a2d94031834218,0
2218,062f4ddb449ca85f4901140c129c0a20a864f3c6167ad6c602111172e309157a,0
2219,ec54e82069e771a50305675a19c4e14721c39c49ffe27530d9194a1e013fbf00,0
2220,75ee248d8befe68d0ca7973ac149395c6a9e166b4c83450a310ee5150ce66c36,0
2221,bef3123889e2544ea9af6784aea8f06e4affc0123bc1c33cf116011ca078a933,0
2222,703c5aef8960ebb9a5637e085b3af1ee446a3915db22409b62ae067018c8adff,0
2223,03fe7f9c583ece5656358ad4ee6744c9ffdfaf43e7687e02c3456c7f84cf9248,0
2224,90ce7504962c336a2dc3ff510a4bd189a09831cfec93278ecbb62c3c677806bf,0
2225,598d1c996df70ae66e6862881add6ef506704fb6e1c844ef4dda1fd9a1f62ef4,0
2226,64cd3fcc660592a88de89e3cfbc9bd97012aa1c9166bc5d91baa29be453c1ad1,0
2227,b59386d52d265a2707b170cc98160d23aadc428e67a0a008623bd1e2d217252f,0
2228,45ec82231e37e3c0f71b329c0e6d2aae53834f94be3870a188bdcf792ff0724f,0
2229,2c53310b170eb026247995e4b0a52c1f0ce9425362cd196572a69131d92ab4f4,0
2230,e200fdac8e0fc01c69482ed392a0298948deef03a8fafffb2511f8eb93633d6b,0
2231,113c2fb915d48c19d605e4c04c6f8b8188d86334fe82e24c474a9ae91c6c4d4b,0
2232,4a1d75288bdd629df0823b3ddaa6423349c81e1f1ef70755543043b46893e374,0
2233,7ca3e95dc7a805ac6c58ad494d049b038a10e5e7b8edcdbf2d4136f1ae6af6be,0
2234,22134554a85fa0d1a50390839ff042870e30b91aa76c4abcd8c6990cfaf7c7dd,0
2235,13e8eb5414175c9b0dfe669571aef5c5c6559f98d94c2c2bf19f249ce3b3763a,0
2236,623675947d6245740881699f98dd754cf36839985685466df106d085c1a1bf5a,0
2237,0f05f6f460be343cd5cc5f785185ca99c0ca74227618943fa69bd8b099d58099,0
2238,eb09eb66a2357f02e50e2bcb76947ee0438917e8bb713a3bef6b37e6500be68c,0
2239,5b01f79788043c5aa80660c2b1f0adb18586d78918946fd6410c516871c2ef89,0
2240,31158905995e7b32f120b7b210b402354e04644f744885fa02ebd58732c858a2,0
2241,47e72bdf418d5122003f085b4cc640b9baf2d0441f9b6719a84f99f61c64c135,0
2242,33173005cf6ae13ed62fd26c1c03f951c428a21ac4b890f12a80381024a07ea9,0
2243,0697d1d6bf07047d2ae549196cf3f65a78ec38b83b5e939e04a78675209e59bc,0
2244,c64b8de8943346f30cbab294791df6b014862538c07995bce5a187164dd27038,0
2245,d212d37f564f19da45e1869957bec4b5171cb21c694efbbacb8822401e359f8a,0
2246,6a8626a15e9cf34d7375019cb72c69301f9e020d12d33d6b337d1673d36992da,0
2247,3b1d81e83a9b9fb4a202e30345a4827d128bd5ed811d680a0bfc20db6b0ed17c,0
2248,d0328b35a9f087c8ac4def5723f4a1e7efee690e1cffbec258a6d34b708876ef,0
2249,05e642f5cae30da8dc422238a44b7f4fe347b23d4707a0b18740120dc8c4d76b,0
2250,88b8e823382e00ede59d9da913ed807d97b3aff83c3379a7563d13dbec0709b6,0
2251,6a9e2cec2a6f235961d1eb182a78c840e212cfb43ea534ae1a5cb6cb88c0183e,0
2252,c0d8b455421a382880f820e9481dcbc1eaa848a05619cb55646c8e21a50ed809,0
2253,112663ed5118f416f86ecdfbc02a7a37ba98fd0f51c8c362dba71fa7b4cd1f7b,0
2254,308c56b0cb19720c18c6bf579ec9c008fa336cdc4d06663e6c356fef8d2f458e,0
2255,b75773f4bbc883e410e2a5e23b6ebe20f34b30536a0f85c7b2bf9ac6cded31a5,0
2256,d763602da8bbca8163db60177a4cb8518d7346e9a4e2f2429a07c3157919077d,0
2257,86312ad70b7255b5c8e9ee1dec995d71e0e212134990bc9433f90088211e5629,0
2258,3e7a1feebccd0329f9436264479447d474e7a9598de1db44d0e70ec791a182eb,0
2259,72008ce67f35d8d22ddd74c2cd14743829e9d60ee549f0d307d59d704738dcaf,0
2260,272190e37c1d28643210e363791f49b3e187710b0ff2de21b89f0220bb7d47cc,0
2261,3041f9157da01720ae5a8450cb41ef9c15bd7f22c1e4e75bbfef880b55d24e4d,0
2262,a94d70315b5977cc3b66b834e0094a423c121058cd76ba5d3f16ce055638d86b,0
2263,217b747678ee3c5431956ffd2bd966f5bded222d137d893906e9ef87476e8776,0
2264,51685758b42ec355d958607d508630daad02eb281776835ad2f959a13a3d508c,0
2265,2a42e16b87b2e6332fb19f8cea4f9439d5c767e1b93ca0bd54276a929f387c34,0
2266,5d19f9602e45704fd759cd60e9b0a463dbcef4ea24a8bd9d8a39520b935c9ce5,0
2267,d668eaf60f5a8c8a8085b6222381eadf65983922f8465af273143b23bc2f9379,0
2268,6bb683fc1ffcf7d3b519c79fee83b9d6699312505296841e812abe51bca45e24,0
2269,e4dd49bcf04523c3cd820fa866e775414007ef836951f7d8b2396dedcb388ab4,0
2270,1d069b91cb24a1c4009468e8254ae73de1b6f132d564e2a7737f05be726831df,0
2271,a93b083c70ff81a82fa2eb3f38509e27264d1bd80ad6603829b5c1b25f426134,0
2272,18f194183498ed66ef708e13706ed0833fe0aee63015f27d55abf9207444237d,0
2273,a50c8022e0cd7a930523802aa3cf667e096ad75ff16c274fa4aedfb5c87effa4,0
2274,6b25fe7b9ddfb14c8dc5c8c7d0b5b43f6bbd4d4d336fca5209836154cdaef89b,0
2275,d02549fe104f926bdfd71f7bca0bfd7157b7947410bcec52a89a8e360db60c86,0
2276,1fef5cc98f6a4c4feefa87b0c8c109f9af481e51b68086a5d1f9d679f0cb509d,0
2277,e28f98f67dc7ae409880944c2c3227ec570681a830564c740baab3f3ff6aa2ed,0
2278,92c944a01f54e4a32b2b7d8ef627b376d0f54a58dac4eb1a85020ba623f7aa06,0
2279,1c46efce46676bcab0b0304fd1239e6c6d9cd0958652128de9d25bc5e5ddbcfe,0
2280,52163a1958e248ac19b935b39d320b912085c1a002789ec97ed6cb05a8d36598,0
2281,7441346ccc21868d341e9d73b4fef0789ad19213198e10450bc680b99056a8b1,0
2282,2db7c8e0cddff36829a488d82a6b0086b281c648cb364e211935d878f0350b13,0
2283,31e5c73b0c8ac861f6a5608e8dd20de4c4f3547fc4d19a03e04945d4f538d256,0
2284,5509647ec7a24e6ee6f8c3b112deba66e2e2abf7b0d02121e7e1b767b19aaf45,0
2285,1f022d4672b7703e905171b2694228aa3473b5a1989023aa1461a0a09a4bff89,0
2286,7644a3f653533e7ef112d923cce646ffb2de9829f7c4a30622b66307a7c4c984,0
2287,3522d31f6b563ed892efbab3bb21ced0d3473f6ed0ffd8cffe91f58904e1fce3,0
2288,11b49d0af75b1d421ebd0cb949028b5caede8e6d6924d40a674c12ce3c5bd891,0
2289,3d232ea7267051e0c03e58abc4f8dee69ff12a272eea472b5de479cb11906054,0
2290,a9acb9dd79a89798293c7788e978d805471ad4f6837530e4153f1fa9b69dbaf4,1
2291,794232504f3a1e9643600e5e48e6a573ded35d2ecd67ea5248648378f9e1c56f,0
2292,0165a737014417b6690fa23b9a3589ef4e87bcc45f105e6ff58bb6e0d31b1774,0
2293,0cbdf071c78edf9789cbb10b180ee93e8e62c5a84c78dc6a28aa32cc9e3f8ee4,0
2294,8fe037dc594f77c58053dbefe97a9dcb0c089787796309b125ec3094d37d694a,0
2295,6a5da6a7efdd6a0b5524cfd21fcb4f3eabbd6e25bef35392e350bf55c3e58d3a,0
2296,0423a2d9ed04aa7614be7a6b5290a554c603b6f9ea318a07593677290a16deb4,0
2297,c346f91ff8775ad5693e0285d406e1e532d1508327be432e0902c89453eb7ebe,1
2298,97d883be7822c2d05b0942aab48236bfe770a5c10122fe35f3b90c00a6672c59,0
2299,e2b87b5749d78b4ba1f9e16f67c92e8fcc77dd900dd465ca112db032accd1076,0
2300,b71006a7b77ad7f934323e10ecf411d34df0ffe7993f450704d8688712f4d978,0
2301,b0e04d85ab168b5b014f732f1ee89c6ea852811658cf77bfcc00fbf8e9a1d31a,0
2302,d80ef6e929dea17f00b2edf11a0bc5ff947ce43dace206ad2a906f3b80d8d338,0
2303,7e8b8cb4c82b9741e1b029084ff3ff70a1a2619675a1b2df4584f3c20a41bcac,0
2304,8375c0997a4471ac23b5f4fe6504c80edbb17ae5010056929646b6bbebb39407,0
2305,d7af0416da551becf65ea60ebf03352681251ffc69f4a6f45bd6be6132c0d441,0
2306,100b0300700a6e4cf54160e212d556ecc53b82b21e04e4594d6a795c6f8ab214,0
2307,6c04c3c2134e97d68631c8bb52bd895470860fbea7c61bdfcfb566e2ace874d1,0
2308,3068a9936e904be6a0401c872d7ca01f25e008b7cd595b510863e33fcc7ce0f1,0
2309,b66dca1754f8cd650f0e017317651e69245c88cdd5e3e18bb4b8e27bcf93b674,0
2310,d9f7a65142345a4a5736b455db8de7d8231af4bc5870972cac1e4b27211c946a,0
2311,48fbd1a041ca2ae405830b6c4d6c7ad1b6c4bdcb93133f1f433fd87d1ceb48eb,0
2312,6040706f40bd5b0bfb438f8421dd8ced7ec1ec0d941445bb4783c9e9f8031fd3,0
2313,7e198ae3cdf0b07a76b8716d93946aa5d6c0f37e65d063f2e425730d7fdc2e53,0
2314,c31680af6c31093fad861f53ee2d3cae57d792318aede34caf52435fb582c093,0
2315,ff840800b99891bdbbb2f3f3473601f3b4fef154cb814ff47814c432590ffda6,0
2316,0ceb8dd46202953d314cf1c9912f5945b9945b01c87a457e240c95bcbdc75e43,0
2317,e261754995536966427711195ac060460af5050eb4105abc62d0d57387f997f7,0
2318,2f4bfcddfe187bbebcfbab7d15d32f001422504446f937356d81e75b3f611ec3,0
2319,0526b349b15e7dedf0d951c144f20a7062ca767252d26b6508bf9f1ce0b00cc5,0
2320,1f392ccdd667425b24729cb35d3f4b275e91f9401dfa6020ae320e6cced7fd70,0
2321,22d4c33f2745662db33c64e3b94fda3c16b01cf99d4bda641686a80e87992e01,0
2322,9ce8833ea9f32b3d1112876a3485f8082efcc778d2cbaa3ddd6782fd482d6757,0
2323,f26546fbf48cf7d85900e161a0b5e13e62382506bff570aed8dc787e2037e341,0
2324,f3aad87063de668e14234f08a1669057bdd6cb69ad66f89d1da80e1916ecf7e6,0
2325,00af8fb81597e264e7a988a0ae613a4c28be59bcd7d61b342d6ed72e766bc7ca,0
2326,4c7ae9edb5bd619c55fed9274c04bb4dd231ba70d7e175bddc1d9c707ba206c3,0
2327,37f60a1d68042b0dab1790b6d5a4b3b6ed4ff1fb9a5e9e58dbec4653f1d75bc1,0
2328,89ffeb6470477b4f5919e61be24ece0d0ea628a238b2376bc9e1c357b1df03ab,0
2329,f74eed0d6a27d1dbf92d87dc77fbd28b7afeffb48a7d26e9956c19488a05bcf1,0
2330,72e5d474438fbcd6943e477f69ea8ab6e1f2aeb67133bacf98465058f9522b6b,0
2331,bfb74ae86e23f2bc32f2fa2b3d476e81e2bf2bc530108f291dada116e0d29d62,0
2332,5faebf09a5c1fa0a13b46723d012c4a1100e9da9d74fa00dbfb0c2dbc8486cea,0
2333,90b73310547c07028a456b32940ab8d5882c32a397a331394e5caf39ce730df7,0
2334,4311d775125ffd146872bea8b22786c1c0ff3627286fd64ad77e4a5cdeb062a2,0
2335,8bca34dec5b90e65a1153f6c16e6284a38a5d4f3d04dd69f08f6049d134b408b,0
2336,446557b6eaaf4e1a4a02e41dcbefcfef36086f401cd64adcbe97ce0d2fb00629,0
2337,5ff20f1be39c5322ec340a0215d963adb1f1eff9a9a03e1ea699c4eecb8b371e,0
2338,5dd7d8e7a74dc05180dfa03b967f6044472d24637a622cc273c8681f9e7d297e,0
2339,b5a765ca91b5e3ee653d38df38771d4cbf29e91cc1dd16610b561dff899d8f79,0
2340,4f6b08c295a1298e1766c089215e28fc966fd99a6fd8e8b50b3029871ad1aae5,0
2341,4488d9490b03b7028af164e00b25f1757f2d5c2a6c3e3850caf3a5dd0cdb2a6e,0
2342,cc1c8a99849a18c9b7d9a35da5fdde73ab5a82e65224c3db0c69aadff209bc5d,0
2343,1292878b6269aee14cebdae737272d94e4477a0c0fb9980885d0642521a9a75f,0
2344,65580683b5cfc74cd759ddf23aa85b71dc72b7bf34c8450e384b1ce14a146cce,0
2345,2d27d30fb06230750008df6eff451fcd46d01058f22ebae9505cf01f334d2039,0
2346,7cee9198979054bcaff30a64e9dabb8e119c6ba80e009819817a9d4384b62815,0
2347,2eab7f66e8d1005f5db97838e4c28fdcae0d99fde9bfb12e30ead8ef72b4a08f,0
2348,d801a704e9052557e9b38969cbad3ddb278fdeeb3a1c08c6d68910d14f21ba7e,0
2349,a8861edb2260b7c5723ad3e539e0d251b8d9144311d0f890c34a5b0a6a1b775a,0
2350,87aa059ce573af24181eb5685580307ce0cb8831d8cdd2ceb0f9a418baa50d89,0
2351,2b976d0bb8c00329123a5bb5b5f997bed90bdf9524b1448f54b72e85aa382527,0
2352,47b48e60fa0b13c9e9e5fb59a77afae14831ae750c5a603a4fa95f66b5996041,0
2353,d34f968e6cf591fb86fe9a44a6d535f311680f914a1c1d818143d985104786b3,0
2354,39ba82899fc1caa2c5180ec36086479524c414ea216d8a0244d54f84edd99c85,0
2355,d895e0abe43305e9f7b267ca75a6cad8d80772c08da2294a0acc0532f531da5c,0
2356,57ede5c2062bdb29fc0961c8eaecabba24095ec3fbd42e5f583a63209621d1ad,0
2357,39149e28f698a06d8fdc3183820879c653ad385451ed94515371d49db15ed48c,0
2358,6fe7b9e3265330b9300997d1a0b4b4bbf0463c690a063457709dbe551f81945a,0
2359,d6033bb587655aef70ec4a4a34b903deb3ddd27d835d4fdb11bc7b0e6ea21229,0
2360,137c218c5b7ddd3a9bccba24efc080fca7ee0e3d72f54ce511c6ab6023310f7e,0
2361,7e23d52698617941925506ce39131a91d89d818023785f2d6cb995f4d70061d6,0
2362,736cf43828bc7c86e7edcd28e796c5802ab9f07e7beda36c8185b333ec85e697,0
2363,1b6fd001d932b451045c422af8cc0afb300f3044c460865276facbc682504694,0
2364,a4b80005ef9ca73ab1d32c235f3279fcca366b0d09321a96fd47b21bea780cb9,0
2365,f9a2404502fb9b82c8f4218cd4ea03b5ce88517c1fa9660bf476c0d128ae474c,0
2366,1ffb2d71545d48d1ce42009eb034dc744a08024b2b90e5e1d6a781d32ac1d446,0
2367,02fccf79fed8745e174f6fe5e9c900b88ef766f50ada4e105c867e591a5da3e1,0
2368,ce9fc7df2bf4df7d637e4d4fb0106090da8d726bf887e747448660d21b5ede61,0
2369,0266157dd627539c767b244748f2ad6189d363c7abef177431fb9413612423cf,0
2370,cf776766ed6c4b3e6d3cb547a1f7ff7b430c8c06695b1ce44dd521eceeede7f2,0
2371,b611dae3633398567daa13b783613ce5a1e7626da3bd46f1f066d5589e4cb03a,0
2372,eb835d54fd2f21cacf98b01e27bfd1e822147c0cd4fc2ae97ad49210b5319a1c,0
2373,2b5b234f4bedeaed589357a1cefad747538d8c85fc01da1be4373710275f3f7c,0
2374,b2ecc3b35503a974675e4b23e40595a619e12968c4fc01f6043f29a8da0ff7a4,0
2375,43764e9a76763b442026e40e58c03f2c14a14e6207d6a6ed823113c15b140d6e,0
2376,2c5549ab2f39b212d35ea82f8d930af0f715175e5a27672c0a3e218b2a630a24,0
2377,38da364302447ce68bdd194be2f00ef064ad1f9ed1c84dadedfe87347788b4a1,0
2378,b1797a7fba3f5f91f1ddb1013f3fa9f60cb9b5d1f5913395ad12f625680d4374,0
2379,c247bf32000a81f78c0e128890e66a809c163003a3dc5993442ee0b7790263d3,0
2380,4cc441faa4bb611f5f0cadb06f722cf2c123168f06f22e21cacd673feb8cb53f,0
2381,ab41c35ff9cfe781172bd53d346685c58e06a100a1ce4dd7fd53ba23203c146a,0
2382,34bcf4ac2a63274f9bb62d83632c8ae33e8338a242d277b639f5243b33716275,0
2383,7f6d5d64ec4d876d946fca3046e715d4792ff0edd9503ea6a93584320525181f,0
2384,426c9183db94326cc45bc8d3792b56d2107107fff586b91950ac1e77d09b7ab1,0
2385,9e3c46bf633997168c6f7a5ba124e8cc0b8d897bc99823b40a7b65cfce83c24b,0
2386,6275231571e86ae51742da3abde76ec21e4eefdaf749d0bf1b04234a0b6c5a2e,0
2387,50588d67a63c18653f3d7d874df2bbeb12594e2a39e8002615f91f6d6a96337f,0
2388,4313b30d1f9f0941eecd73119a628446ca75f28f5b0fc4674eb189872f96d02c,0
2389,b22895813a4aaed15518fb25504f15df58e52dd36f3cb28660dc67a3307fbc0f,0
2390,498b5d072d2f445658e2e956be63e5d01fcd3e483a551eefd333307903769d20,0
2391,8b89d3298e015db4552d569c59acebcd4640be44e44d6ec5de121427215b0805,0
2392,e070796fb53731cc5b9bee042aeb82cd06392706fe0f0d37add3898cbd4647fb,0
2393,2fbb5a8da2b543e2f28c86de94d0e03bd355c1ff5b551f6579654ae78e7a2e05,0
2394,212518a7fbc79a7a8c3dc56106e7c6ebf12a20ef76d5d299c8bbeb72114dde95,0
2395,cfbec2ca9767361d207bb15ad9cc824ed3cda826ce51dfef371f80e1de21c742,0
2396,70497160b4e78e3054997f0ef8840889816e217fae2542f6b68b22cdae5f130c,0
2397,16c70e996aabca278130d7ec9992f82364ce25637c9b69cdd5b781ba74466caa,0
2398,a0b9c8f2131fafa814426eb0de58be3ff6d874a72b843460b6376276a4a087a8,0
2399,2580694427f28a42e4250b07705a8d6aae60e9833dc819ead220d54f66d78e7e,0
2400,ff462424a2e7996fe1f3e9badfaea2c67a321236362523163ae44530878da246,0
2401,01c0ab7806befa0e7bc9279af4da47965b9863fa1634d560ec1c485e24a3ba53,0
2402,47d88a8ee560347a6b58428a284fb0d821c8608de48540144bb39d4e8999cb2f,0
2403,57a63f427220ee12721278488d15648a547dd01abab6f9d70ad42d039ca202de,0
2404,746e7cfdecc67dde22ee71137e14d897d78bbad821d968c667ffa8872adada45,0
2405,b57e1526d5766d637782110aeedf21373023ddc1dbd1e9187c01aa75d965deb3,0
2406,6b6a069be8b6dcf04c044a2ed8272b7b8da559aa46fe992a7a86ab0fe0520015,0
2407,27c4c778592410b827b4d4520b1113fcae931b163f223e0f447aa9fd8ecfa1c6,0
2408,f15402ef20d49b04c98e7b68397206573dde1ddf8ff4132190787e5c02effb76,0
2409,396a6a85ad4d0f279ea2781e82a0b481ba8db241c0d33be6e4a7073a8c978840,0
2410,1bd46b1b68bc2739d26dc439a66113f8f7454cec5fbf6b350d51d7af8e08f442,0
2411,5ca5e36d97302442850e092305fdabbf65d9200ff197edd2f1ba7df2dc1681d5,0
2412,dcaac15266af8f30b885a6684c519a2989d31751f3b76d20e1e9d05fa555c6af,0
2413,02e1164fc50beeff128e4c433adc9d0fe6abc3541b36bc7e95b11fb3de8df6b3,0
2414,c756841551637e341154e3eedeef85246269309859033c978938c80ad0b85f07,0
2415,7bdff5f70d983e38c2a81a9d32757ea8981adabfb65f4afbf408b545fe8ea895,0
2416,a6a98d3d9eb26a75ce0c75f3acedca3acd217bd623fb6a71f6f61aa00676429f,0
2417,ebf9cef524d1eab86dd8eef481be363b1592b54bd9c35175ec18e82fb356e01b,0
2418,a0f249ab635107c4522f74ef5d87baaa5595b4a3c3afb2e21a11b928ee98f7b6,1
2419,21bbad67b5ace85e087f48772bb6ed09b1bb2db1bc02942e74de0f69c91f5848,0
2420,e177e5657e625fdc8aead3679314ae322ad9aa8fd538c52b7760263675106fc9,0
2421,d5cf1b2468fc656b0d940b63ce5a7772c17aaf1621f7b406683f6af404f0d77e,0
2422,e6898327189c4ddf962d20f549ac95128711ec9e20a907ef4261b218c6a32619,0
2423,368a81a9ebc63c8cce7ecc8c5881f55e5f93c9b013959c6c2d1c1cd030d43ae2,0
2424,1e221f4a9adcb3edda9f69b4a9bd29467ad89f394685ffc30f1490d57c14d4d6,0
2425,de8ae568bb1c58648dccfd9af19c2bf020787f555e1f85ff35fac7634da6d474,0
2426,6a147b1558dca5ea5664470404ac366070768dee23deb0ed4fba7158b612578f,1
2427,278959d4f346771da76b6bfa0c553c0ffaf4f6ed71fe77dcd0ffaa0198b1e4c5,0
2428,6b6bd27ded86b5d287defd658bd7755433c2e9a00fc534934023807d814ff886,0
2429,dbd899a680bee0414769d84e50cae03223da81e8bc72d6fd65bcc28f240fdca9,0
2430,84e78c4b2cb45f6a32efc78289ffe9ed6e2062e5ffd1dce950a0af9c542c68da,0
2431,cf92274a435f6b751117fa50d6d6a512aed81e5fc30de2b6b26a01571e638de7,0
2432,ad6cf89c1cb08cef5947dc1d19e4cdd293cfbcee5d99e5c08cdbb510148db3f8,0
2433,394031d3a3258e72d5cdf194c579bfd747069a4f4fc364ff7e0196c80da358b0,0
2434,31a3e9b3653ee63a1dcca2a27d91e7c25e39cb0b3d8ee5207b3f13d7a2fd734c,0
2435,0c49e4054b6dba440a691705b3be3c2a9de460993b1e2266b28d7b9ecb8a9ed5,0
2436,92976528f34c624d1f219306350fd783c025380b373472a8130e93523a7a2b5b,0
2437,f125ba6c34ec567fb147a4c08126e9cd5a791476d1fe4c7f7cb56fa9f71e8495,0
2438,5ffa0264b4de984552dc1b5638e29507aefe7358197c6c472fab66e69fed61da,0
2439,077987355c71a107b8b23456fbb14da0e43b9b58483a37165eb87d27017f06cc,0
2440,1995149d0f9c3607fa4b5381996ef82d9f78601880682184d5d3222acfea290c,0
2441,6721445cbb8e250c02a36a16b6097d9e921b2f7b237b5089dca1f96c15b1f7f1,0
2442,13c48a29a0ad6e49bae3e8b32116e7a8153965b9edd63f18e1356bcd889b1530,0
2443,ef821f92a34cdc8d91e8fd7be453449170fa6c114be57f6443f97745191ecce6,0
2444,dcc18e18e2f3867424199b8d5dc670c795a816a055555e7f415175fd0e7c0aaf,0
2445,c1f05feaac2eb99151007b5259eef6b3fa356c0459c7893cd18270ddfeb98f0d,0
2446,31fb45ae2e4ae33a9b1e803619fddb0f92e537c65a81e241f5dc1c46c5bc41cd,0
2447,6730c571da8007307d9b21142492802e148d2dfe6529f0640869f86699431db2,0
2448,a0668359f457e41e92fb6f11d757fe67b530a6ebb5d7528b31b233853f7940d8,0
2449,5368e10e6a0e997d4da8a1e1981085c051a34e42a341f37ae044d8223482994e,0
2450,78f964f0351e106f20307404783c00ebfb3cc20fc8981879c2d445ee4d30a815,0
2451,b353f99ebd7ca36f09e156e35b0c53407b37ea2d58b481bbe57b2ab554ef15b9,0
2452,f079ac696171e71767a5addeb02dfa2cb10cfffeaae95529dc61520dbd68e9b6,0
2453,d1b5b97274649bf455cb554c169242fcb3320994de2b8b037290d536764b0563,0
2454,22c2d8ccc65dd724eec49b9a2cd5d7aea99a590b83d6638539e57165e1aa9805,0
2455,bdf1c02ca7be43ad23fde680923ce8c6bce8bd9d5ed0da969cd2e594d58d9092,0
2456,bd55203d9374143a76884adfa0bb1aaabe13c5517dbc030e0aeb974371c44f7f,0
2457,8a62d09c13660fe5c44eb19b7449b14aecb6f4b30dd92e5ab2ba78b68b56b539,0
2458,7c91fc41540f9ad582748a347292852b4a8a387964b11c41b21682b9469947b4,0
2459,0dfd37ec4b0fdf2d53f419c193c7175c9ac8de932c1a70c81f0794a3e132b36c,0
2460,b367c2289740f68c794ca1ed7dd99127988ef7a6e55dd09df6b57a1bb6775b73,0
2461,3e318098d8c74491298f1af7a1a83d735eb10d53a600a0df93e167177fb36034,0
2462,ef7825de5ff8fc2190ec5cca593af7214090820e324877e15dbe39c7ba026b62,0
2463,ec39d6b36ea42970de68eac33e4b97d94ee53021376d2ab2d553538b72f0c9c4,0
2464,3d8a7879167c9e8fba51c52c6ff96a22bbb479d3fc857756077dafc9bb3ab8e0,0
2465,62163e7a863548895f1985568988ca1fecb8275b4b0d82f4e637f11d9358bc6a,0
2466,2f0fdeebbfe09753bd647e725cd4c1f5c631d3a98988b46ed9c73f34b3cbdb79,0
2467,2efddda1b5fd24052af1d2144723cfe0cfd6a7446f3b424c9bd7f2294960107e,0
2468,43cbd5b839760126507f0bb6cfe512622252571e9333be32e19a7ba497e6fc7f,0
2469,9de48f0a3353d8c958e0913e5841c165ce56f1c82b25c7b648494a6ffb175b0e,0
2470,b8172cf5329c463e732b8fc87011c6dc12b3e5ad05e0d00b6a8ff8fb58df11df,0
2471,0a3f9c6a15c52cc1eeb11b05885ea4a60429cc7068edbad93bd6b16283077a39,0
2472,48c82684d26d6438b91d0c8c8eb8824a1b8dadf8ef773e8dbb874f3893b7e8ed,0
2473,482fba5fd85bfaa55832f74fedef467d3b518c8e080a648757fcb080b1c6b589,0
2474,c44a6a616b8be994945ae44da80d195a3a0c46973652d15ebd26b30c71ef0be0,0
2475,3172d4b8aaba23d47dbdda6477cf97c793f8472de1a0ff35cb7c3c2b93ba2579,0
2476,22fd87b77bfadbd005e50c1d7f37948de6030e23e5eabb108d2909508a9de1ea,0
2477,8723f557ea34e08ab6ff4c3df2cefb8329fc5e88e2c3f205ed7013bf709b4623,0
2478,189ba47cde063495b7eb2b194b64ac7e904d8011c475d377b08e875e7bb6525b,0
2479,2d55ba8636af90e9e80e6f4d3fbdaef1c37984a321a8aa2493b4d79802d2e1c8,0
2480,88dda958046e77a1d1e6b29179d0388ec73d91353ca7632c38fe8e5a472e9397,0
2481,b58dd7f3b9a356f1e30915eeb27b7fce51aa8258f9e23fceac811f44ddf222f9,0
2482,400bce924961a18862f610cafef183af848642bdd45f61f77e1f69adfa901f87,0
2483,6e184e8a7c2d337d831104f59f0332d5473a33371771708f643dc973d99535eb,0
2484,5e9674c54a1d696e747028d8dfb071a92a516f313088661b11781d01fc9cba94,0
2485,98ca06bcdc2f2f77dfde8f945a877bef8b7edc94212827a6cae12d0ad39afb31,0
2486,f125141b4176192838b148e909cff966fcc36ca851ef7b3ea4d46d62290f95c9,0
2487,02ff3a8a3006fb348e90b144935070898f41fc0df703f9385524678a26a8f2bd,0
2488,f8def1070ec891a7aa02f5e5ee74503740b3252680d6c021b0591ca22f8f22e1,0
2489,bca08cecba1bd1ae46c9f97040fdf29d56a3355589a3a5ee3272b3edf47bb27b,0
2490,d4f9fad90eb54d2ae3b281fe81cf93e216be804c3e788172242b7abe825adc42,0
2491,37079c353b13c8a8dc4be734b7d34ecec55bf9f8b11e3e772af3d185c288e2da,0
2492,c8950b1772203b0b6f79e56dd584f3c6e3183f342e01512c880858145429248e,0
2493,ce3588879a840d0f8665952246d564eeff637a07bf877a06ec7080e93cc736cf,0
2494,48c7def4e545d8c60b0ce41122366e965870530ee098bbdc676f8d36062b94ad,0
2495,17b9ff7fbcdd42d461e07c2eab2aa4a76d02345da56caaba6571dd0680c7f1c2,0
2496,464d6063dcfafdec5ffa70e20661852aabdcfd9899f3abb54ee8fe6ee0a686f9,0
2497,8ebec5203d7c150d4dd1880fbe1d3b3cd5196e2a39205ca4bebd1e568918f680,0
2498,ed57a01a0583974e71172443004e994794f05cde643ea4e0eda444ddf62bdf40,0
2499,ee8c970f280adfd8fe2d2a276b8cfbc5ba4fa5ff8f64c86b79f27f2a3359c7b7,0
2500,a8bb82fdfec757f7d3d40c4a5486eeba7ff76d837ba29ad869a4f8c107b995f6,0
2501,ce487998f38a4910bcdaf5694cbdf067a111bb7ef3043749615da0b3c4e9e268,0
2502,63bd7f2732b327c008e19d9981b2a3784f225d10d1d2992ddc33fe4850df10ab,0
2503,8f626ecb8308e74577fe059928d02389f0513fc60e34e192362322d3770fbf19,0
2504,07658fb3ab46791dcb029b1eba1266f52e3e8c0ae7e928cd9c3a3914480adb90,0
2505,c524c54154d87b493fed9d569e0db739b06fa7c964c1d052cdfe4a214aa5e295,0
2506,a23629c34e88b083663a1be9e04a6296d4e7dfd71af20a23667473e2e80fef67,0
2507,c536ed473a8db8ef8d4df137eb067cc3c175e3073bd5a9d8ee6497bc9714a5e7,0
2508,92eb9caaf182001c07975e317150546e6cc18e1150c7f76a9197a453d3f85b7e,0
2509,3fab88a1d7e459caa9dfcebcc95e07c63981da409eac56315e554804a37be1e5,0
2510,f92dc0078222c4a178738296e08094cf19183144c26e6298f6d0ca5f5a211fcb,0
2511,40893a7e311fc9ea697b2eb993d2091c85010102448ec866e3720c0fbbe627fb,0
2512,f74ca677dba6fe34efa20af520c0773581950a6f07e23d657dff7b205de73205,0
2513,912091c7faa10fc2090723a331941141e451dd3fba873f16696dbe5312755e01,0
2514,8b89f6438c21708b1409654f8aeb5af09a2b7f27403263fe62bb31103dbcbcc8,0
2515,a079570ba589ba0a0b78233c143a1fa1f11c7141b40988dea4bb8105636c4b08,0
2516,687cd38160cdbc60017faadec278547688708f295f40b26b9393d322484ad2c5,0
2517,48f398906e8987cbf9c4fd42f9da997f4b4206e431c3673589cc657bc9915c94,0
2518,b6421abcafc03f45db2bb3cae2d3e4638083a7b936f15d510a517be99239da1f,0
2519,bdf023b57c1c682acfc16f1dbead902c673b26acb44578690f4b58289af75b83,0
2520,fed93713855b9589fdb1b71a803cc3eebc53d3aaa5f40e85a0172e2a84d31259,0
2521,d8ae8e0b8a24f12ddccc8887a3b0f2688623ef4b7fbd27103aead9c113dccbba,0
2522,f576dcd05c96b708b2baca8e094881e93b9ae1415487ba81bd547768a58aecd3,0
2523,866a04d45d89846a4d606d881d846521a2fb39dc387b36799e075e6dbef95621,0
2524,171a075a79bc5a161a32ce664274886c6b949363868f80d13cd637c9e8d535e3,0
2525,62ec69d4d083678e4ac2dee1c58fd7079b8c0c73e2f34a9f55f503c3050d08c4,0
2526,d75006e9b4138f12b64155e2e59844747b5e2c11b6610bac7156a14020ade1d4,0
2527,60d4403994936b3fb39fd1ff3370ce55cf081efccf557a55a301ce979075cd40,0
2528,6a29ea7aededc34f9f8f2e31bde5f0fc2b8ecedd6e648248156a1e6c89c6c812,0
2529,130b0c3e009d091d877b106d3b8c910b54bc2eef0b4d85ef280fe00c97d2e58a,0
2530,1b628603c91fc90ea290900a1e2438b5d455c805f8dd744d7d72e8508bc431af,0
2531,661fe00242b65791aba0d5f331c62b981dcec8d41da2cb24ca8f6f185293b47e,0
2532,96eea4ae2a21cd23b7e6f35df0d95eaff818875159d66480201d34a98a07e7aa,0
2533,3dc00e4e8216575f318b9752c29aaef663437d2029219a2e1bca062e15923895,0
2534,8ecd6d91041cdbeb7f27075105c7624b6379559970e4655e1289238ee72f46e7,0
2535,1683a86b3314c6ab671467626b29aa0e04c80d4d0ce93a399fd53d9784ee7159,0
2536,2adf1c6055bf0df5d38df3fadf9811598287059a8a0459ff721578c7c02b020b,0
2537,9ade7c84c3de7bc12944be5871694ff8628b1d61cee32771bf063b8f74932f9a,0
2538,d92082cf07dec4d9e12192a0188283d9f258754726469c681d0f58c6ca4dea6c,0
2539,ae56d81214c677a607edf968e55f8f32f5aaf17a79c578c35516c21b3d4ebd78,0
2540,87eeedc0ec7b6e316cf9720f18e0cfe78ff51990d8265f3dc33263938c84d088,0
2541,cb37c979e75e2e2c912adae8a6398bc729615e249d2ce9a48d569961e1879df6,0
2542,f90761b5f36df95d2547e5643f1abcaf32064fe2ed8f241cf90071f5683f8d27,0
2543,d25a069f922df53ee299ad67e8d59e1768fa7653247998be2b90c0ba878c52d2,0
2544,3ebb56fb477698a715f9c882a16dec5c6632592c7e7b947a4c27ba675d5e96a4,0
2545,94d35989949678409b287846556a15ac1bc0649ae40dceb792c8abe916bd8485,0
2546,3cb470ee6946de08455351de1fb2ce337320be435134b21f00f6a38771206dcd,0
2547,2138b50cf01eaa319839575b56e09415596c9263f49a6dae3dcfa2306023e98e,0
2548,1f733ebd75cf08bded69ca8e446160a7f1bdfd15068e577245e120e169891ef6,0
2549,176ec032a093d315d525229870843117b897e74d4b5ce094dd37dc76bd6a6982,0
2550,23e17689db096bd9548e9e4766e9eff98f49903f5f9e6256c8c09552aa89dc0e,0
2551,daa35697b4fe4f530329394860c7d60f4ed8816f14bb6065a8c634ca724032f6,0
2552,66891edf53c5267725c430a70f255d11447ee85e1a9afe541c645025d198ddba,0
2553,3c4ba2352d1b7b68192fa90408a26851f9cd91c705d7767465802a4031204aa2,0
2554,80aa27fffb5ad3b9d21734d88f4d0605940146999827c138804c2dc3972d32cf,0
2555,cdebb979794cd709531b26eddb63b614edbbd444bef5c15b250b35549f0a18ba,0
2556,f44eaf81e8076e88e07737c925c920c075deb721bfc72120ca9d35a7c1c9018e,0
2557,c13730d48b623af34ca45e30c8dddbdb8195216e8e6d9bdf25259ed92abf4372,0
2558,e367f0c3f659ea494d558c73702b6b8551277540589cb9094188321e4642c4dc,0
2559,7f54b961640910acfcecb6bec8f1a46f1ac2a35f741f37896336301097a9312b,0
2560,fff2e9624969a6b722afb14e51816cbebd58663dce0aa0c8788312094ff86b84,0
2561,86f75ad6fd641cd2a7a144406029bdfa16ff95799ca737791c688a196d5898a8,0
2562,c699a1a6eb818a3283020e5c0b9e36f64ccdb26f068f735a8f1fb39fdf9114cf,0
2563,846e87d4465f10cd486f5845e69d51fa45efae397ca768ef1649189dbda97cf4,0
2564,fce747410fbe2a2bde3943e4660f59f6750551b9d918830e027a35e3464d5356,0
2565,0e2476de343ab857e7ee0838ad26c8647b1c74eeaa89109420faed02cdce65f6,0
2566,75b769f27745b9c49d3fb5c80ebc77ec631433a11b1d880982d85c98d6cb6595,0
2567,d4ab146d0fe50a32394a9efd005e3a400c6aa3e07bd8c79134eeb7fa06029713,0
2568,4e942fbb4a55245006c4fb2797cb16fd3edf56bd275b038213c52f27744e8776,0
2569,03f6746d45e620f4fb9034d50cbc668c9c86c5d16390f866c9af079c15d8940b,0
2570,a72a28aba3ec67431e43c044fa07d08915c658159c19f5a9a75ec9a3d10f093b,0
2571,0e6915100e9af486e9d268e40072ddb2d0fb7167473d1527166a9bfc30f02260,0
2572,e0b97daf8b9cff18ab35bdf429b00a04e78834ae661021f0d4c14b30c01aa5f0,0
2573,bfdad50f67b00d8aa19591f5c5bbe56e0d5be6c01bb44d462deb022b64e06939,0
2574,c7fdcc6325389eeb519e9e17594d98fdc8fd6c4d929258deca7b604b8186f950,0
2575,40806910adf28f91387adf488fed71f21cea8eabf143f88b26be9ff8e563d775,0
2576,b564222548d683d205081b31cc36ffbe88c6b5b93749ab36a4ddbb5c1e3d3b2d,0
2577,1de0515c0796c40198bec23a2c13a5255660eeda54499de9762b7dd004d6f0a2,0
2578,03256faef46d41cec3cce36cec942cdac89d6d40c65f04473fa015beef361c3f,0
2579,f4d3b7a482189b063c6f78716c7426924c2265756c5dcf7b33225a285aa5b66b,0
2580,61d4e68a34b3e4aacf73c14fd69edbc341dba5331a62c3accfae368234420856,0
2581,78c78421763d0e6dc714b01814dfad078c38ca1e04c6052a285370989db70dd5,0
2582,cd58c305fdbb8463b7514dc3729b87f15836dc37fab29efb38e04b21a8e2fdd9,0
2583,99a851971df7ffb9f07ec8440055f5bf77cbb5aa1c617ef19ab4dfc1683ec2e8,0
2584,0f074872507db7c42086d0411a13ed1e971312892cd6aabaf0d734946a3a6f78,0
2585,2f44a17487173d8ada5344febc66e686615bc8e27865dc76023117268d849e3f,0
2586,3fd2d3ed111f1daf1355ac0c1c9cee6270523adbdf749a1348626581a3318381,0
2587,04c0611c9b396dc9b5a342b6bf07e83b7b7a212785da8cd3b3871525356b55ac,0
2588,1ebc3778f8b11992b10d160f97c78c2adaf6908c7826f0ef076128234c1d1c52,0
2589,7940103b68b174e8a7666785d2c20d010c11b9bce4cdf6c90a41849b51e28e19,0
2590,a43975bc3c261cea6f56d34d0fea690e5a6e850210acb54e6b174bbf852ce9e8,0
2591,812ce576c7b31e6b2a696bdf92b909d3e8bad6f13f3a2700c691d355c47c33be,0
2592,c60af21636d6d14198b76bfc6e8ac17e8fd51c68e85f4133b7c20206ad5dfe2b,0
2593,42e2f466f87c73113d152b368cfc93b3dd779c18089cb628f1714f1e55a31c1a,0
2594,f2b47eb23ee1fe1b1db348d228d301b93b303adc616cecdba6bf1dd7d1f6c799,0
2595,16a50b335b84c2a26f3bc8edd1d1dbf98c29da3d4904dac02bea01215adc371d,0
2596,019d412d1e6e81ec40458061e77f72dffd531b3ce1f1f43d7a40c9fed6902852,0
2597,7bbc978722237b1477b09146fd79e8e8f87df3f27cf96fd721a2641ed540d5fc,0
2598,d7d957e2ec8e4a155e46081a300f55a6aab98c9cc8af100b41bff59fff6de581,0
2599,b2a8fa4db23e8a2ce04bfee50a8a35de3830db7acc7acb77e875c8f78bbc6841,0
2600,6a14084a3533e5e05b2a75b14242a1566df97bfd80d64114969f92d1278bc60a,0
2601,8cfb422dcdca7652744409497503051ed749a8bd453b8db5f3953563419ad326,0
2602,a9a0177b7c509e12d47628eab89bf383b3ec6d85f5858126d8b600b3d7befb0c,0
2603,bf48f6b76e4779e03d40731554611884f149e92f728978ab9d88cbe2537a6b72,0
2604,863379017331a9f8fc2e29b8d69c05b4d68efa20215dc08fea6c5d7065b654c8,0
2605,a3852d3da12981a4e7c3b87fbb79c187c4c2c6ab256fb98170383dc6b3f0250a,0
2606,5e5500def911c8dfb51ea950395dae6783737390b8bd35a8130b64f46d23aeff,0
2607,5c41466835dfafb46d4a659157e8cfd2e74a80fb1ee3bcfe3f8ec4b7d5e6ebdc,0
2608,9beb370350f702c69320a04e5aee5d2a97c35f6bb4969440aec56c572d37a049,0
2609,51d1bffbd258d9b80f407555365ddb620e8ec4a94c2afb7016dbb5ab1ee84ed3,0
2610,42730a700173feb6ba395af435f7e3c7ec7aef020979faa0d620e05034c02717,0
2611,d8e153b94b948366e830c8b342e572c686acde69823864a0c661b4b880970327,0
2612,19c6349dde590a558e768d018167950612e9f7926789f1ba62b7b0e962e4a29c,0
2613,a11e2bc446e72fd1799aced53562727332c346fa3ec4be6c8b8fa7185ac3fb62,0
2614,a298349c4e8487d3f6c341e4a06635d5bb4426c500276f12ca0f52de240295d9,0
2615,8fb37e277f4aa7ff631551cdcb108a6951fd278a9ed62a6b97ecaab8fd755fab,0
2616,84f0c232a71647637c5b7f155a5db7ecb9104a173291960bebfabe88cc7997e9,0
2617,555557626a556a0c4f091389259a5548bce077b18d566e83b6a76eb20a718afb,0
2618,6e46f0c52ddb52499c50362961626acb30767a2f7a93cc794716b2b2f71dfed8,0
2619,eef4dda665ec1b11bdd3ddfd4d5a55f2a789df5e3f0e1106843fa67c28b69465,0
2620,6b0b32b08a361d4469f927bf48c4c0120afe65ec94bdc5942c5d51fec629d0ca,0
2621,01cbed5c7c797a81ab225e7a7a1b23de6a22cdd168618e2e8e764760b8e0217e,0
2622,36b2298df9b09cc766d687cfc867dabda8587df1d5bcc322726dac81b613b43a,0
2623,3cf36d9e86b33721c1da7ab8c9901d3c2ceec7489f8467f95ae416a5930582c9,0
2624,818e80e648ad49636952b0e2487746da898ab4cd93f5b163a7d4816a2864d174,0
2625,dc70cd91109589ba6af033e3232b46d9436736db1ba737e25cec3305cd35af50,0
2626,86375f535df90d582fcf1e5215c63e3957c939d474ab1d0909472e24bc74a655,0
2627,86d3de56cdad1cffbbbe7a930aef4b0915a20aae46af9bf410493092b1e973cc,0
2628,63aaf55c5f5c2196ec6de3aa99e6bbc2601eff39c7d05c24c3c8e5bc0c0dc1e6,0
2629,f69df9d60c7cde3b8b42856c6d816ce3753d283943e82072d470a0517c07699c,0
2630,277ad3edb362441feadff43785b5e70e0e442a81cdee9b2802b6a769d9ef10a8,0
2631,a0690b704d95ac139af78b39ec2193f90154a3831809c40430d6f3fc4df526c7,0
2632,0f1fdaec137083a89f9f7787bf7df13db4b72fa1806f023ace80b50ab1bf428e,0
2633,1900282d49a71ceb11a32c424934b83692ad0fa4fb943be7ee623034917091a8,0
2634,c78144208e56eb247f553654e6b4f471c39656c74c091da14e52aeec218a606d,0
2635,e46a90fddc99fb7a81830e1f6d96e4784e985a51168acf146a3498b34919c23e,0
2636,2af07f0b97d3eaeb0779d7e1263413632ba7f51b0eb0799558f7fa865428535e,0
2637,3ecaa775dafe0df75590c8d9ec0bd1f6e99ffb39dfeba4c2b3a9a4a92587b386,0
2638,144bb654809306a4588f79e90dfe879fd4c3123b957dc616e7d10916ddeff841,0
2639,06008de577726714e5ac714698be00e6132b123f46eb9e59d9b307e742362725,0
2640,e79ef03b3b23af26bf0491e3d8914319e963272638f5fe0a2ee2ce7f3282f4cd,0
2641,95928ac39caa8e7702d35f495c422a0e3d4643f328cea612af1abe138704ece3,0
2642,0f786b08013921046161909542450c036bb085437783b0b227271956b0fd18ad,0
2643,bf86abc6bd7b2f1c13db4a4913bf0a280e8d123383b48d2e0513ffd7577b0f90,0
2644,e846e2a792445a1b7dd05dc6212d7f9513b52e7e86fd448f0aa8bb3315b9c03c,0
2645,1f3cff1705947006793f3aa0661706b8637e734b083fbe7454f147c631d508de,0
2646,d59ef6f853909966880c2cb88e98781b3eb214e26fc621a79cdb3022e36f078b,0
2647,43f255d9a66a043ecd40a9090cfb3a3b01bfd574209f3555bce6090df4220ce1,0
2648,3ab3007b4cfceac3be1e838cac9d873bdbe5aa71bc625e8bc0c02c5b3fd9efef,0
2649,4444811a74551bc403123689673675b5c36578ad9a4695c99ed058dd6851b7de,0
2650,5d54a95cd629296c1fd8e7cfec0a27cdecc9ccea6e5bda4a8c4bbb3434bea793,0
2651,8b9691934110f8c098bbee1b82a3befd2d13d684d5e45b38ce345b1ea7fe1f36,0
2652,73fe22365eb521d5d24c4905c04c59f49a1db6041662a9376b06ef06a93bfa38,0
2653,03d21c1f2aa925bddedf4155dbde13c486fd1a1499d67dcf8bfa97d191d6f4a9,0
2654,758a0e9bdda8a56a9e36fc3a5365cfc0cea4f00fec9a7a515be085b1cc13b9a7,0
2655,77ac007bbf565879ce301b4e209d5e3876338823325f81ddabbcca7f1b96bd31,0
2656,60c5107071a347011b81335df12b43c7a4c47d194c2aa48588d21307164dfb9d,0
2657,2171dbd5b7520a68e36f62a3b854232d48c8a85bb30795f5cc8604e397c35ff8,0
2658,8b50f2c1c292f02823a3393cab2e801dea85eadfe224e6fc5a5fe60333ee9554,0
2659,3c29d30ec874c63958744885a3b7931590fa5c0cdb863370d7ef912855b45196,0
2660,e6cab19c18fe62ca7021835636f7f9b05cf85a8c23652384295fdddcc10ab3c6,0
2661,91dbe1c267da97c3d70b194035e3df1ef5164aa017ba3634bac75e667140adb4,0
2662,aa6df8bce6527889cfb7a7ec200dcf79da27aa34357e193580472439e9f643d8,0
2663,7a0198b4adc8be1939aa6255fdd88ff593aaeaf333be0a05dbe7df8fb8db5084,0
2664,b49ce52236503a84cb002d9df7ead2d396eb8e80391b4a874c7b15d6c17c1efc,0
2665,85f35fcd6815011ad36f6fecffe713bace88af2b74eba7816267fd3262156d25,0
2666,23b10539a5b839a7f9894a13cf7981b33183f4844ab106b40c3d728278db4a7c,0
2667,d44dfea1d6f65ab81839bc5626cfe97838ce2f02d9a5f6b4027697c9c9b98b10,0
2668,f525c32655cc846ba8ef39c22f8f8ccbe3acee77c5ae3471f100dd27db3d0959,0
2669,334064613b0bb9fd2d1c171900a8d0263867d0bf865333b8a42f3c127c92fda4,0
2670,268ea2c44f202f9973889c38dcacb91b229100a2fe5c179fed67cddb388340ba,0
2671,2d1b68c2e2205aad851a4d4fd69e8e9f77e83ed830dcb4929cec45a82ba9f2ca,0
2672,3e94553ff3f2fdd51af4f39110e367811421487b001a3bd472ec391b553d0ad1,0
2673,c3eea97056f86b60ea0b013a48b09769cb082e8b316dd8b59fb894d3ac0a62ad,0
2674,24f3df406982301ea3c95f8710a3362079a407a4c1c0e4d29ee5094ef7cb7407,0
2675,c7d2c08c074c8e0abe9169389bda592d745f158227e001359ea9e76d21b5de2a,0
2676,12ba6a6369c9fcc783e532ae500de5c8383e96d5e2427f39b2645ea92cc252ad,0
2677,5ab2ec93501c74f6c2b964b02f09277b7ee65fbc8ec156260f399b5fb9f26efb,0
2678,4f915b215f592cf418a36ad29ca5a72e6d5eaec62b446258f0006850af73217b,0
2679,7eebf8e077914f1575ba54d43328c0747b30d62cd9446088be131306e7427487,0
2680,a710b872ce081845581ddd0c81c8c5edd6006636fbe1eeceeb73624fba4d86d3,0
2681,e45742fddd592f8456048bd65e66d5c3bb980ef832d518d69fa11e235ab3418b,0
2682,2433608bbca5e985ba62188eb4ada3ad859bdcae5ac304bdb6049f938b37f98d,0
2683,211e39bccec8b733bbede53133d40db0f348c81a863b0c9d92ff63d71d4e9744,0
2684,e0d7d2624e022bf9df214a899ff05911e61fbfc0bc55ec513bdedba7068860c1,0
2685,49e29e36c354cb07973450f4cfe002d159735de0a71f226e2f098576c0e820a7,0
2686,a3eed6df370b1a8481345f62b9424be1cae1588b41393b91b01a2db0a47a830e,0
2687,b095decba20006f705ab708665cbd3dc125e43bd02253f2ba698c9d6a8e22a5a,0
2688,2123e71c248e09a4600c818d261ae5a5e70de1bc96baf91bdbbfb74a4e79faf4,0
2689,2d36597b7b11a98c793f9d1ecc615b16bcd382129f645334d786d67da187e7ce,0
2690,9af915acd95bd4b98c61a003fb7187527b95152dde33b5da45afe6208e34c23c,0
2691,997c5a223b7facc64a940b8884319bbd6ea28a3ab4d50f46cffc19c8c03e010a,0
2692,ff23549df1a0ad42891e8fe74f4150e21929448bdfc5633eb1b9343e85b2a9cf,0
2693,18d8296a927dba4cc34737f3c4a28630d1b98c9236d8e359aaea75e5c1809f5b,0
2694,395df3511129bb1ea9418e12dd7cef6cd6f0c9a6df1b96b44e28d00027e22b0f,0
2695,1b4fb690053ac8cfdc9a999ccd6e74f0f8b1de38fbf94496f8d547fc7dc2fbe7,0
2696,c8a94b9db9dc699c29135f0554cec4c004409154593add874ca86c175a1f7cde,0
2697,8a04826bcadbf2534d0c7c1929a1505710771a56129fc0e2ed92a31b5564aa98,0
2698,35fc754639ef9b10ba1c52740a8ae3b32693a5a1812bb9ed0b851bc3a4dc40fd,0
2699,e15f82273da124af84ea55df3b7dc7330de7304cb1f89cb2ac971fabec4776fa,0
2700,38aa4b1c1015ff247ce49098b41dbc53c9f6b7880b6bbae9c28883290fb6e475,0
2701,447f21c0795a630f7410e289dd0d2580acec08f9560cb8d7c0fa4bb5295eb34a,0
2702,4a6f739c579052c8dde3784d494558745e32a46bf293151b90a4f28083d1bc70,0
2703,5312c5fdee4dde38d7b563734789d9c179fc83ae82f9622e8b22229a2ee9a4c2,0
2704,9febae66926d62df6f625eb585f8febe94a3a2f9ac31ff4e9c9e2842b8282aef,0
2705,804af01521978dfd80bb0b3668d1fee6f6c0de3341a89ae4bdd0686a4455fe06,0
2706,49e825fa87cb85c8a06e7edbd059f81301855043ab7da886a5cb7ed944783f86,0
2707,4444b782eafc2fcbf558b7dd0f679166f6c3b5cdcc00fbda710154fb06d08f04,0
2708,1f98acae4dfcb8253e8ffb0169a4415d5c7164c8b5be7701e81c7a2da448ecfb,0
2709,6ee2b6fb4fba0f1dda6efc90686dc8ba136f9c173aca0625222801a07409265a,0
2710,ddc09b2d190b155fe5cd79b7108f17393c98867a959de18a087f6f24ac2308f9,0
2711,c6c9db4976e96b74c602bc8f36c3824a09d70514a6013229ac92c13e5147d770,0
2712,e925c09a373716dabede31c507d9c11efe7bd888ebd17e1d8b8cc0d88f8a3bdd,0
2713,7426e0d07d529f0a544b9bf66ad56658a6cc6f5533f8161fa77389bd9d1a0a44,0
2714,00e21d47a3c63588c9accacd050fd48a271d34e79af992995da8a7e1bfb892ae,0
2715,0ed7a82a26aefa8df3fe4821894da258a955d42401193066d11b23a477606499,0
2716,103762b20dd9923e2e4154fbd149b17b51e24d876bf1a32ae5737f50e1b210d9,0
2717,20f04817b2763be5157dc2c502e4a34cc1dd32080705fcf6d0d766b1cccfd0ab,0
2718,9e0a148cbdb39152ace1b051c6e03348f6178fe9a9931ee819072d53af89e65d,0
2719,64be3c688fcdcd06eadb84a8eaf1257142336213b56323ad5c1251a2d43feb2d,0
2720,73689983c552dbd1a97ff19ab0c9464ca79fbb682b592d1938740c3ed1a66b05,0
2721,0e48fd0106e0ab7b7ec3a6aa36c3278b031d77c20140bb1e367dc80f07eff5a9,0
2722,1aec830f6fd7c201aed978923877fddd2de4486fd57f7223a047299ceb768198,0
2723,a234f8bfa5a443ecd49130532d4673b24742d4ea84d18e2770e084c6210b85f0,0
2724,1a04c0c1905580db9f8eca1082adc8613cabd47fecbd726c1d440236c08f8e20,0
2725,860b3856de0a33342db201b8491a3b5adda911fecc4d5f665bb7ceecf0720d31,0
2726,e0214d725fc7dc281cb81428f32ffda285b2f4e42c2561e9755bad9f7d4d1844,0
2727,fab96f0cb9bad2389b00c01154bacd8d064ef0ad9b4ce498792ca41ee79a3704,0
2728,c9e8d4ce50c5784b6c5246fd5b74307bdd2cda8f4110f5d40d241d89d307bb48,0
2729,2bef73fa7c7ec17c387d5566d2ae3f60160bc982acf94ea6637042af7406d3c5,0
2730,3465f212d1767188ab556733d02bae805fb415ca4421ecc76e05c1e78d164fa6,0
2731,69b991392b00005bc9f9617e1a23587c5023bccf6cb67071e3fae424a9f6579e,0
2732,03205638282122412e9e82afd384615258a48f00f15ebe86d95a859e15c3a9cc,0
2733,b29fa476adb0618c9b3c87d7ef837ef0ec1020385faf899e22077a71079e401e,0
2734,13c1a414145c902f7e35318bb806c6706791a28367cf4b3a1b86c6ba8282e148,0
2735,fa5f435a0ab916fc428433066169370f0e1fb9e71609b87eaa6e7c29093a393e,0
2736,97cb0276c26354b3c97493dc37da948775d31c6ab930dc160979eb0257ab156c,0
2737,4a259e19f43845cf8214f567bc75e8889462d535081bf4fa04330a95bdfe8c0b,0
2738,b7c10e259b8ee02d52880b45ae7d43fc66d331dffec09d51572c09a3686c6b4a,0
2739,c473cc034e68fa31fc98d43c2aa0b38773230712881931bec1b62565342ba7be,0
2740,befe46163946a79f62fbffb2e4d52b6ccd131b6a425b728191d1813add1cdf0b,0
2741,3f970815bc119363dcfeb4f0e34ee3ed6a0d95e50963fdec45e14b972c72a9d8,0
2742,09bf78dd98f67e1a40acdb26e9ee27e878b1ca61c5a1471c8c58797b8ca5353b,0
2743,7c5c922c4ff17727d807dae2df4720212bb80bf89f072f3f8f90f574b67f7c46,0
2744,8df705e68da70055251a89cf91bc2bf7b7d79a63c34a392213941529a4d5ea4e,0
2745,f5fc0414f704d676eb5e17638276d8ef2125568a953419f396fecf7bea4ebf6b,0
2746,f0864108d11dadf668b81f3ea59ed7a0400a5ac85c59ad368ec2a90035029793,0
2747,6cceaf7da7b2ab9ccabab188bb555b14b0807afc07dee9a1a029beb1bf8aa77a,0
2748,7bcf35b41261c8d34cf32d66b71627f61ac4fb77aa5d5148f8f3355c69b3e754,0
2749,0eeb185d6f35a0a5cf25bf36d22d30b83fd505988e7f6e119983c813200d6eb0,0
2750,1f27a1c0eb78dcad1724fb70c31a1f64931d5521f96aaae2e0680bdc2921b1f1,0
2751,2e6597524a11273f3e23251abbc7fcb2d46591bc218773e968634f0046d4d406,0
2752,64716f8e58f7df764c8efffd871594617f9acd0bd0cf103060531faa1fc74c8d,0
2753,dca6dd0ecd46da26602b16d660e8f6d5bd06e45b8ff32117b2810c783ca79f1a,0
2754,f7f19e8f71a1d8053d3b4274f27ee52dd1b269f09b0f8c0556c89a46593b66aa,0
2755,ffb3a4c4190fc2f84091fe091d913b53be4b181023f62d5b29a102a941e5de8f,0
2756,40d2cb2440b54932ad614aac7d7e4d5951dc2a80a36637118752254352b93b4d,1
2757,7e2764c68302630cf1f814a348358c711c09655fa8a1dde1ea42ee3ad2c69839,0
2758,059862e94d4a7138044c8a865878b1fdbe1e3eb3864ca1e4a3858d3757ea434b,0
2759,704c83ac0f80f0e50b511c80853a8f5df764ed907719a0ace16a146605ad396b,0
2760,d7d96188edfe3aec1df00250049622105b6697ca9e053d57caadef28dbe89a55,0
2761,c66ebb44ef854b6729a4954c109ca034e4f5a5cb585753fdbf55b8f4c0ffad5a,0
2762,11feb4ac1d217adcd5b3ca2690b68d10cad0fc019e8f1998252a888e56f81fc8,0
2763,1ad3a41e5c0cb006233f00b643ffb077d008ed3cbb7be5a35594de4342a1a812,0
2764,5d362202dd86f67333ae92d1890071d99bedaca349f4cbc34fcc28727614650c,0
2765,4e14cf93844af7f06a80544caeacfe774796f0d978592dccf8c531deb8e89262,0
2766,27434b94b5d7af596303803302475dba9ccaa41fd899105ef8cc659cc533d24b,0
2767,4068c2cd84e63e7441d87b73b1be883f7ce1b33245a1be208e79708fd5d6b5e7,0
2768,f15c64fcfdbc8aecc88e2bb78e8a1480b7ef508ca78a07eb81f0b766bc6537dc,0
2769,38820876fb88b21cf389996b7ae40f544dd8902061aa2502dfaa2390bfcba81b,0
2770,8cc762acc10cd34f78b0bbebb946cc5d1b73ef26c388afb4336dc653586bb17c,0
2771,5483c47094c178fc69b3ee888252af2eaf5bab8c10376729152a71cc4dc18bd5,0
2772,c6290525f1573df5135b073efac00032eca6599786f3b2a9f9d33e1e04f45181,0
2773,6f7f1f6693d4be836ff680bb8663929f58216a2aab90b537f58c23da6a933444,0
2774,97776955ac83f7587de3856984d0384bd9b93fefb045877015c7eadb4efbe1a3,0
2775,27f28a0053ee1ba4dd67b2a0e0a64c03372074f94ab37d11a3319a1496e6c2af,1
2776,f24c669156f374df5e774d4eede9da39cee9498626dfbf5cd80a7cde65162c36,0
2777,be54ae946ceb0ba5183efaed0320b429ca9042c287f035bcb4ad62fd3cf92873,0
2778,4a57ba4c7e671c3ff196210c630ab0ec3808de3d1f7743151133843cb08e67c8,0
2779,b84f0928e77bd03e9cedc76e4c05a295fd7f22ab1c7d55fdc9379dd2e6695ea6,0
2780,690b9fbb2ac755225022ef025fe3eacfaecd342ef9893bcbe96fa592643035bb,0
2781,9f71ec098149d2521400c9de1b3ddcf33267cbbc0a0deba8964a0f060a96fc67,0
2782,17e334eb7bae29522d551ca210886c86c89865d284501e45ec7a5e1eaf3166b6,0
2783,d8332833c59c04d820b1d4494d76d83f3fc4120915469cc5d3a947eacabddbce,0
2784,9e9a19b4ca150664cbeb8e189807a5aef8af0b66135badb8f5610cfdd314f890,0
2785,4243019dffb42119da95badc4551a893e20bcf646d1e0c8f47a6a2eb419ef019,0
2786,1674d284e8111d999a47ae3dab00cc978761920c1f66e34c77667488425a5f4d,0
2787,5d706780e6f6a7b580d48a391d4bb49d47b71b6af3901c9f9783e36ee64b37aa,0
2788,8157a7c4e6df35baa9f4909132c7fe011fb9599e6fcabd7c2ef305121c3c547b,0
2789,bef6bedab92dc316d9f5299d19ccae3c658a26903cbbbc59795cb99a7482e819,0
2790,a20147748cc04bb563552b6b55a8706179f9cd2dac57b4a67d32072fa64bcc76,0
2791,bf8058c2e6040d4dec8978d59ab81bf479194b775f0b7d431a045dafebd3910e,0
2792,ea69232af169ebc12d95c59aa9d50537a8c54790f2e7978cc1a8f11d1721eb3c,0
2793,9edd4b7d4350240d977d4f50b1bcaf089c87fd0ddde59c7a45db2f93980e5003,0
2794,f531cf887572778c0b178d16a7693ec0ee77f85b83bd7b1694df0dc31f6700dd,0
2795,20b4f192edc8d920cd4e4c05179be01d9a64284e9ab3c8489137e2b229aaba83,0
2796,aa3f417aacea5696a657f85b0c7d502ebed88ed7eaceeaf44a9432af93207dfb,0
2797,1a232ca2a56e74b7b76d692a1a0478819e1658a2916c87ac5bbf13907f917244,0
2798,e4855bef979b4be0f35603383b662cfd77db313894a913b9453cf973bc40e059,0
2799,9009b647e44564db2b6158e1867ca0a1b3c57afe19a1a4072f634a9b0b35a7e9,0
2800,76d79af50416a5319338d277726d6946a486f3183ec5a30702d81807ec4330d1,0
2801,4b3a966f80fe01c2879a2f5dfe42986ecc4ee4c90645794d3645823749a4cac5,0
2802,32b1e9bad75f328c64028419e74f0de104ac61b1d80327f0daaf03077b31f1fd,0
2803,99f0816f4bee740b41e690157f9e4c9533ce59587f05473ed2f5cae31be627ff,0
2804,dda91f37e0af3375e57add5ae652c99bcaa4136650bf6e38151f35fff3213d8c,0
2805,1e02b157be2002ef45e5f7b3ff8e6f39405f756479c706c285013c9ec08bb6a7,0
2806,bb097ae3924ff02b76f47534732f811f874c58657fc16acf48849f545d9f4777,0
2807,82725882dbccaf8048afb1c66e984f268790f971d5dea4a0f0924dcb617e4aad,0
2808,b6f9e4b7e81afc997f951d1244afc5c433dfa0806265555000ec74a88da99cfb,0
2809,75eb922adb4fe12bc5cc21b4e401a8c73d8d1cc9657faa66772874b9a550cdda,0
2810,aee057cd12bb81cadcd1f088a23ec02e81914f83e8a614dc1f73f9c7060962e0,0
2811,547a69ea598bf0ba713bfc8efeb04bc51164e19da30ffc04b57fce15be145cba,0
2812,cc39a804243812fd61d8780fd4c33d49239c8113ec8d4c778a9f08f4e77b9b1c,0
2813,20770937b5d62889a349bf057dfa6e89abbcc068f932315bc893ebab053f7825,0
2814,d7c8c45855647222bbccfe030fc80d01416c1bd0ed98486133905b722896b3a8,0
2815,cd4cbcfd8788aa0ed996868283c2616fc2b268b3cd83e8585df7ffefbb3be4b0,0
2816,93415938adc8e17459c19e5a4d6dad8d63b5ac110d2bb54ec41ccb2a6dafd445,0
2817,29df1624d27438fa5b597d65452f1b1eae08f825c84ee1b74dcde13dc338ec44,0
2818,e6ce7e2fcce07307d79e2f44e34ebe1133359b5f3e4dae68036d15e6b429b36f,0
2819,dc517c1ff9ddc71c9d6f5fb87124eb0ec67c59dc66527d67886c68beb726a8e6,0
2820,c185f5ace493b93bf2fd5cce54bfdbaa28db72861b75373b71acb8671df33f95,0
2821,8b1ce289d89b48b31d2b7877ccf3521e208493f9cb55bcc5b560b70b275f0f5a,0
2822,4755e756f8727be5c43fd5aac8c68b28d3a206a4f1b9a84c7639a908fdfb9925,0
2823,11307adf42a58077b4fac2e26ecf4ee0825ac48e26bf5bd7f014a3562c5d67db,0
2824,e062784575d02e87e392e2aad1d19bc2cda4c654d053e48bbae1bac199f72e0e,0
2825,3e540e1a2467a8ac9d3e277b6a13f7615d6eb22ab83c1a784c38fa8c6133d649,0
2826,4bf2c5ae532bae49b2d13eb045ebdbc9ca8db685dd10e4dd55a4542d8d0aa360,0
2827,37b864224d93b1eadfbed25137a69544cd3a5a8be436d44ede5e1a82663e9d47,0
2828,cb80b5cc04c978b44a869a2770def87a075e12c5d50cbdce546d2e8db4a99fbf,0
2829,fffca80479f39b36e8045dbda57cfbc5eb8a80797ebba7c95518e1a88fcb602e,0
2830,8b4cd31e8f8976b091f2386d744e3f29ff0fc77eaa16fec22044f653bb6e761c,0
2831,fee2d1dc0912c91b289fa4a7455de332f54613ee19398d9c675396c565ff3754,0
2832,26c236885d253b675427137b5a1a13334e4fe510a6d7c088eb3cb434f4b330ea,0
2833,12e862ebd0f7053e6e67f120395d5255800d26ca8dc15a287a18f22019a12a72,0
2834,93c8a6faf684cc21b770b726e3fb4f229e69956cdb95747c2ec28289dd99a6e0,0
2835,0d65272542218f00c36468c7c0c8a8f0d488a8e2e4b00a662049ac34a977e8ef,0
2836,cebbdc346cb9d11b4bd59e44bab6c4b1767b1286941c356da52134945f07b122,0
2837,8cbd0dc5d264df1eeeebe16d4c7fe5e221e7b34d551d5965767146788c0c0c87,0
2838,cd95851c7886140acc4872da0e5602c630cb83147db447a6a6661be92c050fc4,0
2839,de698fc68145be501bfcdf024622dba5c286ae2a237d7b197ac1d3054eecb9da,0
2840,837a274e414bf65f66edf9b4cfbd8ee57d3bb3d0bda1240b2459604c87674bc0,0
2841,bbbfd5e877ef57d835a0491a45bf43daa8c18f5f8df8977840da2730b3187745,0
2842,9eb7f9f017ab605a1d69b347c79a5b90425e3aeb497d3ef3c9e7c1e455a7c259,0
2843,751c967678285f288fd3c060c8e6c1dbe3c8ad5f0bba603c4c362d72f0cd2262,0
2844,62ac746b382cc3966d7e8e0e7dab692da2c78d34688d5770f0f7f41051cebf52,0
2845,8539424a6a4b890d7e218da4d6955048630a4e10f9c5200c944601f0c9c33fef,0
2846,2998b0756348385f84a3bca9a4f6e5083d68583a0910c0cf0fc480466105f67a,0
2847,4735ff813cf4e9bc27cc5d5e699ec4242243fa034c04a65890b38f04cb1c846f,0
2848,db7baaf0a76606ded0e7d5906c69c3d4e716250cf28b4e74d382247d6869a4f1,0
2849,2cfe9420b0f30f38854c2b685dcc5f180bbae61c27368bc07b031dde7d96d734,0
2850,4d0ad63a7533f4e594d9b138dab1e13c0ac99104ae869d2866e1cab1d98adea6,0
2851,e3408bb2f57b7f089a5b659f78f8649b5b1f0af53553ba4e7d32ad2aa380b5e1,0
2852,13e546251888b3611f49f709157469b5dc373e0db3d71176a12306799fb9aec2,0
2853,6360a35a4c4042451f0ac36b73e57af02d981e5a44d04a6aff28c06068f5e6ff,0
2854,797d4d097c59f1e5cdd09295ea55fe33659fff99d24c2ab771b117d51b26c173,0
2855,a74ca37db5484c09dcd5830762042c385e3b7b9318bbd7c184ae18ed61984829,0
2856,5f8b8898eb419c8aa0b7eab13559c698b7edfe6020618d5e89ff9cb889620e70,0
2857,84a8613b28b83c35b6248feec5f7dd7f3e78cc5f151375cdced4a55f8540033c,0
2858,15e7d628324ba2e9f87afad1b5152a24e46eb1bb9228736a94ed8a0e392874ae,0
2859,95749efab6e84267ef682f2c462044b403bc6a4588c5d23a128cac1623bc7c99,0
2860,7b3c04cafeb4dd9163d6cf2ea4827a7fc857706b7b4c1b65e790228f9ea8f6ee,0
2861,b3138492ab1cfc12a4a926766b319cdeecce31ea55d66b248004e08504de305d,0
2862,1828d80553523aae0d5e38f6e6de19e0c63f561013dcb390e755714d3f815f38,0
2863,386f617a205cfc72add2e8908e020179c9d8d89fd629b85db0c0f14575663ebb,0
2864,7dc4280b07b943ee2836b3d9d6502871a8697fb59fcef0a15ebe4cc751f00891,0
2865,1586279a8e124e4fdcfce6f67f8fee5227c9d08d3d08e76e58fc7b4e0dbd4349,0
2866,e4805780820973d3b471de8d7891a1841fc8e90fe4c65d41f910860a88ca39e0,0
2867,c2469d324c66611db447008c792dbad2d2814250605e6d6cadfbccb851a45ea0,0
2868,9ad501a785b774cb1d86ddb2fc5a9fe46d23a995ad2d50a241f2a72f5719dbd1,0
2869,fbd072f75ffc45b8e3e31d8a2609ff0ddd5a77617eb6bb4aaeb07c4c8034b297,0
2870,b66282c99170af73e0db0904b36cf23fdaa65408710e42393ca32d3679a35d7a,0
2871,a7527bd361e680144d84bf40aa95f3429f88e9c0957e3f8f528d2e5fa18b45de,0
2872,38ae91a19da09483acca7ee949742327255a9529da58c432297bfaafe5129f39,0
2873,51f49ea0e25e2db06d36001b9893dd1abe7832b510a4cac2552a3ff411ece99d,0
2874,106e2b372e98706e8e73376e188c59ba90ef00a7ba46833057a148ff5afb7e2b,0
2875,fc0b02f18d4bc6ffaa475103e1e8735389af9065e4f79a40439dff3b8e9c4582,0
2876,4d4635acd7a6abdc84f283559ce36598c323bd435226d0f70b1c88f27588caa8,0
2877,7d8b2fe012bfa2a7a2055d5115248d28dca443aaee273d2c1b109a39bfa91880,0
2878,8fab6a938a7fefae31ded6f62a8ef6a95b4d38a7755d6a863e7b4965967c2a90,0
2879,b1209f6e186a8258128989f445c860266a074eb6a1405291db8ad9ab2071e6e0,0
2880,d6cd02960d4b5dc5e1db6afe7f6f2b50fc417b17f92e01627bc82de8b0459ee6,0
2881,0ca082684c71ad3044e5c80f1a6521c8167c1cc80fc047bf3287289255235def,0
2882,c3643264673840b286354448b72a21f81a9eaa2209a42c45f790404b311ac31e,0
2883,5289907a844486af1412c256d084690e6ebadea1279274d8d32ed820c972a625,0
2884,789306d29503bda8b695d4bf069c4489cc624326c7384ff6930a795265e4de69,0
2885,b6c73484b1ba4d22867f5ab51c0cf4a4e7801bb2b136340260a8ca845dbeadaf,0
2886,44aadfa459deb7cbb2b66201d70f97912391eac69eac68be692800ac7bd2db4c,0
2887,e2a001fdc8ee9172f5a7a7d469d6072fbd9fb9b4bf88da66d98719a546afced9,0
2888,4337e8e936e628b032d4525c128f388d23d2bb90bec1f65d6802d8caf7dc42d6,0
2889,214b2283ee226f0b691d681ef0c1d01aeb5b79e71a9c790054b87704d91dbac1,0
2890,d0a888bb5497d27b198f194d5b6b3251bbbb11c6bd9f04a276f238d4ad8c6f10,0
2891,0af080e65876adbe0213815d9c9c91789e58c9f0338bcc501216709a0b6b978a,0
2892,1cdb2ae5cc11d4cf6ba861b4c25b4b6fde1ecab34f5623a0a16b677c9fa1dd28,0
2893,04e6448614cb125f8d722f04601f0ad4a3eab4cd1adb0f7c85ba9ead43a38cea,0
2894,70b89a2daf1e964371485c8daa3041922a91a31769cb77d670afb96e1093c87e,0
2895,11669b2a47b0c829b89363477543f27b83ed2d89ae5313068fbbff307942641e,0
2896,9533ea32b39959091a22ff9863d83f03a579bd835acc59aadc1a541c017cd962,0
2897,04e216eefd6c6b5ff43a042aa0f29776dd23913d64ea54941a407a3ff7465621,0
2898,b767c58988cbc15b1ae36d7f121ee9b7bb7a165378267798441af1847079517a,0
2899,62b505b144a2d52ce5ecc82012478851f7206f00a6ffa2cb499a91c8fedf1647,0
2900,a7789989d508f2f179717eb75f54327a97f8c97d81be6b0b23e362d98597dbeb,0
2901,9ceaf75a283ad2e6258743e48fc3e817a611ac83e4f681cfa8375c603a144614,0
2902,dbba11b69f09f1790a48239a5e051d1c6cd537371e2db52bc0bcf7a4d1129fb9,0
2903,93bd184f92e0bf72ee7a538a6a6ab87d916b462dc7276ea8cc7d34263bf0a0a6,0
2904,1e199eb146610afc17c83e7c8fdf44fe751b3ae1b16f2d75884896496f085c77,0
2905,0bafb604d28192dea515e38a8223f58a9f88115d5cb0f5010be02f96aea44abb,0
2906,331a89348c4209f3d0e879f6fd44465df87818a3f9927b1140f3fc713be14978,0
2907,afcf2c798fee7622ebeb719a6e1f8f36286d4d245e71eb18eae1e9383f9a033a,0
2908,67a5b10132e4e587e7bf90da30232455ae1c4a52cd9e2b07b8d27df914136fa9,0
2909,2df34718ca7cb03ddb37dd5541c204370b0c78f6928c048e90e969993ebcdc2c,0
2910,94284cff9e320afe70b5871ab2c64b96cbfb30fbc4c54c9404527d1afe5f147f,0
2911,5c14e870b966173ede3fdceff5dfe94aec94979680ebe4ebc2704ce76b6ea40b,0
2912,8d932f004749828a71b73408f114bee6feae1377edd02dea61311298d1b32e3d,0
2913,6058666a75ffb17f1f99aa2dd37a1c4b3f3f51e949820bac0241577631ac5a25,0
2914,00da259fb7f584b233f21357c3d780dc3ed3538a186b8b92c74658fc98aa2ed6,0
2915,3ea207c8293e02d1feb345efab8cb07d83ae1be64d5885b128578bcc791811eb,0
2916,52d2d215d15fa169e14c0be8d4337d1a3a980cc3ccee91f5be09e554870e6db2,0
2917,f35228472598f485883fd44b281bee4a0706ae12c2299cc6b66800ef7b878c11,0
2918,dbd49abb385bea38ce8e758ff6b612470ad4ead3690a4a35b7d52d357bae213e,0
2919,b3d9e09d90138267f18e5c43c72aeed2be97ba37c8703c9b4de5979f1295e315,0
2920,13eeb254101764803e9b7b7a75c4a50cb3428101f60db2147fc202febdd65624,0
2921,fa57a3113feb038184b3ad92a1b99d99983b2b9083b6063986893f5e5c8f15b8,0
2922,3fc2ed564c8f7e6037be133afa69d48ec29e7d276a9e298775647cecf6e97c2b,0
2923,75d672b291d982d299880af8ee5440324e05995ed21dde82acb816e865ba3e45,0
2924,3ff2b0bd5be2ec074024dbe5c0920b42ebaa3efe924f9c523482c4d8554fa2e1,1
2925,9cac545475d8ca3ec56ce7d6c361eef251203b8f7339b7b50f15c1b53f593152,0
2926,4b12a9dfc500f3e1da957dc4a0f9aca6103df745cc4e1687e0e2dbd6d815602b,0
2927,a3366be8e7e5ddbd6f5364bc8200e28d788a80ba5700b7ac656850be59e7f6fa,0
2928,9cd4aed1261fa22353cb5b13ba0973a0e2f82d8ffc6317573ecf15b9c3d898cd,0
2929,347f21891f337d8d1cea0634ef1a6fa2a685e17ef670082865d9930846401cbc,0
2930,a1ac05548f175276e01c90d847bab1e65014498371c30baf1836d80c83b33455,0
2931,d7d17741c0308dcd3f2297bbc76169e4aeadd7081da4b77a20d02308150d5fb3,0
2932,7666c48100306fd29e66541c67b783078bbb138a61f6105401ee7fdabb199c55,0
2933,e26c9df8b39a7eb5be994a4d13b333adf77b2aed9df1b1d066278da15fad179b,0
2934,4ff5aaf09056f4ad946b19d7315be8fa83d3619f87d6bcc50b7a279fc9a0cbd4,0
2935,da911f68b3831d4cc23381fb6cf1eceb8197e684dd42dcb026d6d601a1202a98,0
2936,92d4e5cbdf748bf743bb93e08551101e285b8eff7691dd3f534d10261faa6f18,0
2937,50ae9a4026ab517048a06fca50200718bb3a317032fa8a5565d5a21a827cb158,0
2938,abf7135648790d5876c1774baf8923dec82c107a6e7ac5f18988c0098cd22075,0
2939,54d9884ee054419bd31157df4f43421d8985b8ba97c626b11346b02d4da25f6f,0
2940,3145b299c89275de2f75bc85f2ae13c797cca3244f9e62f90c43b4f72baca9be,0
2941,6ec5c4ace5ffde2b39e64afbb1a2d9f5ae9c6213335ad1485cf3021e3be89ba5,0
2942,82a07c9bb939fc8997c811103a7580e5b4db438699f089dfbfd598bbed2c1c79,0
2943,cc0f8889e5a281dbcc297ae65032d77e6464352be77306d724889a174c1b16b5,0
2944,40a180103df07f208f3ab8a4b37a39eeb245efd8fe1fffece3db36ded24e3bbd,0
2945,52b16ada28591ee9a8e8710a2bcb7c8a94a32f0a88b15adc177dc196a7a32860,0
2946,d87fc9ff8bdba87e5bd15e4ec6ea3c9a80065a487a43d1eb4167f826845e59fb,0
2947,ae4ae63605507e7b91b76803d8eb1d176f2cba20429ca836550c2b5a022efea0,0
2948,12ccef45fdaa521758d4c699cfd2603d7cecb5f985f1d6b7d35bce8dc458799d,0
2949,faea5003013202e2456d494224e4b4e9f2fbb1eb15f46912e5011847af30f131,0
2950,815e9f133624b51d55f75d1dd2d6cf1b433384001c80b508c315baf4bcb8d2bd,0
2951,a418c1e960c88ff65149880f73f2032516cf52c84d2cdd8f20f7b5eadb407360,0
2952,04d925f8ec378712fdaec55c8b741381d7e4e72e0190071b40ef22878d41b783,0
2953,6b8f491c491de1fb3c17aef28ce4ee23c0232025625541cf376c7aaf71a9025b,0
2954,fc28252f171dfde5f1d52e2c214128a0b28544282bb93b63e8f0b0bd92eb09db,0
2955,fa2f123eb0fb87584733ca81ce1fe38d6a85d76bae977da3678c308c8fb1c7ef,0
2956,d79fd8449c5a20b40065a7d527c1e94cdf86bfc2eaa09b3b265ffb94a4062b5f,0
2957,1a665aafbf9fce19551598a157f1480483ffa4cdf382dc02ba302384b5d80a2f,0
2958,bf6ea9630376584317c0bbdfebe4a3244ccbbc54dae02959c2118c317f354d61,0
2959,a86cea87d1d4daaa859af864ccbe0ea8da9748db3f897986db3d3bfac53722de,0
2960,74e18c2fbd2a16484289095f09772bf0afa48f91a7b0996f931dc10e13b1d088,0
2961,7ec2307bb39e23fd950f52b480181b4802f70ea832f46ae47d4d129cc5c14df4,0
2962,ae9033721572d9e3fbd3968bf32846d57773e0de30504ad3e5273337de7bdb92,0
2963,cc91a78980b996c96f8d11d51a39f6403949cac7c86555a014d693144a6cfa3e,0
2964,ebd58fec07a59dd625fd06161b981f7813808b1a833705bec54af1900f74e719,0
2965,15bba2043e30e8a72ad9c0e4a8fffa73ed7b648f2303d43f89d62d2b2c930f18,0
2966,52d2f9c156308782cc54263df01bcbdce1c7c42cbb199891edc6967db09c5e64,1
2967,bb6e9474afa566838549a43d3ed6bc6f144115f118e5e762de70441fb151e923,0
2968,881d1fb34ee64002633a381f496c8e66770d003aa7278f5bbc8b04e95487ff9b,0
2969,0ce4382e8d37a5cc8d7ce9c92aa8a133451fb7c1b32f2d17c6da7d438ab1cf01,1
2970,3c6c4f06d9e74564485d6e6c25a839a4f8fb088e92ed968820be91ca5b657489,0
2971,27921b7d586b08e8d0f607699ba88ced172c444d5d4ec9880cbed6adb80d77c3,0
2972,0fbce9a7ef1c844bd6b2d063422984629a8174f83a8d854bb44f250f98239c5f,0
2973,63a6299ba3bc8ca0735ecf09492ca2436b38c60e985ae159cb974868c0ed9be4,0
2974,72340e9a05d31b15d4e6eaa9bbd35253fb79365c268ab41b191ee82dc25acfa2,0
2975,7b9228ad5665cdcabe09befcd76f043bfd635678a13ae9fd152f1aa6d1100fb5,0
2976,33fad87825ecca9ce258bdf8fa85ac95c91857c9aeb057cbed60804fe13c4e9c,0
2977,adc144da520fa0853c1cdeeb03dc926b28e6473d42b3789ec1e14a23c9bf1cd2,0
2978,ae20fd2b962f9c91a5d811ab5b1621da2f4ae46d8fda59078f6fa7c7f40b4b32,0
2979,779b3f9e73ecf021d5e4fd9786d74628bb55d07be8d585b900ccc29c786aa58f,0
2980,4937decc28a60a0149bb1a7a12c1209a459b7953682a8aee9e134e99364a8549,0
2981,4bb3172b34010d12a761e6e527f60c71f2c5345d5121b7e66884739d735d4437,0
2982,ad5727385bc16b36f6738d0d2a08b9f961051381d8cc859925fa961e392e9f3b,0
2983,f3a5acf7163ce53b81e79720be68cdeaf12a944f1bbfe511a7d1d87a7513ffde,0
2984,65488cdeaeffd1f1fb3d13277ffdd3c8ce2bd4615b7383de154762f0bd6505b7,0
2985,9103ab7978fe8e75f6c9e92b2eed3abc50972cbbe4993fb717db718dd39fc2e8,0
2986,ee2560c4719a7ad280b49cc1bc2989633f0e7c41bfac7d09f3590a96a1eef397,0
2987,076a44600f347369cabd09e435a500318b96a835b0fdd833d0a0c22838ec2c28,0
2988,70e26abe48737dc2dd8f856220f65e23c4392cd57c38584f012fa9bf9b10370d,0
2989,08f918a9ca0ec32be3f577cc3862eaeb13a2904d14fbb8e6bfc3752b18e6e927,0
2990,f29c4a9bf88b4a738e9cd825c2f43202e29a1982a12d4f95a052d89e203b3ac5,0
2991,1263b18b40bd3e92b3b9f9c8f77fb0f21946455e9ee417795235fde558d03708,0
2992,9366634f37ca41f0dceba428fccc2f2562cef5f7001ca37bf579595277b7f715,0
2993,02b66206811aad0fae2723806d118c7403e4a0a42f1d2abd3b760e4b05fe4aee,0
2994,7aad50efcde5cdee38b63ce760c30251a08cacfb71aceba053650c42e66c3b17,0
2995,bef398a10dbabce797df66dd8f892c4498c81847939684b02c85c4de0d8c571b,0
2996,81d3585983311b381801436468c4c2a8ea639fd8de04f727e3b962976154f363,0
2997,d2a52fdbbfbee45861c4009e45d065194b6090cb9379eea13c51a25daec371b1,0
2998,6b18d96ebe789811cea8ba52a1bd9242d75d8b5808fdace45710c57e602b99ea,0
2999,27dcb370df267879c729ec3591c46ea918fff7514938da8f36cd86d3422f620a,0
3000,2bc99aca41c36215f3f55f8414a5f349663f963d1c30230c5a98baeb1cef164e,0
3001,cd88823b213a85e5aae7031f4a957045f5fb53b5f47238792cc75deebe4eee38,0
3002,d95c177d504ebb528ee040e32b57056d5352b3f0b3d33d6ba2aef53c11a7f62c,1
3003,1ee4f6bdf62a51dd01afe3869a7a34e5a35778caab1224bd5adb9026d9d3c685,0
3004,b3a3db1495611246362543bcf94260af0cc8410ba05d0dbfad1c8707d92bdb55,0
3005,b3db510ad9b7c5354d723b8f717bb4d83e3692fc164a7267357862b4279135c4,0
3006,5cba34f1336d1c7f0aa9bda3a82857d29a093754b28120330b19953d9a131c7a,0
3007,a98520c7e3514b0ef98a1ce393e13e7adf6d73f7850c800649856c16a296e522,0
3008,f091dcb00abc21e85829d4e78c34161dbd41f67e91ee3252fc680852d7765cfb,0
3009,5f80891ee87686c4840ca3eb5c126e48e9d00ffbb1322bad079c0ee2be03887f,0
3010,265646e89a354ed0edd0ec9940e1ff37b47725a32d0b846235c4be88ccf9caa0,0
3011,84fd18867a63e99014fdb7319fdf7fc1838729ba8d24f3360decc376118318ef,0
3012,c2b427dc69f2da747a490d48267d3868282c708e19e9955635f7843decfd74db,0
3013,39262527637456b10e8c9da0cdb1fdf96ea058d584ad3e0ba10ea5adb8f473ba,0
3014,f00a752547caeb6fc89a35ac454068d884c361e2c1d68a21c6442c4c095fbf31,0
3015,63592b5efcbb5b7485a8ebafc595d3ea553e15d48ab44972de4179d20d55da29,0
3016,ed9f7fdc6c603f20c9d69b7233351c9ab771c3d5fefeb8a0ca5aa05d98dd421a,0
3017,b93696c51e1f37ec88f49c9e405f654b7d21422ffd2033f1ea5fc47328206d83,0
3018,00939cf846e1cbbbe7839deca9267a7d3cec962e928f419404b9aba529d62d7a,0
3019,937a191998e85e1e4b98a4fd21a8e5f81ea2738c07e507ad30bffe0fb03665ac,0
3020,1d06b4ac514c72ebbc267fca58df5efadd68bc4ec3dd670c412a2966a6c3d117,0
3021,a345898f168ce989d06c7cc51be085eee325e2c363c3613ebadcae510e251277,0
3022,1d6436cd5386ac5447c7d6721cfe2f2c126588b310a308cccc585d94346d3ba7,0
3023,0cc0f4fafb970986d92a284ac4317994c2f8845fc272ea1000c10a115d867265,0
3024,5205a2798e3d232ec539979efd9f09466d06819eda7e4462f3afa4d393e79fd5,0
3025,83e283257ca1a7a9d7479187d35fb404a2d939f5332eb8938263edff98cc2cee,0
3026,346c48599f104b31ce498d1bff59ff9ec716ae40311d78e9208414560afbe76d,0
3027,05857d7e86e7126286926bf3d4d3239ec50e68ef7b938abd9e623ca5cc7f0087,0
3028,4cb5b46f289aa55bb97691ac0f5dc3060b4ab9a608b165ad3f0942b270a2e626,0
3029,b9c26ae9fbd5e95b92260f33a5fa4a4beb5dc2d45baaaacc90c0d773400e3932,0
3030,fb816db6958205e4328c61c4238f9b3a0c77843f165c650189a6f4eff8dd0e97,0
3031,e59c64b94827bb47227452629a63089e02bab5e6d5f6efcfff75d6b49a3d4988,0
3032,935afe336e0c815aef1da0aa9228a4f7259678b8432d88d3d5c7724caea4a635,0
3033,9b5ab16da6bda9fa8669966b8692c7b89b26f8805d698e16cdd99e9144e4f818,0
3034,df55d868cb565168e6828eddd1bc9d0091b5268a130ba0361bdc36a7b84b839f,0
3035,1a9b9f88fa56cd93a572428cd172b6ede7406e6f7c6a939629760ed94d4a544d,0
3036,b7a6c0963e98ddfed067589b0fb1d6bed95a8d93b9c6730f988cd1c6d61bd0a8,0
3037,5000052f98c887be9bfc22bddf944b886dee19baf17303d69ec24cfc11e902a0,0
3038,7694f9ca1a94317815d19bff2963f4eb6353d08d3ca628cf3e21e23fe23946ae,0
3039,1cfc545f373dd417d0feb7e680735a5eafd325d9d86b39b57d16efefbfb92d63,0
3040,056735ae938a609d1f6ea356cfc4acaf1ee5d1969ad2d0d4e33a659220d0fded,0
3041,ea986ec520f8b951937a308fe3df70bc5c57582b27912e8e36d824a83a03c8ff,0
3042,5bf2f949d6566c69a45687cf5bcbf5b595cc482432063be0517f502d724b0431,0
3043,ba94e76f1439c2c19fc214db892186fe15de1a06ad57e58c8ac09b221cac755c,0
3044,6c2865cb6fd49128355a9e078625c9552e898bcf643343c2e5012045e344098c,0
3045,cea7e0f12d9cb392599bc0518f78116a77531109a4e6d54b4b4808ff4288b7a5,0
3046,5b567ef19625de035645c764360698d8b8e1e7aa205953b7d5adb8f0bb1e52c7,0
3047,cc850cfc28fa8637164f393cc2a55ef3a48582bddad6bc8a9beadb958316625e,0
3048,2ca0d63710fd777d33fbee653d2d9d4da8dbf4e15c77664dc1bdc4ea0a6282e8,0
3049,0c99199697c4ec210b6f7efae16626220c472906c0abbba9864817a1c183268d,0
3050,24b35366902f298abfdcc4b6de33f34179bf83eacb5601459547e2cc9766b2e5,0
3051,d2579012a450902b0fd5850343e451978550492beef6937e461e7af36c2ee8fb,0
3052,a12140296ce476313e73033d94257fc904c518c3195258c4e13ce495c6d1d929,0
3053,fd714e544a134048303764e8a03178c63a8ab3e34f31000940efebcf424e5656,0
3054,147ff63e85af75d8e4242de7ebaacb1aa22b0ea915395d750228f4131dd00b2c,0
3055,95573025a2477f0e11615585e63cc7482028f92b47b4062486f12ec63904e824,0
3056,8282ef3f6b55c0ad30e94357d8a0c25a31cd2e10d553ee59a06d6a54f7367af6,0
3057,bc1ef444c35de9c9e3545cc0e9a28ae2cec2c1b04cf9b7a236037fdaa410da8e,0
3058,f11124cc6f66cd3473a32ec518604c7e6a39c021276b32e6c286a5264a07b8f5,0
3059,b0a91193db56d3db4cdb3f9143e0796e053262bd1a6d48de5c9698f472f07ccd,0
3060,f1d1e362e4b14051c9c046dbfd12b08762ddfa099d861ff51e155e71a7fe9ec6,0
3061,df594fb80b59b39efd0437aded23c03874604d228a9b1f6e8967f6e44d8ac6a6,0
3062,f4811497480a182371227fe482e854da8a31304237681e285dc75fa68fab7aaf,0
3063,4e83ee1dc35c1f7ac3b127ab4eab2cc0dd4904fb4b4096915db6db33b19489b9,0
3064,57f3b0d8a11eef8caa2fa0b03bf357d19470a8af5e9086acd79afef80e0ec865,0
3065,ef1896fe0b8b13453e7a5962a0632c7da0da521611d938e42f5a4f9e2a77ed9a,0
3066,542b3c22c41b1b5d98bc3cb60fa111b147a8c11162fd6eb4ce29464ff07aadd4,0
3067,1785f9ab3c9b0893ca452539cfecedd2b33eb39315a0f017f8ce47791df0d225,0
3068,21f056507b15c0ed4e1929a1aa00389fa1b82fa9674ed37c4aa5ac5e9799f9b7,0
3069,a2a426580c8b963796527d77c1cd9a60b32feca361063bcd37199ea0b60c060e,0
3070,e2d89519d4a67484407837764633fecf2644d7c551b672f9aa527e2a64537611,0
3071,45dfebdfd9550abcc882b2d8ee30ea3ce3a1f3f2dfcde6fe8c0037de285ca6a9,0
3072,75e19d1ce958ec4205a974fd9e42fe4da30f1b0e95131f11c2fc91388b6b3e41,0
3073,d6ce1e4936698a6fd1ffaad4556fb5efeaf0d99275147fabecec03e52426d42d,0
3074,98554b64a3d62dc281efdaa34d6c6d42f735597e1045a0f43e4959201b4e7681,0
3075,7b17e338eedd9a85fe4528896f9fa2c5b9e346439b548f3c093ed93a2e100dc5,0
3076,c21a6d0f96710eb19773bf08c42a76c7133d0d82cc27afd723e5372d1e9b7b2e,0
3077,fa622b586f40eae6399883c8ac586804fe2be7da0e1a34b23062de40fb388bdd,0
3078,2146e5784b9ddef932f3d8d5e9d3c83d16dfe6a0582ed237f9928f8082d19602,0
3079,4fe01b1754771dab73e28fcc06083244d7d55dce68fc437ff4f9065c33265fab,0
3080,aae81aa04881f2b9ccf7ee9bea8384351de0cb2ada9bb8b3a2bdfa446831c830,0
3081,b6e408b1bc35efa81d99dd585e3e537c006d2782af6da69d2774301924176988,0
3082,b5ab9c40a1b8dfca32e8d1f981719230b19cea3d26c2b18df83eecae6d4422bf,0
3083,16ab376b02967047820e64cef68ec559ffff6593241d1fbd5a456e15821bb133,0
3084,263033d5f42d5d7d037e436eed367f91d0c149009d29b1c7c7dd9bf8ab18582f,0
3085,dabbb8527f636d6caf5fcedfffb6bd2692f82b7095df4660fc3b0132273a9099,0
3086,7d8f52c54a5e9d3f294a5afca7acede9dfd89335e2d4eaefff505f91cfde30e4,0
3087,19af3fb44d89ba0422f1ab01eb712fa9f5ccdb1c3781efb41b7446814fbacc42,0
3088,4d1d2767c77b423064f25dc68f2d81a3430dbcc1960b0ed13cab6e9206777f47,0
3089,b2434281fccf7190e5976c3c0d615b7cc491c679dd23f9b7eceed996725a8fbc,0
3090,9a95aac282e96ec0365bf3cb7b48d6d185a08027a297589bf9795ab254ca4753,0
3091,23f7b586c4dda5dc537975928924a318740416725c019ab29ec56bee47a32c01,0
3092,778993affe7a220006048f5bbb6e17323058d48b93d79dfc0435679c8badf40b,0
3093,b36f16ae9d8b603fded99a7e2797c28a44b28ae253f22ab0d5ad814eb68be686,0
3094,78bf73c1f9007dbf0ac8adc4d0090d9b7224c4eb7c45eece834d155c26f3432c,0
3095,ed56196174c94286d7a3eac60444978e2f5d4b3928217d523cf11fc92b6d99b0,0
3096,734728c5c46ca15d7749d03038d51d6dad23314aefef062b6592f21dad11431c,0
3097,c0aaabfb90850dd19b4d0c21cade77e8be12ca4ed27d2914b7086fc5c989ef5a,0
3098,3ddd3c62421077d9f4dc70ddceb31d43baf054aeb004179efd8e5ffc7ecbd82f,0
3099,8b91434a5524db76d6bb5695f91385055cbd6ac9126c85deb908cc420a425d10,0
3100,628b4379a0343ca940ba056680091c93f3664db019f33500ad59dae72790ef12,0
3101,9fec8c7ff44f9a2eec71972a632834773f66c94aa2a71d66ff730664279066d9,0
3102,373510606da65da763492386737d96807638bae3a2e37f1d515fb0a66d1e64d4,0
3103,1bca729c7b75e3e5c5d9fa3fc224f63d181ab2f9381e1497e811a5e8b4ce8ab8,0
3104,2bd5f138f5529d47f60566db676221d33ccb4f52698b7b464a976e9de8c1ef60,0
3105,d95ddee602846a4f8791e2c4fcd8f9d0ac83720ccc14f49a36bd01280c21dab0,0
3106,e28efe58260fa92ae3464c431224f8aabe9f72c663c3c5d462d4ed0a3e399a31,0
3107,297c9a1711ce269d1c0cbc243f9f4df5691def4fa6dcf1e6943063c46fb7940a,0
3108,ec546fca2731841d48eea82d35523eed8801784a81a4ec9e82af211e7a7b4e82,0
3109,3ecaf4240bf6e11ad317e08da7e7d8f92e1dfaa669e610ad9015f4ee125ec2ca,0
3110,19d40a8968bd94ea8052633e1e5b6606758b5ab37f29ed7ac6ece0f1f54c1814,0
3111,cc5978c40ca41cd23ca0b79d3c36303637471da7697d62f6e8086bede2ebdb04,0
3112,012d968aba7ca3d2ad5ecad90736ba8673cca1d034365ee8e11ca2c99fb55bba,0
3113,3bdfd0dee941d0bde99a62f023c3aa205424fa9b386b0b221d233e5d19d7ef23,0
3114,31ad7262009d236ded8b43ba47a8918e8b42725ea0c76b65d3628a19d4b3972f,0
3115,390bfbc617b19cbb55704de3e443e1eef81e661d78086e3d840b79d2b76dc5d8,0
3116,ac5fcb13546a5d7f76b79b0ac2b561e5130edb38e2ca461d990ca7128a73f2d5,0
3117,f9acdc3e0b257a2efd4fc187f12290c967789d31c7b8ac73989e72b9049da526,0
3118,cc64f83f6fda2a6413380cb5dc95de7b24f58ab77fbcacfd8e9d5589b309d4a0,0
3119,17143a01bf335e7c355a3db297e2d36159c31ecbe9570e949ad1375110ec79af,0
3120,f98a4f634cb8f645527000ff74bf7d9dffd604a38f71139ac7ccc213348cf2c3,0
3121,431010aa97e3ea3a3245a35e9502c500fbb2dda6669804c4bf96f9ccea30b99b,0
3122,ebebb6ce90cde0eb484217411599b7aa2cd8fb587582a7573615cd4e926563b9,0
3123,b28a0106bf4c7a720cf7765eca69159cc57bba50203b9999f40e81b3e06453ee,0
3124,6cc93c2475dd64309cf6392355a82bc57224e3fcbbf34e14260fe9f2cda43a9c,0
3125,2fed0062d3fd31d8b982d562418439103e966d24374e91f609d7f9eb686afd0b,0
3126,0ae569103d9fa482c52ef538b48b627052085c6bb30557ab6548993607281bab,0
3127,ba9dbdb62f1f6114204e6cc75bce65569e862dc033109dc0e64d99e6fbb82fd1,0
3128,94972dfa95b5dfcee19297784cb3c1c8641925137a2ae0236283d51775ac257d,0
3129,4aaf539ce5be342eebc953877e291ab5ab06294308492f6ee1ae1c6839e168b4,0
3130,f5d24f0881ef21b3b1cb9ee1d57f83a691569855fcada50d0e398c54db909ed3,0
3131,848747c47a004241adc1250cfb30ff4995b7ee2c78f8aac1191f2c448eeef1f2,0
3132,458dec3dd33be112051f7edcabf3aaf516827da2ecf7f4f5b0c6b7353b210355,0
3133,05735119398a44bc5f550fe3b4d0f15add0d3ffadaceb9333d200784b4aefa42,0
3134,aafab49b4c3a286de8be6a2e6e27abcdd76bd82e4ac133d48d9fd56c94db3fe6,0
3135,e0fae635e991bf666587d112a48d9149542eeeafd4968b3bbfc8f4224a26b983,0
3136,cc34d983734d02c834994a22a98798eb6a0ddb3ca3fbd08ba7d529679c31e728,0
3137,89f98dcf70516361d9794f457bad9c0a319a7edab75fb7fb2a8c606e67400775,0
3138,6ee8ff80e08dafee1d24e494c144c2c83e00a6f2d1acc062cc9fb24e63584b7b,0
3139,a8b7470d6e319dce072bc9d2a3d4811b5d9c48896037847cdf2c283f96dfc999,0
3140,6db43052f5f7a5a33da8c135010d71eb6b9326af322f6a57f6f25e7051f69f60,0
3141,4ca4a22e9be07d49b3d91000815a671b75a9961a8282919e8012020ce1c4819a,0
3142,a869d53d7c85d5b67cfa005388e98a6c1ce042400bdfa888cd31944de709ba69,0
3143,8b2970469b4f8cd53dfabaed0af3ec604c81438b1c8ad72f3f56b3d0bc1a0ab3,0
3144,47e0744f15d01b41d30930cffea647c6ff6c943eaf55087c2e9561d2213f9aa4,0
3145,c359a865804574e63e736e7416afb1350c50310b77b4400254e13bdd29ce22f6,0
3146,9ac7f04d47cf70a4fd870155aefe759d8ee11b0801bc6c39e4a7a19297f33bcd,0
3147,9b927b5a4b41e52ca32529bf99a41614fc8e604916b752599056d79082521b5b,0
3148,01fa059b4a56f9ffd709a1f52888bb2eaf310b0b4f6ab5773d8c00ad4047ce88,0
3149,54907352e4bff0a0ffb17e247ca7596502121bc95d10e5a862c572c254ceff10,0
3150,653dcbc31e1c23f26804b10d854ed8799da4db1a69ff822d05bb6fabfa5182ba,0
3151,ebe6d7eaa748cccfc26d2e7dda816ade942460962271242bb113f54add82f848,0
3152,ef36fa4744034bc165118feeb6bb57c1160897c2a3e2b562045b0296f86160df,1
3153,b1eeb8167949858d3c26a358625889c2e1060afe431ae2fcdd2a263697643148,0
3154,12d8be0f97d2ae80f9fa42ffc40b6ffc8b80da7fb4f3d8019ee3b12e97e4c984,0
3155,6c075878c0440c387c66b38fbb3c0448c35ebbce314facf2ab9e75706b70bdf6,0
3156,9c1a2d45665ffffbb9d420af229cad624ffa0eb8a05d2cb38de13c9ddf13eaf6,0
3157,bb75ffef1bb16e22c49fdda0a68fbe89a213b8abb8ad4652e3803c86bf2d2f04,0
3158,e5e7a7a30ac89e381ba057f1345e72de3d31fd45c0253bbe5b64f564537c2702,0
3159,7f1d10f3d543d7e5bac31c72e9e717aafac59a8c6170511697c2b9177109b22c,0
3160,57bc31e31f4d8bc5534421c96ec4e18d8f4ee7adb56c61d4eee5634ac4732cbd,0
3161,3f1d6448123c502d1e753eb1ef420ddb1adbb78014df2d2e4eea7a862d32d385,0
3162,dfe4b268da936a91ba2a5252df89b18014bd1fe022a4bf63cc44dfa9e91b2dfe,0
3163,57af8eedbca1f0ba98697dff3ad54081fc793b6bee31133a8ee798728f45bbea,0
3164,ba28fc5b71dd938fb77cb59e8cda7a6d4a7496cf493af25ed67a869dad70d3c4,0
3165,b833088aad107ecf1231b45929b686e8a84d6f3fc90c01235099642c9cd8c173,0
3166,0a8e0c3a58fa4f0110b465fc639d94cb295500e7efd9ffc211170f34bd806535,0
3167,deba83cf976c617a5b1102ef0262a4a48e9995b699d834a75b9e114861f51ea7,0
3168,31c43e7374aa5fd4981fbde8a14b1c9b5b6a6a4f58bbb39067a6a0819ce4b25d,0
3169,7b445afbe794a9b311f6936a75e8ba2c7645a3032301a82cdc44276f2a5407ef,0
3170,c50c705a1c3e2df9e4eb40ef6fcb48a793770985dfbf4d0d8f39b936e8b50bb2,0
3171,835804ba7dab9ca6f7583d9f7e3af79b5aff5a91132ddfbb22b627c337cbe451,0
3172,b5724ce439d0f293ab6b407af6039ef767b4cda8022a57529e0c3eeb883a1ded,0
3173,5c41f7ddd8062fb57cdfd10e117c001c333600add5169b3e8f58ac765de82d71,0
3174,710aa42187ea126ac44d8789c12abdb38b5427190aaf62bc535526be3b756c45,0
3175,59453d8b6499439c30096a11a36db29c1a27fdb6e11ae68201fb1a16a8b36d81,0
3176,f086586ba065d55483857999dfae6a3afe8fdb44b2c470231bd04d51e8d79bd1,0
3177,339040db7fbeba6da4372ff2ad26605a763571f8bd3788d7fc8c391323d14bc8,0
3178,4699df4a6e95a7cbaa21ba5e7538b3bc41de9d1c2dba299283e22596f52475fe,0
3179,f2f009465b0f3d24764268b5418116f2ffbbc4e80cc325d4171cb2daf2533d12,0
3180,c9e188ce3c404c5cc184844dfb603c960dde6c19474df4c5f98deaae5692d6fd,0
3181,bd08adf7fc420cd03437d574e7e8afad08b2c266999726a4337fe37dec03fc51,0
3182,22900670431a18360a6e5e72e359581cc0e92181d320a9219a2f3b1fed356346,0
3183,ebba6119e2ef9ee675be6e8e42548de631fb07cf5cb0c2c014359d97d86d1000,0
3184,5092a2ead139edd735b0c48645c5a65ddb8188896a69a90e3641822fc56511f1,0
3185,c82cf448bf3569ee1382fb00ed49e7239411eddbbca0af57841b1fbe282a89f1,0
3186,c6710bbdce74c736a97b51992c37c262d986af7f849762c66448c299e61ddc13,0
3187,b4a4e81ff76c8fc5b57b8d7d1b4b8c678bf71381154ec9b5946d2455dedbff2b,0
3188,3b60067fd489b0caff459476e157116b380fc3830df460985ef426ce7e37b4af,0
3189,043a718a4f763c0598f8222dfcb5965ca869de902685f55355d23478ed027f8e,0
3190,c6b826517daaa57cd5d86ee2ae7f16f4c43e56289e9ec74af5c19904b4417104,0
3191,1ef143a0efd4c8ef40a37c2888c3e15058cf1402a18a3f3311bedb7e077adb01,0
3192,b4d89f5a1ec9021ac903a807f121799034bb3e5059255ee5df33f0e43aaf220c,0
3193,8e57cb49e02583f15358ea12fb1530983fc1436dba2d0f3872f57797ba011443,0
3194,6efae6b5e91f006c5fb969b7e5efb77e5c28cf39c7e1e72b0c3401484efe23e6,0
3195,8cdd9a2fab07ac10661e516f4fda1762ba465686a4a808047cf43cce7b30934a,0
3196,3264921a1f951e21c798c694bcb8edab13c5f5ffc7de398db01b5f2a4e3721e4,0
3197,28f7373695900221be939170645c456370f919091affbdab092983ce70e37156,0
3198,0a4abdb78460c3b33bd0864d8402155478ccaab9ac63e2d7b174cb7e41d3ad1c,0
3199,9dfd86c0ae8f6876764d3735a1bc695392cf47eb5eeb13d31a22c473a20b1f09,0
3200,7442f904472c8707b12220531b15a725099deba7cca8ba520aa98d79f275a1c0,0
3201,808700c147550b755f56806c354f46859c2815ba85c8d65d0dae21ad274bfcb8,0
3202,56fa7b2dde6c91856da819fdb3127ff7778273be1a3d8c72b887b44b157c7022,0
3203,d71b5f186c55b2d847034f9c03fc632d7e0bb7c0d4560d6bdf6bfebc95920901,0
3204,b02e9346dd12798da4950e4a950680be46f9863eac95f165999a676bd0209d5e,0
3205,45cb8afe590ab41ab3b52394c873ec84c027bfcb5f78f58cbb970c9a189069eb,0
3206,03a9fa907b235efc57b7a6cdf568f6a308a798fb7ca4a332a97600fa9791eec3,0
3207,bbb7f1f2a9551b647f2bfa98c65849cc19f58845000397312d1e0de18705836b,0
3208,54b1cd98be7899536cf3f037cccc1d7138f0d716416e86a6848ccef44ef836b5,0
3209,49dd043fc2c56c3010574dffb968c5d104b24abf9716fdf739802b5d90dafe0b,0
3210,a129f60c7f85301eb6b19d6686905a8b4ba15e35ceda0cecb61fcbcb3ac11911,0
3211,f57c7c4a9238bfbe7d0b1e9a33a59e2e20106017a4fa3e5c7489f7d1149bb529,0
3212,5da7bb165a48c810955effd243c5cacc30742095e0764ec248e2ac7fb5bfa77c,0
3213,20062cb9ac2916b3b309179c7b68f99587d870046e2cdaa4f937db06e3b59451,0
3214,a9d607ff4a376a79215c7d97b98f0eaa9b6547803e1af964df45ebec1e21b373,0
3215,31788c13cba4d8aaeb8fddf195721f4f9950053b30229fd719cbf40bb0dd9a81,0
3216,d85d3920af2760f0773bcdf0a671a26c1cc59bd22160ebc6081983c2cc360c6a,0
3217,73dad8e15d02d18f86d9c1b9c7a82a71a6d7fe5b6529ddb24cf70d876f815ba5,0
3218,e220d478460dbbea31d256ed6498a0834aa0e1279278e2c5344653397bd70bc2,0
3219,eb7f96af831d30887f4a3202ba6dc7ea6970ddff8339f6e55f7bf063d606bbaa,0
3220,d127a3dcd119b051fde74fe7e33bf6ca454dd1de6f8356a4238d59ea176f93d3,0
3221,63c7a57d87e09261a69606d9bf669f48e2433dcba24c1fbda97f2268adf7dcae,0
3222,e3e90b584b8459880b64b29fbc24b4c052231d2a69d93886f575b1b2be497b49,0
3223,a4a19c5b5ba073a7a62626b429afa2e8725d42e739be5db95adc038c33d030f9,0
3224,e6735eeb092e370974cab11a9f0396bef842f6e67e3d266d4c605deef2d7bfb0,0
3225,5e844892eb6dfeb7d4304f7a21e149fbdf0ff1528f8ba128468e738aea962e1d,0
3226,1a38cdebe3ca90463695c6cbe37be013d9b2458157e61639ec180c5d454bb6ed,0
3227,e36335590a7be63ca9a6a11036b95b52d515b456fa05237e04f8de73abcd8827,0
3228,b04efb950890c015ce1c4d3fa13c109f86e00cb90243c60bb4a40e9825d86433,0
3229,40dde7bea3fbdc31f3935330149295c523a90c4e25da0d0f67796d97db185594,0
3230,eca9f9dfd98ba09c08a63d522c6802e419af4a3564a39c755410f75d4b4d5268,0
3231,001d93aa3cc41c8ae137f93244af9f26a6086ab890049faedb35447537bf0a78,0
3232,b1ae06802db1326d8078886fe10d5faa395b89cda942fbd4fa5003d2e689e9a5,0
3233,d29457ba9b51abdeaef236e709aed4e8a32c0be13b55366cc1068ed2470f8c33,0
3234,aa85b5dc78d94906e1863002229044cf88bae0b0938acd2b248922050cb68bad,0
3235,3774f032396ef6bdf29aad520d1906fa6bcc46a9ceb76ef4af91ae6ec04bb401,0
3236,ec024efa42eb4dddbb4dbe522e42d04ecc9210bb4d6a1e3307fb66efac59f8a6,0
3237,75a79030789ded15486d636e97e23a4b97552d9f9fc1615e8f64848b1deba332,0
3238,67350f23a9262f52f5ba2958b5020b91a0942d202f41ac9c48533c2d19c70ba9,0
3239,e91f3e64e1bb07210c96906308b416d1922937a5bb7ba41bc211df00cd12cef8,1
3240,4b5e35bbc8963661eae23931c1db4da1aa00488bf49f6ad4ab3d93deff4c0e9b,0
3241,77cfac344c260c1e0e0148e272a61904eda95b39563b5a7b2e39aa8494db3deb,0
3242,a9c1c7e1ba8178725875b4f02f23ba54b2d085bd5a61826167800ab3b2262f3b,0
3243,96029523b6747394f2fec1f0b8866274333ef16d0824ea4da89fbc0654beed45,0
3244,8cd8a10131af707a532d9959c89ebe5bfab431542ee2496e2e0a98a386df5c32,1
3245,9df2b8a54bc49d9d81c1cd6878ae3bb96fe08bca5a80f4616a124e8261e95283,0
3246,75f6af34bcf524700aeb3b7495acc000af6d1606827ca64ad8ee0f1d10f8c387,0
3247,a68fb75d855d87fa1957c73a537081d897efdca396624daf6d5fd61005345c6c,0
3248,744c70b283bd2364ddbf452bcfb75dde6371d4fcd795ab9b3049d1962d9e5c4d,0
3249,d73ba6aa0800b91991a7144b84fd9c8cb4d73511826404c6196e6fd1286c1892,0
3250,578f348ed031133160d73ec82f5d103be3403a1e261de371e7a219b8f96c5360,1
3251,4b1637519b0541d313776b7ff210105ad3c45ac8f2bb90e4709b6472cee29ac9,0
3252,5dc49783e291cbc39d4327cebf8255fdf0889f2c9271811d47aaf395e1622524,0
3253,ea153b52399d17c67cf9509ea7b9ef1c75a7414a9d2df9dee2d6d27a9a423ae5,0
3254,d920378d83939b0367b06ac7487ea641780210e301c9460e38c542cbf9a83264,0
3255,7f698527378693e2cb9369e70fa3f51b04232c251d8aeb7058aa85fd20d8cf09,0
3256,4a74368517f80c35b88711b5cc160a12e88d1ed2d28dc9b53d5222d698e9d613,0
3257,3d32d5b9639a7da366d37de9c2d3d0a877e0f7cf24f8f0db7253e90ce4de4182,0
3258,b6231a752e0934994e7d51af63f4009fae65a13c503dae8ace538f3eb0e9fbec,0
3259,40d732c648a6a6387c5b899c368b823df08ae39598958b070942c560e7a178ce,0
3260,c4445e3a0564cae7f9d350dc9813f9a5903487d0435078fa79c3bac9555bd703,0
3261,4f8bcaec4883cfbc239ae27ff52a25fd20f846dfe73044543b4d8df8a4d7987b,0
3262,533dfe20cc8e71464e3fb5fd06009b35e3de2c27f13330e6bb5f8b34e20b669e,0
3263,2d239a75b8004246345d2f4c385a58d03406a89812194dd1afba5592d9efd419,0
3264,4c3f0dfadb9268457f523fc055c543f84257603feb02c4e80cb12b2bed25403b,0
3265,a9d45be6c4d6cebdbb0f0ddf8e266fbbb98b9e227cfa5aa332a94f9c609d4e5f,0
3266,355e1bee68cbba9782b3bf867d9ca49e16a857452f426c0e6c669a11186a0ab7,0
3267,b1b0eddb837a759e3c5ddffd5c582ad53d1f28abd34e5ab911852119b644475f,0
3268,6e2172eeeb132e624b9eaf52a287055822f502e467a3744a936817e0b01840c3,0
3269,e802add95e5b8a5648046124596e3a13147939411913ef835649b330de05922d,0
3270,a6045dcb4738965bae31a66fa3545b6ad8d10bd39218ccae28d8f5c70342de7f,0
3271,46195de587b14e2b7a8c5ddb07a251129632379dadd57cbe3ffbb1bf44225150,0
3272,2680ed208665e60c786b77051adc3c98b123d5ebf4029067982c0e9d7de4817b,0
3273,98c0a894d5b1afe5df435b0437a119eca4069eba2f57170316ed3e39cd8cdf36,0
3274,4632d8aa41a374cc381999d7d92054ff67ea2854c9103e259deaa010bd624af0,0
3275,2636a6c66ed92266f42d6c86c54f449d8fa755b0734dff488d1d80f50c6445d9,0
3276,aed5eca7ea32bac146154eac24ea6025c6b7bc319b27fc129e946d4923620315,0
3277,fd7f29fca25260e2f7e0b3c954222f4d16dfa1829e39dc4978824064d4808124,0
3278,8afac1bd1f7ee235850a35b7540c383e7f398539051521478d6baefa86e5a925,0
3279,037e3486dbabc946082404f1d3b5f7f8151e2dd0d74493aa8507917130bcfebd,1
3280,7cdce636c5c76ea9f0325296b6785e543bdbc0915e99ee0c8267af548947a1c9,0
3281,c498be5ad198bee957a5d56f84fad16adc054c2ec5c43c8cedb09de30e032044,0
3282,0d55af03a68cc14d38c5719c12ee53f14d23f0c7bd97c38c07d79501e446f2c3,0
3283,30b80ba531526d3f99eaabe372cdea42b8052e2e6d67d9adc87bb73694c1f8bf,0
3284,8604160c90a326c64bee0f19d150b7d34c8cc29876a089d6d7cd77bcd018213d,0
3285,0f772036c48062a4c8cf98ad654a0b9ce90ba8f950044797e39596137e58591c,0
3286,44f5824818a3e066d9954ef2512ea8977916936039127b76d1a83bc8c4daebf5,0
3287,f09edee3f9e17ceeca20581ace54c6338732ce931c33093d83dfe376915da841,0
3288,739444d93843d2099cffe6d60920adafac53185002fcc592def55186e7ac8c38,0
3289,77c78420d1884bbc81b588813e90d77ee302193743ae4964eb1f0fccb2a1ead3,0
3290,b08f6641c0494b92cdb7c11e6c10d0720a235218de2ca125c239fdc8c9030773,0
3291,73f1e70ad92961b7834bf1bb8e961d4d519e133c3bc7eda9617b2a416f27b712,0
3292,ecdb9167da91c8141e97283dbe3b745b2f636c4f7db85581f0d393ec2f1e6cd1,0
3293,1fa4bd012d80eed8cb2a98fd9b36b3df86ad723077efb9d8400086d36fa7ba54,0
3294,256df6cf8aba79e4c873ccc6a6aee02acbcabb27642b0a1d73a169398b2a5ecc,0
3295,3caf729a190f55ae66518cef891786bdb9672e38def91458c35ef36ab564d700,0
3296,096207fbab47e6c3148406f575316236bb4db5ba1e4f792ce61425445bfbab43,0
3297,7dc50244d2b9e8e0b7221b670df6e943394d7fdb03cfdf3ffc46d7db02c5ec55,0
3298,0df169e6076fca4980cd4a0730b5059edb390a2e9a03577295fba1baa7798bec,0
3299,cdfd1f7204e50776c8e20ab87e4638b06ca703a4340943192d57250d04fe55e4,0
3300,f4d8b0f307906f0e3ba2880ad89f0152d329126bf52f29015c961eb52027f6e2,0
3301,42ac6729b4b82d2ce34c7fe56ae55f3107922dbb6e61c52651e84dfa033d1dc3,0
3302,e6d56e6b204cd16cd48de115dfd44c5afe5db33dbea11799b32b72eac05b9dac,0
3303,ced7a002ced726c1c2f080128383aa4dae0722ce86d1c323ff3741699573d075,0
3304,cf06c70087f7c72b5435f1ca782181c432e5458f36023ec1fae8f9e1a543f338,0
3305,50415275c8023cd44e712bab1ed371ab013ed511e5e00b4a9d61d9dc59683784,0
3306,2aca3af7986228b06b9e3a9714ed1a070fc8a8878a68bbbdbc763f6c625b0c86,0
3307,a93d95ade6d026b7c61d082b114927b0ac3227c024c4f702cde754b60bba491a,0
3308,17be5ec253c28441a6b953d2a5245d601e62daa3ddb2f419db42fa73d0e125dc,0
3309,1dd93d5173b3ae63960bc3c0b0b07a26c190034547400cabc958a2e57c349545,0
3310,f2cbe4e72397d9ee8de7bc34a336f7832c4b18610e976dc35cb3cba64152c78a,0
3311,0610b890a1196d1aacd8befaebd4653099064c9561eaf35a76fcde3bb63570ef,0
3312,1789e3fe26a9349a888b73ae2898115243890a917a6b7e64776229fbbe81ac6b,0
3313,c26ae6adb35388edb2200b22816e7dc9ce505c9feda36587b2b40679e5e249d1,0
3314,6eb1e00f53fa4608dad67259e0f51c29e9635c9f7d034d20e11ee9b312ea3dec,0
3315,ff8566a867e64e6d52b3104c0fe52868cca6f2bbf730b5062e70b1f67ee734f6,0
3316,1b4cc4e154817a915b14f41b6a7c32ff2204848952c51db73fcbf71ad954331b,0
3317,3950eb4cfcf041e67c015363fcd4da75b5414113e6baeb0772a483a2ae790290,0
3318,4c5fa376f67b0989d717f1c8f5affe71feaad23eb2cf49bf2ccbe8bb21ba5e30,0
3319,90722cedc8582a4b8aa1a7147473096edb28c68108b4bd44637017ad736ebeff,0
3320,ba928b07aeaab89ee6bb688e0c39c3bca5884e49a718b8ea81c938e778d95e1f,0
3321,b6248a955216d9c4d6f642ad84f0d6119ae52f1c9821f3ffcd19505ab2e0af16,0
3322,0dd0f7613da18f9d3648a49166b0f811e99d22ab9c9a4b89c5431196effebed8,0
3323,ac161d4b2e59247bcf96702f3e2f6f2469070eca5a26386630662d02bb537549,0
3324,6b57bf35345f03347ae7f675b1255f3df0730a6f3140a76efa7248e8772b42cd,0
3325,9fb438e52153a68e4b353637da1769d7d7d6cc087795ba227b0951d2f255018f,0
3326,cd78a2b15a4b9d370e60f40e75fffe3394a4fc6010e2421484699f61bfef3d3f,0
3327,cf610e4e88e673703d130a2e70d4f53708b4528b207024fca3a75a9f112b2c5e,0
3328,678722888464f266f4d9a66f612308a78e45cc2141357a7ec1de81f97334b18d,0
3329,4446901a3b09d04d8fd2881c98b8b715a2dd237c40370f7f39a27676f93eb2af,0
3330,393cef3cbdbd4d9d076156df5b0b3a80f0c09d76324ca99cac6f9a32770dd3b2,0
3331,3809b2ee03f2b98a1b7c47d0ed5d7e90cad8db42af49acca8d96f60e008cdd1b,0
3332,9d114d424bdbd7ecce0ec126bee8ce0561998d4f39e29304663073933d95ff91,0
3333,06b793fdb9d38333139e7257a89034ef24ef3aca603e98f80060551c83ca9147,0
3334,d189d4d51025f6bd115b53ee1ead65170d76c8039de265eb1d352318ffe3dd39,0
3335,f811359e3fdab6739eefebd4adbb39dde7c95e47b00c897a6961680abf97170d,0
3336,97071eca060ec27c5227e646f20ea1b0ad24a28f7055efc7fbf4103a692c4ae5,0
3337,79e9c7306a3e8c9c5de669a7b764d2cf05337131b26042e65ba39477de9d2031,0
3338,c6eb2d521a5e1d3e2229f1ee60844cf9b1870a170fde057d3e56a4099147ac73,0
3339,1e93ca2599331a7fcb1919c3ad8f3aa1bc973200df204ecfe2b492a7d2c64c03,0
3340,0054b98cdcd649abd8ad94a60d1579a6532f8569f85dfe3edcf740ef947c847e,0
3341,5c11d14ebf9a8841a999a72303cbb699acc55b43ff1adc07d3d49d0e09e4dc04,0
3342,bf11bd49964122d1d57ad26c2a3006f84340dc11feae2bbac469fd9d29aeb0a3,0
3343,7b35f654d8e78f115e3b350c95888ca8130d8b6419451af87bb774d76540799a,0
3344,675da6ca9f8bad782cd8440734001b7108d5efc52ef96dd59495402fa9fb219d,0
3345,43653ede413233cc345131e4ae766196dca605e934953290c4a0a449c406bbc2,1
3346,15a34ec36bd482e3170f5fb0632bc803d836a643ac6031aebd0e359c82266e7d,0
3347,2a740890b9b50643ba13282fde41dbf4f17f6301664631d9f654b09f0dc42da3,0
3348,89c084b1614110e1ae5c388361c86e970688a651d1104b7015c9aa28604c4ddb,0
3349,91bf33e1265e5ba6b29d4b379acb5398fa6db15dc06f3e3d64200ac80c7f873f,0
3350,ea95a239fe2a478db101cb01a8da8172cef9088813f41730e7ca6c5373071e98,0
3351,c09f89f0e50ea9cd048f393abf49d1b5f7d4f19d7a19d03f7151b7825b86c610,0
3352,3c9d23d8c2ba8f6caf6c65d154b3e020e62445fad0602067d9134c9fd251d790,0
3353,793f4dda1a79889fd6b840ab674a35689aa470fcc64f73e455eb5eacac323e2e,0
3354,14e507841d1027ae5629d8700f552b7e7a63a59d0cf2a9c3483078f50151e6f2,0
3355,1843bf2d37dd84802796c3ec5cac2c516a05b36c5facf7fa54c87b7c4e5450ce,0
3356,3efdd911e40654abe45af343afbb19c19ea0943c52efceef2fa710c3ef898b2f,0
3357,b3436eacbc6aaf0d2628b968acc7227b16956d541769e958d63097edc01a48c1,1
3358,095fb21292104b561cb33fd5a3a4019d0b8d0b19a2f08419f60eea4c75589377,0
3359,d583ce01a0f430d304278b4b1615d8fa06daa014d890093c0e3be19a88a7406e,0
3360,a56981791ecfa82c72a9651ef8364382d33eb0579c41b2414691984121685cd8,0
3361,ffdd1a8ac4afb08559c81c8d3fa835ff3393c1b02fabf15cfca1889298484cf0,0
3362,8773ea6af055de59869e0de8f3dadd13fea0ff843ade7b4d05601f9c45c80c39,0
3363,788adab67cdc87f62c4ac34ff0812ebe36fa4877f7a3107923e119eec11dcbc9,0
3364,599667ee8f4bd382c7f3368b880f61319ecbf1a7bc74a4b32e2cb037ea810f87,0
3365,1cff8d3d8ffb1942170d30cef9f34a3df7c4c3fd812bf70d2d5d380ad7174409,0
3366,22ff213889bde55c54f9f03d808eebccbb976aa5aa779a6cf282aaeba505aea9,0
3367,4157a70fdd38c41bc402fb70edd3daf490979f835a726fac301fff652fb17d25,0
3368,72d29c4749c88e8dd4331bacff510f2dcab20929a529e8b10d753a08fd03c77b,0
3369,fc8c4f4bc0833850ab48f4caafda38254c01ff154ac7d1dd7c18ff7c84a58e8f,0
3370,2c53f7005e279d4a7897dda418305c0771ecb10e576b3f0286254434c94b4d48,0
3371,84132f72121308c11a519acdcb206b6f54e7505a65980fddbefca96b538d7259,0
3372,562ca032da1d13d8e0a296b9654a1c123376cf649b3c8cbd154f20b3c6624de6,0
3373,dfa8881a60651ebd0a4d13b5614cc67057bcb8070e3b815e65034b62a0094624,0
3374,74c43a194e4718b68075cc0ecc4e6003d0cd4e643ae0066349645747f3201389,0
3375,cee96c180a4e387d8f869fc6d2c2fec9a1962da52e10a624d0baf9149abedab3,0
3376,3346293060b68c26d493ed28c841a3ce37174056f4b57103ada1b4b6f9440220,0
3377,0dd691af3354aa926f71c7e863adfc13178bd596ba222743c33c03b33b41558c,0
3378,05a6e9561b0e3a324f5b2c7e76a9034c61cc7f577423641eca7e2a3d95d18dac,0
3379,8adf28a0c52dae65900c58b6a793b5fba367132c160117964a1fe1e6b5cc40f2,0
3380,75c98c97304340fda6bf3fd405ef686580f84c03eb13efb8eb172d3be6dd90d0,0
3381,005536329592970899ce94ad79002ed778b0183b226160ecc2f0c3cc8d940f49,0
3382,034bb73eaa08c3d397817e4cfa9bed19284b1bc6d16aa556364df696bb3eed7b,0
3383,723c6e2070f6f4c1f5038df04c863439c69ec5a845c9bc663e4906c8235dc9e2,0
3384,d70976207e6b6d6566d09ccf75fe06460c36aef269443290cc13062d90134c70,0
3385,a70bbff7c95f6ebe473d24427a33276130fa6b158c89356445751f7af19637f0,0
3386,4163b23cca7b69dd464628104193c08d97c29edb28606888a0b4df84cd2af221,0
3387,bb2143cbbbc0e038d9b4e979f5011d0c63cfaf02041c8a2377f13ea4af920c06,0
3388,eb9b10095f7b2dd2b4c2a04ffbef5a3a6b59000fb8fbe3f62a0d7bcf41967690,0
3389,a0fa6e67a050df464e38dcfcf297c9ff6248cbfd148349d05bc2dd902f811370,0
3390,9616a7a52b2f69cd0d48f3bfad301216055346ab353d7464b83845d74d4398a6,0
3391,3f10f8393c7cbd839cadee364070d41adf2e67dc7caa99732afc4f122fa2211b,0
3392,2780346d0ad5ea268c7034899f7dbd32bdc4471e0da80a73c144e97716e5f2d5,0
3393,173b70e177058dffdde0d921120f4df559ab3ae168692e2117af1a77987f9fb1,0
3394,b113e2fe70ca71a2f202f593152215bd558b1c8e77b5c1173ba70f0d555d11ae,0
3395,ddf98c3a3d000896b7a301df1ed078b701e682b4f8424376197131fb6e935d00,0
3396,2ffa12c1828912f65c434167ab6150236c5211e81e0f546fd118c5075dc66b30,0
3397,1c197f9980c14c1b91b43050fef612a705766cee1b4f4b7934e374b774b8092d,0
3398,68ecce81ee2230e5d655b88b16b545bf7a5117e83ca871becc873f5fc6e9a7e6,0
3399,5907f108bbd6d7755aa7b1ab06a1f34d53db5997e477b010ff10982057d0ce22,0
3400,d35ada6023c52b9ad3201009c7a2559f56990377f01fcb98a4ea886a02b6720d,0
3401,1e074f2925167ae9c9526f6a77d143db3ca7774889b67ca573d05c3cace5437a,0
3402,467ee59e5d40adbb52c123e91b1d23f4ee05f8757f2220348e2b7400e0798d8b,0
3403,540b38b11fbc2919c81838a6dd75089a4e38238d51b9abf109528f270a649249,0
3404,7ebec23520af2a75ba78d2da11a805a409be8e92c7c3e4cf2e8b86999ef4876a,0
3405,af7d360ed4907d11ba3f1b901e14bf203b1611a72a134dbaf84f4db0c7357cc4,0
3406,a57d6217ba6afb1678b6797f10ed7d02c204bcde6009dd60f56818d89f50ecfa,0
3407,62d3c61ca752952a8e3d28664e7eee94e7f862d988eae576e924713a0bd371b6,0
3408,f5025b03e59920a5776f51b2d508224465667e1e85ddd71eb33abf799f76dff9,0
3409,1fc66c9ca25dfa0d720ad33ac5fa464eb37691b6b721478c3afabc3e9f4dc7e7,0
3410,0ace96f504b2bc7b518a13e8e0b53d6d423056f9fc0582cc0a5ef40a509b577e,0
3411,85f33288c51147b7742d7b1354da1888e53253c4c9738d26a82378c9bfccf98e,0
3412,39868963666d41b9f81e1fafbb2647e49179021105719da3a264158eee8a9d45,0
3413,992fdf90fe044db4208fadbe5625851066abc655806b2c659d6083781f48848c,0
3414,5e953dfb2f2928fd8824ceae4357e65f8209d60b069f6cb0c9bfbef7263606db,0
3415,7b44e66eb85a4a723a33ddef647bfc4b16ba212e27a7f89bfdebfed61c3e8edc,0
3416,59b6b63398ee63ab62ab9cee24475ade07dbc9854e4ad78bc4ac4618d67f59e4,0
3417,610f53fc6fdf50714987b2cfbc3e7b0bbb7a8883550d086a41359d60dc3f1d38,0
3418,2ed22276d21b3c6a90387a87b40a3dc1559c218bedbe71980634d3392b103f74,0
3419,1291fc0f33970f37f0fc1584c5be790a6cdddc5859b072127874d8bdadcb3cd0,0
3420,befe4e4ad6f9dc781ba6f5b6726907c1f6fe2a1c271c81150f6671919f92d347,0
3421,623f91a037650788bd0f28fcb1feb4be472c63c06f221ae06c61dce00b8ccc74,0
3422,aeb245b6fd944821840e212bd7731fbfc89654661f956472191d981d6e426dd3,0
3423,0813c95f514fef51dc0567333686cad4d7dfbd3e658b14e08e4136060435b907,0
3424,d69c9984e77acb472dec54f7a7790c513dd67813842bc68a5d6c5d566be1988b,0
3425,85ef72863424a8013e2e7f564223764fd6ffcca3cf8119a176ce08eff34b055b,0
3426,99c50c01201bb023a644fc1698e108e58bf25cfe50e51112b8dc1fe85ba6c22c,0
3427,4a69bb38cdd33638cf02508972f3a953d3798fb1901193254dd13f95512cc04b,0
3428,b43ce38e838e625d357f594cf2a6b386d3ae0dd46ec200027dd44566e5bb1743,0
3429,9e80ebb3f45ae0f1592c24c3ce889cdd9ff75c51273334e8e34c454ec20360a6,0
3430,75b95eed946b9dd60d08c5eb83fd384d7c8e9105fe1c1d0467ab9bd81c960d3a,0
3431,3bf55f9ee95a647ed3e1e8d192c80c62a6e3fc154c21d96adf6b7fc0e10a93cb,0
3432,58f1e0748649d44b475eadef13dd3c28c244453b7778e86f256067c6474473a9,0
3433,1f9c2861306d1d8304322e5cfb9a760dbad88a43a99da9cad94221a73b7149a1,0
3434,1454391aaa76140f306b5005ac1cd900ed542c617b35a801e11e7256f015bffd,0
3435,47f5eaf65b5785e3fab08d3563072011d9661fab03097a39867702a4b16dd4ae,0
3436,a9a7edfb90ff82336dfd28d13a5675ac998fcbc64d92af11d6ebe260b2d76b35,0
3437,1bb0c12cad25f1b93aa97658bc80a08d997ae6acd3cacdf04460a09d6c1bdad4,0
3438,b46e4b41acbde3de24e980370be4a6759e1e60cdfd35144b91804c2dc8a13ad4,0
3439,c3d8c788f5623638aa5ca3b8feae31910072f95048c8e0646a559033eff05555,0
3440,92a8096305a06e3e9beffb41527ea1e31ccd0697fde99d98eb3d54b967433c08,0
3441,0d11d22c04967f9dd24315dadad4c1a5f714fde60119c3347e5981e94e3710c5,0
3442,b05e9ea5df2eb74786388f1300f06b5f9f4e40a2ecdd0181f4857852fa42e853,0
3443,ac4aeb546dac7d87670e5d545caf3b410fe2ee6550107cea837743612536f78b,0
3444,dfc35f70be2d91116f133a0934a85b45179d137e13aaa3b4ec6e6c5706d98a47,0
3445,f1e22b68b58a8defa42053396050df333d134cea7a645f0db5e267dfdb393d93,0
3446,fcec05e723c999f498516b053633e856e0901605d8f0691c43d253282441cf44,0
3447,e6fdf81d6f0390d0ee24a22b9dbe923956c770e38c3127bd9a8d5c0995392216,0
3448,c5ea07558342be1a3c4e68f9822bf5ef10d2f367bc64c3eec0451d998705f92d,0
3449,f3d9a8a89dbee37e3b685e65e645ecda894f99d9a816004397cda9b656479a76,0
3450,5be5202d79326ec8813faf225f43ec415acd9d74a5e0bac3894cb43bb8c27e73,0
3451,5e334f007e856ca55a61f033b1dbb372ec3e330c18a3c6434ce29dc03b7b01e3,0
3452,6defc4cbb654c27f2797d6bc863c6f1f9a6a23ab591d622fdda8a0a543be8887,0
3453,67839d873203c702946f8645671f48e538b1d3f8fca66156207dd37c5f7fb6f1,0
3454,3046503cb30c03fb1ea35cefb08c3c5496dbdf50408f207ca79fc92894f3e9a6,0
3455,7287d0154fe1abacc944399a69b545a0b0d5cecafb90b01e54fe87a8abcf16e9,0
3456,07f4526113c961ae8340c78cab93cf016fc7f8fdf0807b40c68765f6cc1fbc76,0
3457,89993ead59963ddca06ed13858f43a51928e2bb526f1e0d5e4bc54831bfce040,0
3458,6d0c969b68f6410d13b6a60b75bd5909f18d8aab3c6591ae9326b63072ccfe0b,0
3459,657472a73a2d5a27e2a68c0c2840ad1a23887db5dc3aef9b3ca1687d59ffcf0c,0
3460,0a6cb8b35fe49716fafab68242652816e5528ce2adacb78c74537c77ca408fb9,0
3461,b68f3e899925b191d219e3ec3bc7884a80d187f453e2f5361b0ceb4acde69010,0
3462,b5338c17f873a6767b0906113faa01ef59098d88a90afbaea7b4b9ac4aed3119,0
3463,9a391448d8b51496d81739ecdfd80d671769e6876943536bd4b693d986a3f660,0
3464,cc861c09473cf4649c88f31c1c1de7fe5283311e508f133e1bc8edabebe077ce,0
3465,0413b3bf64ab8306ecfcecb2b22c3d581a66cfe9ebc036d913c3d4b053e9d216,0
3466,73ca70ef83dfb2ef45a462b74128c6dbfa8972606b384e3da950f5953c7fbcd5,0
3467,d7173eb625595b7f67c8fde8c3d6e2439df25660201de9209770631b7f7a0517,0
3468,df60487895e7a0d04e83bda11f95acf6646ba4d2c5ba2990d0642b83f7b5011a,0
3469,bfb5749f228d4ef401e96ab620cdc253c83750c6ae424a2d070b53a4bf93542a,0
3470,baff8338198035177e2b6e6286aa4f9780096212ff0a5e682b72e5861ec059cc,0
3471,2805f85b54f5d6117b2b3fa1960ee8327dbf876f9bcc479d9b3e63c973c054df,0
3472,bc02ffbf6c535cb9fec9552bd1f613191971e87094d04c2454cf84337e514270,0
3473,44fcd19254235b431c873e2fdcb01c0e883f28fe3abc13d89dee0baf2e09dddc,0
3474,fcdba32ac6cd18b1cbbc7b3e66566a9e729a86d1a9c2ef99aef08fee94b7d6c4,0
3475,bceaaf75c501259b0c09609205226e3139223db5746d299d71fd99016fe42fcc,0
3476,35e92fc1dd6ab85033f6428d3236369573a61d30865735129e7b99c4be803a3f,0
3477,2135c947625781b238756430bf98a311f1e7bdbee18a9788b75e33b9480a60b1,0
3478,76fb4bc387ec7100f7f998ae89831ec5d4ca979eb3c087a6a1edbae7fad2cf96,0
3479,265c95e3502227888051181b12ec37669f54654e53231feb21652ed7f88928dd,0
3480,8acd23abc2d0c91befdd02f5c39f70e904ef4f603d9cb43f9bca86d9970c839b,0
3481,39e91f89a67b0db460f4f61a7f670b2a6a30d158ce02a2bf08a70824dc18a82a,0
3482,673c5f48b560423eae7238b80761b6f04ea10edd5b1b54b6a24cc2f00efb28f6,0
3483,be08ec73b5fcab6819d00467398b5397bc72af7a797f164d6f99666bc087e220,0
3484,6b9cdcc0e3a3051a1e09e90a7ab503dace8ad737b2db0448a87391e3e80554d4,0
3485,06fcb49d209bf2030af4aba9f4fed662e4d4e976e36bab56d5c51e52038d7cdd,0
3486,2d7c4aef520f5e931b2be2baa29bb5d87a443f64948f515042e5ca378419af37,0
3487,b0b9a5fcaca0df957a23b65c86745ba62bb2ea57eb49538cdda4555ca8e88dd3,0
3488,a229418b711385229f9f7e01e1651aecdf1d5ba6aef39b1c8c4ba31992cf4791,0
3489,04abc5d890077331a49a8ce39692e9c6f4f3b86fb77ac3d6f8792858965bd68f,0
3490,04e0bef0716cda25957a1b96581f40fa1e416309fab45b25100105d20ef83dbf,0
3491,c619c285d591b6e6e30335630ebbf52d1e612301f76f0ef582fb97933efbf65c,0
3492,2a9cbd48267ba29175716c5282ede5e4a101c4d5e0358bbf5ba9e74073c968a5,0
3493,a35ca657047b404f0d83628ac6bf2f917fdbcb2c4cec50bd0125b9b7a33f7df3,0
3494,0d673a1df5d850e25236e35e07e3a69e36916ebe269bb44bfda01e88395578e2,0
3495,9da019e8e57c3cd41e4cc7dfed7cc7b4f7c00ebb0808367132ea440f0ffc35bd,0
3496,718fbb919e9f92d33799e229cb062d347dcd9c55ddabfbfe4e204191be164b85,0
3497,84b5b8147c6fb776e27a91b7c18d7df55f6358fc8a2d78a1b662ae5f97601191,0
3498,6648a4609e8439db7f044181052ee3686ef3edbb95f62e199b5f8479844d3c5a,0
3499,2b162727fb821f1ca85db9dfe1ddb4925f9361a86dcd62696ab0099028e33391,0
3500,7f3034613c6f17530e1d083270b4892b8eae95b0686a0622de349a1cddeeefab,0
3501,55117222cc209e0e85d92acb9a5f700debc7dcbc9b890428e60cb968c4ede32a,0
3502,e60e43f524f01c8c95f79bec6be63226b95acf8ad9973653bc26d577419d09ce,0
3503,d99efffd16bd93cdbe24d7d19aaed1f7a6bdb04adf787fef65026ef8c9b19e2d,0
3504,76d630c510f60485cd48eb7f90af289cbdf81cf6b98b78a28cddb68697bd5df6,0
3505,0124d0c51330cf0119574dd78bc9a181f94b440527a40fd87a64bd36f13aef99,0
3506,0559ced9909bafad29d127da35be72e062a69bfc3d657d8fe95fa12532bb53da,0
3507,66e2556840c68cb82d022b7a8dbc34987f65128886988d2d469dcff0a4c9c4f4,0
3508,b4bb67454e76509bf7b747dd2b1fc21e15cf356c130f34c3b752fd88cf6ae844,1
3509,063d9f87823bedb2b143c8a4293b2fd7d20b907164b7baab6e50ad00d94054bf,0
3510,b725c75e7b2fded52c3668157d2d1b1577a3937454d528a1f0f36b3db1cfbea9,0
3511,e3f16d4813a2efc9ba90feb79abaef5e8beb86075b2f0fb24807cca04b861cb4,0
3512,bc4b2f3d5243782cc1b7930c253efa7e4958c98ca1f150f9bf64364e06d0c735,0
3513,120c6525b8bc6a9ae1394ba847127ababfafd98e40f9f0cc43ad453b9be9c14b,0
3514,9726e53cfe3a1042202668856df384a9f1cec1c0320e7ec8258ac5d5ebc7470a,0
3515,ff605b16a2533701f18c96fe0333225edf31d0cd781bfbfef59e930b8b859d80,0
3516,17058b31c82dcda094a30fb98864a276cbe003ea067125f4971d2c86b55500f2,0
3517,d0c2a26f750935d310240d3e630341a0badfcf8457d2e44a7c360edf20bdc9b1,0
3518,4955792ee423e11b59ac0035f3f51905e1862b532f3fd5bc2bd7dc8ca09acc0d,0
3519,704541592fdde1c655cde9100ff7a9d5bb03426ba6135a786d8cd7e1dfad9906,0
3520,b4958477e06639e4b05893162c4240b25999d74f01041577d0416b0987f41fde,0
3521,5e6fe6ccb15fceb727604cc75f0e4024fa5b66d9ce9007b9bb0956c4b6b585a5,0
3522,6cdd39ec698ecdd1b10a709c4204bd4719d9b60a67615bb0b819938b62529589,0
3523,4922b2a2fd53dfa58cc3dbb55b4432a1ddf891a999629526c5c232eaa80029fe,0
3524,a41e2967f5661ee64df8a9a15d78ce1f05c2e2876bb6f79d329e5e8b53a47aaa,0
3525,f6a708111fdaf8caaf460c30f2be0e8e559698a9accb5d8fe4b5326ec766a3ee,0
3526,ef5e54ae6a7faee63f4ea898e80ddfe4589580ab58c875dde88a942085f35938,0
3527,5bcda0cd032cbacb32b07abb311dc0bdff536d018610d77f47d30fe523c603da,0
3528,8d5995dbbc3312ca00d0bf22193b4b037154686585163b43b983ed3f5d483999,0
3529,480f61e4da41367e846508498aa53a8e838d3816a5944b626eb5b7bd3cee8574,0
3530,4bbb0bf9fb3dc14836d5769e090e38ce38ff793baa16f9bc13e06c302eb013e1,0
3531,f99df1f33a233bfe4716f3abc05c946c59a9c6e28efb00be22f898114f885897,0
3532,78eb07d49d85371eb52a37ebcff0ada71a9e186d44a4c744060b2662b72eb982,0
3533,8916b587328d6ede1b33162b9574bca737f11187cc3508436c5381b0dba0778a,0
3534,0ce55be572431e5c94f5a2c1d8ef2ca6b878d90af22f2fe1fc6546e646b3947a,0
3535,a084dd26b66a473fc36d9368e4820cf893c75909663f178cd82f63b504eca1af,0
3536,aae93e13790ed756541761128a0077907e3a46fb6631bd5520740f8ff8afd969,0
3537,4c26f1adc2b0123b94a60caca1acf2ca09285ec208c93c7b491aa88e512057fa,0
3538,79965456e52605f65409990008b6998c55f42f4f58768ee508897fc44ab995fb,0
3539,268a20fd2ffd1104a444dd8fd949dad9ad102ab3bad01f0dccbe5b36782da641,0
3540,cc88968193690e815d691c7576a28f9c95358e455797faa7866d0174754687b5,0
3541,408be922c12cfb4be6bd0924e2460ce757905cbe37deea6c7e732c5237fe892b,0
3542,a97ae8a0f63452325c9432a88f6ee1f1b0e0b0c4c65ec5864dae40f18f1f7eff,0
3543,6341009686ee9fbe28c25830054847a0564ee4bba34c6edb5e81d96bea7d58e8,0
3544,25c8a96cfdfdf9cf5cd6027674f43e05df3c2993b39ebd3d169a4c0d55eac292,0
3545,3d1329fab17939219819ccbd9813b673aeac8f8e77e4b36db4402d842e0dcc7c,0
3546,f155e6a5d0f581eea05374504d0a26e1cdc33def9e5a5ce6b116618aad068e99,0
3547,5f7a7e5c8f51901386c1846a2aef6738fe94ca24628c6d93ad32c5c7c374e135,0
3548,0fafa468c4166ce2b6bbc344589354530057544970ed18ba17f92c996a569737,0
3549,ac8894187411cc00593e712eefc7ebd76b9891c8b86302cc5d5925f345cb691a,0
3550,3d476f9fa5bd4bc78651f4eacb54e44bc4694efa1024a4c1e5c50cfe31413369,0
3551,f81d584c317748ff6cb383dc26490c7bf58ec6bf4ca10e497b00dd58a0a2809e,0
3552,6cc51d4f488e0df8b0e2d474b4dbbaeaed33501bdaab7180f866e5e0fb67b595,0
3553,324b41f3f939cbdd7e1f187f6eb287b7ab8d5449ecc11f9024c37b3b393b9119,0
3554,cd53288794bc8f306870c0a546b432ccf4e3b3935c0684892023a897750509ff,0
3555,388e0e5b50f352e7aaafc7e3ca5ae83132f163fa26c596f81f0c0a22d03a1fd7,0
3556,cb086644b123226f7c1a7898b3783b2954b44badef77cb0f69f0669248aec417,0
3557,4f138376ac9ee21ded27af0464736f991a3fb7c5d03e54c6404875d0bdc19354,0
3558,ad18ecf7efbdd55b4799a8c6582b597955e0bd75eb29c140e14e77bfb54e833d,0
3559,bd8e670749d09955502b11ae01f66697b0c772089af5aac5a43ed2cb84178571,0
3560,cb9415e09672ab830f0703bdaff0629bf7445eb699e661e60e4b81c90769d5b8,0
3561,89442b65fe72d5c8d5b5283b7298527288322c91b4603a11b1f33458c8dc6489,0
3562,e0291333945d3495f1cd286d0f92c382ffbbcf39a3dd620a853aac594cf9cd92,0
3563,7787a548df3984027ffcbbc5e11f65d8beb0169843f3541e398034aecd1feb0f,0
3564,55696a4797bc4cc68d28a61479bfe8fe958b1ce2f2357e73e320b86254ef2b0c,0
3565,7b667b94d39ca739e4c5280c35ccf386f373cdefcd0544e02bc62b7191d405cf,0
3566,f4acd570a474d714fd3a32a51fb0cdb84a7361a80a082e6aed8b9a4b389a07fb,0
3567,73dc0ec55554156d7c45edc09e76b03a0f0a09838a8684938e0a078784a4ff0c,0
3568,41c6b68329f32901b5daa60e98c7a698a636a57f8590a233ef4afa48991a6544,0
3569,3aea0cf1c15487a6d7a07fd79b44cc7b1f7577e5eb15ff2628b95631b9590020,0
3570,d534fae497b4c98173209b7121aa1aa940f0d85cfa1201d71e04a88edbf861e7,0
3571,336880598938c393c89dbeea5ffc36dd115409aa1d2df10392863b6813380771,0
3572,56eefdf917ee53e8e2ee3df772981ee57cc5c8cb229f83e65a0252cde8a63434,0
3573,6d343ad88154f7c4af6e3508e14150d916cdfa35711b3765887f39409645eb9c,0
3574,86734b519eae0bcd384c35ddd858e726643a33127a3c3302ecb7feee9025f4e9,0
3575,393fe6e6370343b934e9fcbbdc589d7fdc7db2aeff2aec326448dc522d19d264,0
3576,3ea4823ceba92c1bd19040f4ad2a3cd916fc895549dc2eb2b451d81111b74f81,0
3577,a6872de79ad1da52a96fb4782691924ef07635f72e0a7cb3bd4554fabf39822d,0
3578,aaa6d1b392bcdebe486cba82c8f5df42decd18e532cfc678fe35c89fa91642ba,0
3579,17152ac49762bca980398795b470078795eb98051c94e14d8befdb0fe756f724,0
3580,8d9ec37945d9ed342c3d0f674a48aa0abf62c62c520100aa880363c6e5505510,0
3581,9751d9e190afe6e9a351420382cfae854410883cd8be8cdf52ab8f459df7ebde,0
3582,ea30bd6df198eff381bee14b02bb9891aea4bc6f888baafcd67a850a0a60e5ff,0
3583,868c6d0ad8df133193b518a165c3b590a9200e6d833088d9140cd1aff44c3a17,0
3584,f25fd8cb33effed0e2926bf56f4aef1f48fde6631ee6328c0cd16881139e4e66,0
3585,479fecaa7a5e9d1b719967fc2faa914cebe6b1509bae4c2c4090fd8e474304b4,0
3586,6386226603030b79a7cfe834eaff3238472dbd4064640353d81630dcf65cc1cd,0
3587,f7cf03d556384335a78088890e42235accebd3366b7126c66afbffffc35edb38,0
3588,d5de51f0ac50b7ba30d09732d12b686ace19203fffae92dd631bb9473db45a61,0
3589,3de57533b9d19fb3060a0765719871f4b042abb261a5e93d6c8dc0e62631dd5c,0
3590,e8ae14cc50d659c783afb3fed4761df4f280fe49d8089ab2dea609974b95db76,0
3591,107111f4c2a75683db27bf166964102d3ac95ce2301d09a1028ecbe368548fbd,0
3592,fe17bb4f310db326b35f4add6ff74d5ec166c62b760b4de93aab8492723dd16c,0
3593,1de67bfe126b4413bf06e1c1d9bac557e6eddd5e373a6bc791a6f8bbf593a417,0
3594,8cd7a49b485e18cb2782576a008eff29dae43a983664d1425c49335a5824dba0,0
3595,6362cdea6bf565959564e4ef6ca49ec05fb5d4a8a46122e73e358f12b4c255c3,0
3596,63f28eab8255955052b51b43ec035dd5a1a1f7482797175b15f8c4779917fcb8,0
3597,8493373c2b57c5a0dfdab1679d836a4cf1040d0402a407f981152b35f4b4b79d,0
3598,08b4841b5df60ec373fc7a9105405dedb35f0af05f60751101602311155306f3,0
3599,d45873f3f139408eb786672191ebfaf1b48d5c5e2c77530a665a02b0de80e9aa,0
3600,fdfa4c1971876c6b00559c2fc0d29eabc28f88ac51982e96ee3e67eb4f1d6793,0
3601,2ae8bda632842f0d439ea254ab20d90eadc8be6f1631469dcffb1cdc392da753,0
3602,404b8eb6df131a4607132987d0aad35f29f4caa4d2cce13dc970761c3ebdd407,0
3603,eba1864b4d1466a47d561cfb7b8c5067303ccdcbed8f204b30bc74b9475a8bb2,0
3604,8a75098a5396c12ab8db024365aafaad2e6a37ea9c6071570c1a5491cb60fdae,0
3605,024136d3a2e34790d6ef1dc782b3fc495be9d2eb2788422dddea4657d00a0385,0
3606,f66cced9a6d2fdfd68b38da39d7767e59b7745c43421221dc9fe8b57dd538f3c,0
3607,dff4f2db0ef1d18677ee481e47336116eb2696fd0f2265adf723e4b7bfdfefc1,0
3608,efbf1c1a08275db514d3478af2d6e3afa2e7304c2448e52f13bfde4325e5a2db,0
3609,0f16d598721153d7b29d12544006b10a306a1fdc09cb0eb772e4ee215b438df6,0
3610,8f256a9d66bc1d3c17b95bdaed56279e6889a2713dc0fba478df3d0962cd8fa0,0
3611,0ef0336a691404379cfff17b546fc35409a21e4002965ed24e25fb9c898bb71f,0
3612,387c04508a265d8004fbae54c4a4baabdc062c493c46457a9c0749fc6e7825f0,0
3613,22b73eb2d79e6eafdecf76f38b615240ba8095eafc4861d58060124b3e32eb39,0
3614,af4ba4dd994a5af5400cedd275836e82893ec07695f08a3808c1469f1f5dde7b,0
3615,141a98895d42f2fcb9f15d6ce61c4fb975d450e2a504e18a8c74a64040606f56,0
3616,da4e764b96dddf7e6e0ae6e55dae08ea4e6af4adc1309604bcad8cfd08ad56ec,0
3617,08282d64cc10edd15653db61651e7ca33ad2c8324ef93b065a920d9f8b58e096,0
3618,f1e711a378ae308360fe2409802145fb3c33244afa7af7110675307c987dd650,0
3619,c1e4923d86859238fa9cd484471d9422d8c17b3a478dca42f9d8a673d8a0d1a9,0
3620,2cab0391ed3be8019d104cf4580794f8e9ea552ba2ac597f4a418613c194d7fb,0
3621,0a073d0ad7b5357d51a3762ce220ecd11ee5bfafe9bb2363c9ba31cbec6a5fc9,0
3622,f7b503bc46002b0b3e3570170bc088870f8a0d50ce7b600984d3a7271619ff60,0
3623,2856d7bb4a70d40d1facaadd5442cb5cb67618f7ab0a71bec8bc316ab87baaad,0
3624,5f3b0671bb9504de5c5861145c61efd0cde6174214427dcc57fe20bf0cc176fd,0
3625,d9551d2f330d6180fd7a776693eb096bf3903f730e61839d448903cf83548d80,0
3626,e9044c97604db0c536dcee3cddd204ac785144478126ed7dfb03fe2a498c3890,0
3627,3df68484dfd2e80a9b340d34cf7f0388ef3b4f34b762f6dd853a224c20244ffa,0
3628,1499c55d2e68c1e6d6286226e44609a0707832c9fd85f6d367f45f32bb65b715,0
3629,1e6ff71a2f938bf5b33cdd3cc9649b023c26fdb801fa80219c8b373f59aa75ad,0
3630,2704d168b261f2c31d92af906c6dd3abd7ef51bb2f009e7a5450ee7f3e912e88,0
3631,37ff868171af5a2f777b37d5512a4fdb9c522ce01d5143480ecd9a6c4437a133,0
3632,14bbda67fff7063cff35d3b9f4034814b9aa01a9116fce7f49c3c60697710029,0
3633,20bee1a855111ba3065cf5c61cf0c99e5e9f532aa6ff471c3c79831d63b52f4e,0
3634,55a0749cef3f744cbf2292f69fee94cae97c512f332857127e4c179c63e057cf,0
3635,7e69bbc9cff9556372b306f68436e77562fbd4bf13b9b824e7da9e9caf3c51a8,0
3636,39fbeb03ed0e74f2cc8a9370f7b3b8c07f01ac2cc8f64cf77e1f614d4f32e7b9,0
3637,3f08d197fbc340b7f8e14d1faae8238cf2717aa06a7bdeac5ad0d19806194a2b,0
3638,dc1609d6a237b2456475417eac98a15f3834881fd7106902d44db6d8b36cfe05,0
3639,654a743d24e9ed674066d3b08ebdb9cfd4f04c765c0532e07cfdfde741b75bf5,0
3640,4bf3b79a91d435c652da2673e08c2591aa1d2037fe73df77fd7079a8084eba39,0
3641,4752b350eb7a68003995a7be87d21c713a9636ef4dc4394632219f6337b6d99f,0
3642,22cac2533a017715aeeff976c0e23e3a4a0878fb253277ca32c34fe03b63f284,0
3643,75a85e84c061328e2ca718fdfa385e15f8e746c902ad0d870f958899dd9af8d5,0
3644,fc60db119132d9b3ee448380d24628482707fe735cb01ea91d7344aba33e5d63,0
3645,4a7417d58a2e2febe7e8419c81f1ee88a48688d51fba0e897f7126335f48f1b5,0
3646,6caa395bf2a0c39d2d24ca8f34604e68eb3269514ef1bb2eed8a7652debe8bbe,0
3647,984aa554f28a0410dc5addd4d96b6818856614acf9872a734c02778165e2489e,0
3648,584e217110fb7f2955fc17d5c88774eabf84c4fee6046d173db1ebb2f741a2fe,0
3649,55c831c78642ea38edad6aced5d2e90fda8e4f7aa805c65998f60088dc7f7d5d,0
3650,735a34ecc78083e88eda549cca3d52fb2e37b49a8e0a00be8a1fdd9e937735ed,0
3651,a1d06179f22514f6047ba3441e446167b477b2337ff7e5eece57c0954cda3988,0
3652,b29ecee76a55bb27767a3512ff90e242e9e589739df132432d1b2307db5eca69,0
3653,745a055bcb486c00a25e21becc625971bbe571a9ba94ecdfc5dc2d5c39a11d56,0
3654,05e0269f41df7dcfb2db6ece075f92977ea0a7066c139df3b225f1755927c196,0
3655,71f7177ae21083364ef0db2e75d159a8624760e8e541a26237a30ffba865ce44,0
3656,e395d8cfcd5d0035b409fd94dbcbdfa08742398e74d118c8ee21fb93686c6c29,0
3657,1f81e5041f512934923a26ceade7472b33feba292de21784ab2c542d8670b362,0
3658,58251079098aebaf455fe35bbf10e56a72fb3c7ce068c998e2ee20951a76696a,0
3659,e1871ff0fd9b85a7e534efed2ae0a02ff9ff89d2f2d610327818cb6951025d77,0
3660,519a6a480d74f0031babe4d28fff4078f505abb1d9cd14675466f81ce8905e6d,0
3661,9be3a77ca36508375ebf754513f1ad334bb131c1c2227c14da27fc26b76a49e4,0
3662,7bbaa4b54bcfdcf24f6389d88797fb0956d53cec07a86089c89f236ba28f0ed9,0
3663,7b6bc40842162da81ffca77a846936ff6fb5bdbc03a6e629f33253ed4cdf4766,0
3664,39917260d900ffef32f18d6b6ca268000d364a922d76ef30cc772074ba9e3f30,0
3665,acb155296a962a6d1b6021947d6bcae92d9a7dc47b29a9d1bfdcc4821e8c62e1,0
3666,10dec2c34c96156e3bd4b2fc308d92f8239b90f6c58b33560fba412c1e56ba97,0
3667,06a767347fad321fc8a8d0b3ef8f3555f104677fafad6af575e8a255f5ccf734,0
3668,564fd543a4fb18ea5f5c970c9eb81f5b08d8b13e7952751dc5c21307ef4554dc,0
3669,d82264500d44bc17445f0ba98fbdc3e89a5c3c54e22fc7872b6b69be72320605,0
3670,21e656843dfd94873d43b03ed78da84a16a40927d5e1846f2f869f2983633e60,0
3671,f576c3e658c63da067355d9484dda5b1df8d68a79d139f4e850aa762161d69a2,0
3672,22d209780227322dccb31709dbe40e6fd094468c2b2398d81bda3384fb7b7469,0
3673,941978a18c43fc869693dce81edbae8221cde4d92e7ea6ef125863d8b487e08e,0
3674,2089d597616c861c57e0ae7f6ac8ba32e35c70acc12cfdf31cffa8fa17b25a11,0
3675,e52699e3dedc7840792595cd9f84d9808e65fdd7ea2fe9859ce298c6a72aadc9,0
3676,422acd7a02b2d0d6d0eef795539cf09b89818bef5c6a72c480e7bc1cbf5ae7d6,0
3677,946f4a9954a6a32e50a178ab75f508ecfdcc14f9ae241fa626cb63b4c431f928,0
3678,1b003b2e9d440ddf7d8782b57b51412ccb3b2e8fe5796dcd9e9da067b08c13a4,0
3679,8fff0b9ab5fa6d96660716970a6b31f3aceb6bd2ab54f9f28f99b018a652e6c0,0
3680,afa16209e280ff250d21f8ccdf8f42e3597bcd7164b6cb4baecf6a0f21f579ec,0
3681,0016320164c48c194aa374b99a3ccf430674e22475ccde6cc95c51a40ebb76f5,0
3682,faf47c1839480d062c598e1b70c9164f4c5d22530e335737a2c6e3378250462c,0
3683,6966a694d612bee800ad07e260fc79346c3236df60c213bb4ad9fdf9b884262e,0
3684,99b700cfec5aa065b02f6ca84c593e85154779a32011d1b70d870432cce7409a,1
3685,b1119a9144f0c1c997adb17c66c9f459ba3f177b29588dc71118b608df5a390c,0
3686,ebfdec5f14eef5ce54f49ca6516478b16ba9bdd5c4293fd563ee3ab9daf7ebe3,0
3687,ee5b517e5de9892b6d62f5dd6d32252024ad97567f9de927c20c9c9152a494df,0
3688,d70dea5c9d6a01e7f9c4c0f47ac328910db6832d77edab06fe69390cef3ecec7,0
3689,dfb525920200504cb71f0f63d314f06e7a6e240040ef4a7bda0306c05ab3c365,0
3690,c69bb8dc1838e5280e1eda50d3ebb08fc6d72c558bd6e50ccdf5aa2532421118,0
3691,a21dc34241ced6460891efe8ef0d373d275dcbbc9e146db7e4429ac69a95cbcd,0
3692,14b08a5dcfc43ea1633daeae6126916c11daf36ff6a61772577d51922043e148,0
3693,9eb8545dcebf23cdf946ba9ade8a9ffd97faa482246541c996de4ea3fa6d0a0d,0
3694,72c11c5847fecfa6473fa1b93958d932078ce10d3d68f720c7f0e52b144c2c79,0
3695,cbb36b9858d38b053ecb333d3e71bda6cd2a2fb10577c36f3393bfac3c601e3a,0
3696,86e1d07abb7d8a8ebef84b95196c5fac8fa1edf5a713a0ce8b33759df24ea56e,0
3697,e288a1a1730ff1628a3384541af5dbd7f6a7dbcbaef1e1949e4910c6f27f0e15,0
3698,c376e09147f153171fbdaa5d9786b7ac3d2c1fbf04a7fb4775e4289d0d0ef3c6,0
3699,c026e068900ac43eb24317e83d7302c35a4372876f896c4d79b3abd86f1dbf5c,0
3700,d05f8c591c6ea8bf1460f21ac910de93bcfa490f83ab0eafd89c75393c958196,0
3701,d2726e5b15ca6b2bc21ea72bb849d6eb8abfa2eae82b12242c50d38025a60693,0
3702,d39b8afa5ff2a13f5f2e701d77b397ea7e473d6df09c018b95eff2121e449987,0
3703,2b83841509ca8ab0bf31021d41fe0d436160dac9b8e07c6e10e19973b3a9e32c,0
3704,de5ff6798fae460cbfd52f4bceb0687c4af0eb58760b6bd32614a2ba951252db,0
3705,0efc2729f698ed660032e4f68dbd7747d853e23e3e99f5d58774c9cf25f1a5eb,0
3706,df9ef7bd0d9bff1a7734647491e272cf5677f6c9e9dd97c22a47b445a3ec4efe,0
3707,5a26906f6e996036d756e05cc750f3b92a37732fd1aeecef2441714eae81b570,0
3708,3d421f74537c2ae6edf30b4ef0e9b2b6188a10504c7f169b15acec1718068deb,0
3709,4be252845ac8e131e7f747c069ea2125ae9f2ba159a7dec76e56a3fbbf3ba4b7,0
3710,18f2601140e72293fdbd64689d37a4fbba7acce3344f4b0379876c0ba28224ba,0
3711,e4619a3b23be014afa64ac0d25f4b33bb584d0e0d0e42a46ee25d81b20c5b093,0
3712,94d0b9a82f1631e5319a6446b539858520149c2ac18856a195f0be78cb9ea442,0
3713,8dd1039de3ac49f1c1316c7e0819f916937acf32711bff515c4d84647c202bfa,0
3714,bfc37cf4f9c9869b920cf9211ab39db45147c55cc14e37f96084bb2bc04a63a1,0
3715,c3d8400b3a68008dc606f1804b2b5dd7aa40aa7cb1bcdc6c84cf18e7930258c5,0
3716,3adc33c558e889783d55c046771673494b6428563675149b7d181ad7ae0cb235,0
3717,f164ad7e895fba684f55a1154241afc3d213e6e8a53f21b2e9451bce195fc741,0
3718,71a8b301e22dbd2c89eb2fd6afc02b3ab5a82bedb321b2a4d3d759fbdbca8a7c,0
3719,8a3384d25874fd95cf6b2f2453c62bf50610f11129ce677e98ffc67a7987eb30,0
3720,a47c63adc67b3cfc2061752d6b3ab97afc9c25d5168671026d06867109789335,0
3721,c3f92deed221fa8afb44a66109a604c76eb08bd45c7da36bb0d1da9558c40a34,0
3722,d68341fd825a93b2bc23959799bdc6617e552407556f294ee92c6104e7abb824,0
3723,cb29d5377c53dbbac707694d8a5800af6bf6fa4e0ea2a5e1570ef6b8dffbec13,0
3724,780205cbaec9ebdcbe64ff921a0da047719d539f0d3ca7e70a6950f2d461c3b1,0
3725,b37ed8bd662bdd945004b61bd4dfe91edc12588db76b8077794b01fe21d1996e,0
3726,febcf041671d689f33eb168a1c72c03e32c0076efa9a29e2d6ebae01abd89042,0
3727,bc281ee92934c80a7b4754ecf61ae53d8a74d2c2e878b55e30ba8f11df704d40,0
3728,4cb4d76954e2b03cf3c5b06cd6b77aea97a9264265e45ed012c734ed9b248efc,0
3729,07a34084647c8c8aa2d055ae9c278030f4a4de00fb8ea441764a7daf51afd275,0
3730,e62625e30c3f52284222f39dcdcb804dcf635f5fb5364437b2595d45ef29517f,0
3731,bf727f2b9b519814c3dab7780adb912c30b9b32e5da574e6383776dbfe14d993,0
3732,d428b70e91857fdcbbc0537faae46216f9cbd91d2e01cb8132e074c5cce7f271,0
3733,da2391510f630cb5cffced73e2097821c4c8f562fc238e4983ad84c96d8b3b32,0
3734,93338ced9147040919a613ff2c6fce1f7569c87469708aec4ab20b68d79def0a,0
3735,8ba4bc77927e63f593d1d6d79627d5748b604c85ac5687b27ff5dc3708ebdb01,0
3736,969a4e0f499b7bcfd736cf9bf94e72c8d07265c360403837577531d76602a2e0,0
3737,e73c7c72b280bb85fa67f400b6d671c57a7bf5a11dc48b64d89a4a556f64f8b2,0
3738,743a6c6164bde87c0977c43ea0d19e20cb272385de60e8cc6c9c21e35ee83fda,0
3739,990d9991b6455d183d17f39d666d84a90dcbce9162768a0da66024292a57f601,0
3740,15c3f0d19c67700ed357e271f762ff4425e73fb15fee14bc9508315ba2ddc54d,0
3741,437618dcadde9fc2392028e6f0da62d71af86a0aa5031344a50ec0c1c6852073,0
3742,93e072a6f6866acff7bd3d26167f89dc4f7a1a262601ce6b669f8c45bbc34346,0
3743,72069727dee7ea545db8d2d42a15ed11e3a32caa08ef25d929e6f657573f8c93,0
3744,5aaf29ef11e2217b67c7b43f5680a2badd7387e1c32a9433a834caa3f67ccd93,0
3745,e992145e093cf9e3e4b03a2b02ba6d282f06d0eca0843e42cb436ff69f131126,0
3746,90aec45b2309d21cd115c09d03e8a63c49820dcf9af742db158466b880e220e5,0
3747,24a4d73aaa9c9599e8ef44a6df94dd9eb8b210292debbf163045a42e51591fe6,0
3748,839e8a7973460443b3eb37b49c341a40a2e958fdaab9f377c3722bbfc60cae06,0
3749,3cf272d3b147a92386c0f6610bd1dc5f2c0b04414e7910e17f27ddf1373cc8c1,0
3750,a12b73f13839621ad47231f8b53bedb71ecefaa6654c4f7cab37eecfb0582a24,0
3751,ea45bbb641cc035a2d0ab8be8caaceeeb6851e4819696a1550d82d7ce6ee6b97,0
3752,2270766ad9a03cc96b1c28211aea82eecfb06f26338fe523a91bdd2a9b1246b3,0
3753,7dd060f0b3c026cb23d281a220ab6e62316590347baaf9c0eae4f7ab40240295,0
3754,42160dc479a8c26a7233e880fad37d085f5925a095ea4f5ae554e9a3c14d3ff1,0
3755,8068e47adc5baa0a2d61a567893bbd109620d35dd76f88b53fd9a6a10b890eff,0
3756,9f1d075d1922d2d8581272f35c6454ec58b23534fece3759d24862b67c61ba6d,0
3757,2686578e65ca47de775bbcf133941dfa783b4bcd40a4de0936472678d482d54a,0
3758,2f21e61aab9372f38d8526e948b44e1f78675f444171ece5a993e5416b38bc49,0
3759,fbc550ffb385bf0252a75c294f214ce5f7236636a2d576fccd8e870dc4d6f9ec,0
3760,5c991830cf49060a8dbfe9eda274d65e623557083d6ede0d75bcfa873f97c4f3,0
3761,f9f46775e8935cd9ff2a47fc4c99bac0999e6840bdfaa52022886455187e59c8,0
3762,5d5ba4bed2b076b81d2d6086845fb64302776008017fdb90391ada04bef11a14,0
3763,5555d098bc46beba53123af130595b1e3756f94b9e011d503b31e0d71117a313,0
3764,45b2b571e35f591a4ba447129ff4e493d95a288cee9575a6439d8a11ed150768,0
3765,f11d22126d899eee5e3ab62ebed7c97fadda60dcd0b2f7636c47cdd8c281b1b1,0
3766,56535eb1489f6f54ef12ab11a6fd3713def400c85f3ce4d37c1a668560cf9de6,0
3767,b0ad740281781c79474723638716c2758672f394886ee6fe3728b413ac63bbc8,0
3768,9ac46bc47b714157239a05bc526e20c4dbd2c6d6f4bf7110ced2dd77a29c17c5,0
3769,00f6c5466a9076da4a15724ca65e7aa39e48164478ff29da17babbe1411d3f82,0
3770,c265ba397523f58bc1b2511d3e0f36a79e64841be17dbb5af0f5f508d22e427f,0
3771,58e0fff0ce2dc13182a45147e5a9b6965820ef0fbac464b1bdc3ae34addea407,0
3772,24a96c988349eb71404c98ec02309d8f4050faa38e6553ca410181eddf084c8f,0
3773,2c3fc40884658168c8241b8d74f5bc6d7c25f3d4ffe3cc4f7e3fd87f294afcc3,0
3774,7a3a05c4547a4138ba94c4d193352a768e8e5b5010d8316f107a15920180e2ef,0
3775,63e6102279d017d2ba84d15dfc2a227721878e8ca262d625d28049a8bf98e715,0
3776,c128a40072f1e77fd0f4b4e868b1a7dec18edc75ff458b47a743573184601dc5,0
3777,85378f0badf5a22d14eda14edca044c47b98fdbb09585e515af3761423c9ba69,0
3778,ed6e784624a70b7a5a341f893bc1929c96b93023ee27a84d835aed1690483e02,0
3779,5a2602f33ae486971df92cf34736fcff586f496dea46bd7e30e66ad260a49f2b,0
3780,971a8368c428b99880239abd6284dae37f2c641064fd2a51aa625a5995decac6,0
3781,c3923532158c0cd2ccf3a27ded1a398f3e7b9ad0ed66e96e6e32d2653858921c,0
3782,ce4df65f3bb6a1f2c7e94d3db131c51440e7954f98e0b605cc7d9732209b3646,0
3783,2d3695f756efef57a2bee62d61c3f4be45fc3e01f525fda39b8127989948aab1,0
3784,512cb5c20acc470e678eb81d24b454a543a36318947b73881fa1689de5259e03,0
3785,b2e8620810ac698a7452f82a2cd3fbd626d86c53fc81674e4eb29438a9e2dcbb,0
3786,d7b7b82165deedd337038999319d0d7ecc2881ca7e702631ae3d972acdf99eac,0
3787,906caf96ff91f36dfe8d0446da455184db52f6e97c8f25151dea47e1e562e55b,0
3788,f4613f6fa728c321feee695d06cb9d27d7eddf6bc6b3dd4dc47a3b0d9c0666f2,0
3789,f49afa704662bd79855011fadacecfe918d0b5bf4aa0cb9d98b34740a1bca19d,0
3790,4e474dfc6706c6a30b1b830a949df832e21c0ed21647b79e4a85f28ad9d38e48,0
3791,3ab68cb638921e2f119f457d66b31329a1187c5a8b4ad754a4e7fa51aaebb037,0
3792,b4aa4dde7469e4586d04fa7f3674bdd248eae5242d2b4e307fb267e68689b520,0
3793,6602377768f39929c674a91472fade74fbf86006c9ef5eda13625cbd8d1b9d68,0
3794,e4a19a590d1d4a77d13072381035e345e92a84b869a14cd85f7dcd8221a254e4,0
3795,16b6ebc7bcb727bbd954fe56c272879408597ed88010c1645c639acd4a55b3c9,0
3796,1cccaafa38462900ccd744b3d0446ff8b1b8b5448ce9540bb5ffb3707f74f529,0
3797,60c2e86adc014faa2379e79c842876074278e0e4d9b395e0776a4aa82995c83f,0
3798,c660183a0e4580b6edb6feb4b6fb4c868929db1511d3a88f58d4dc0ba5ce80cc,0
3799,5c2944e909b255a6e0317be872310958c134b8e5c73a120dde184be06a81c845,0
3800,d0363290c9d1d41f3550a608154461a9fa8d9c9ed1a011ca22f76722e0679142,0
3801,5a23ba7b4240a216c0095af1798205af8a5680bef3bf7a849992e8825938315c,0
3802,fa09e26ff1bc122a9b1c59d056e98318c9b57e47f73147cf4d2dfedae5a8babc,0
3803,9f66500e008b6ea58cbe0a6e8ae8a13687fe400e3978069fb6b4982fdcf4c60a,0
3804,0319b6726abe2e97daa7474e76e305a144dcb45c9373448608cad9926451f218,0
3805,b0c98ddc39ce80c10d470f9d3e9393b4ae2a890142bbe6abb2f7e4644fe42efc,0
3806,114ffab342c3fd0192635b9a537e44c07f472c93adc3ad5d8efb8517b0f72501,0
3807,9fed5c0caec22a9c7465a8fc1f6e9bf9c777c5b0201a58f928322f5691d5267a,0
3808,7d3fac5c283ba029ae00903f67ea235d2736aae12d03d2b95b7a4b7e0940cba8,0
3809,415320e3859e62434395f2f64e7ad32cce059757a1d7b15c9ae965b1a517b5ab,0
3810,f6c74f5463bc9fde1c43a4034698685773a2621aebb3c05000d5793d057ebf04,0
3811,78d0c3c863561c25af3214a5f1d344c1d3958ad829a572695e6760ee6eb69f8e,0
3812,649bf47c07b81c76daac3951a7791c6766a0bab0066604f78dbae24c8713b077,0
3813,c64b38de9e146ebc318588c492df8e8b7c186342339b1d3ed7880d159f445f60,0
3814,6641af0ab618422d326109c3bb4eb79f0c6d06d9a2fca821e69bc4c71125c517,0
3815,63545246a1008b4619ea05cabbe8963c5ecb6706042c45431c96daf0bc069255,0
3816,0c6e83f5e316d79cf9847a876ce077ad4cce7bbd65fd1ab29bb6f9f58b93606c,0
3817,dd8796473798d1d91a5e9ed9df410467df5a2a6653905dd45291bb9e74fb33c1,0
3818,deccf9a368a4e746eed75cc538c320ca05be5cdef9adad076bd686eb576de2e9,0
3819,408793f3a2b7c093a3e90a085b77ab316c781507d518d8bdc201afaa096e04f0,0
3820,12031ca5a057b53890e9ed633ed63e2cfb1fa76dfeef91482d8ff575723c10e4,0
3821,7afd5c92d797d1c6ab702024eca2609b4febcf16cad416d689968cc7732467be,0
3822,405487e4c857c371d74112d5437ae334c3c69f36965ede3abf47db088713fdb8,0
3823,4568898e99bc99a2853be4284c1f2762874ec9c346ba8b4a36e50dee61e0768c,0
3824,2eb2c770f6944b7d840e6d7addf86d7010a2c0adcd422e4a3afd97ab9ec8022d,0
3825,9bb89914e2b911bd2a2563897df4d72e75e99e28bd5ed7d4dd62bc89ab0ea2a2,0
3826,36c5ef38d0dd84af4da8be10583a8e51746ae8b90449b044c9fe211fa92ac724,0
3827,b353cbd6c1940fcaad313363a7b038854cc7b94a44c50fd8e6b1e0709fec8828,0
3828,88b855baa3661a2b93d6b330df9a37d7cb0a082f7f44784dfe1656342e27b9ea,0
3829,bd258679839cfc64b5397f6a51722cde88ede640e223c8834cf2e13a7e80b822,0
3830,cb8a7b040aa9ea715370711dc63dc4102ee334197295ab2863aabc992efe5d9f,0
3831,08fe4e6d707d0635dabf4d37b4f8244961a221adcd670251cacd34303e76c06f,0
3832,6148e375491b0bcf0939a6a2ddf5c1eed1853e3a77823c178ac1f74263faae67,0
3833,f029b08973379f5f65ff306eac5879da8cc6feedc664da394ee854e82546ab4f,0
3834,e0cfadf1f23557c36346fe8b9367fde0a0f21cb30d81f1e69e86078be6da9098,0
3835,5d2881a51befc585516934ca1a4a7d71cff753f8c1f3c704fe69848c79b64871,0
3836,a8b8f4c41a42ec73c15e3f52e66e650a5546d53da297475ab76a98d3fef75c97,1
3837,c45e4159bd560150aa464aa20191649fe9e254ca41935cf778abda2e6a40e33c,0
3838,d1215ac5ede29dc64eea80abb168806c4aa998f4f05c3423aa765becb0b4ac61,0
3839,4a3604d463610c79891516316ca72777dd9e70c121f5fbff8d0807c412418c8d,0
3840,10b58294091cfa0c2e19133b953b048ebda9a437cf4ea06417d1b23d14a11113,0
3841,c04d018929aa65b3a13c206628fdef73e3cc68b2e960b75ab118ac1829a04486,0
3842,9e28033502c22682bb3928c252b2727c5ca65036a42331da7dd3b0b5f2e42999,0
3843,2654cd5cb1bbaf283706b10cb68fbcd219f22e2e6d155a818150a693c21896e1,0
3844,557362e3471dbb66b3e9c9c9df39e397b2d3f580a78ee462776c3969ad9cf22a,0
3845,e5095070af41e08f593fdb6c3dedf353c4c65a5b2943669c22d3bcf42a8c556e,0
3846,74a9d02236978bf266d5edd25f79433405262712991512cd9b563314266ac63e,0
3847,780b2f5471f723ade7551a201b5b6e3f02d19f43cf35230e37b20323bd4dd16a,0
3848,1cbe9e09f6a3c8f91ce3bbd99d7750851c3978ce1d9f486fbb9c97df836e1da5,0
3849,9bf404b35d13759dfc1c59fb90c81526e97aa10f3afde342c318d12e3793a2cc,0
3850,81d007b266761b999de5018fd3f8b0db42be968b0d5aa3394050af3bd3ddb7e4,0
3851,0a8a815d57a629637c090af9a218a9257ab8f665f286d7b9fec3b1c8fbe7ae4f,0
3852,b7c42ae00ec3d01a78eaa1e93899788d5cc5d6b33776892aa55eefe26bd3c012,0
3853,f6fa9462c3cdc7795123a83c59ee0b83281db8fcb35df80eb7b3678bd5679ada,0
3854,6fbbfb9afca6048d96037445beb08245dc97b08abe7394dd548fed0641f21148,0
3855,004d2bdd4b2d74cf10057d328b9318f4c4fa099e47cec5d6605b230b9e9ea881,0
3856,a0af987069323ff516a7812b6c92a9e3aa6365b6df37dea10843921b5ec3f14f,1
3857,d3b66cae9f139e350774cbd3fc24ccd3c5ee0dcbe9dbeeaefdf601ea1d467f77,0
3858,25df126d22dce7543eeb8298ff508a77ece3d4ec487d1c711e5662ff6bd7523e,0
3859,9d4a05c6abf973a3dc3c5c5a30f68334fcf7b6658514118b6d0603687c1ac218,0
3860,ea293bdb581f6220422c6f81a5ee2053b5343d492f2c819837490af6d558f76e,0
3861,99c8bb16749afa17a020eb285d915b98ad78b5cb29043fb3bd6a2b723aab4328,0
3862,a1f1d27e95ec5056e47bdeeb696c69531cd004c01a791d1408e5722cd4f3d024,0
3863,b594afce01ff1b054bc841c17f002c75acd35c80306eba17386c5198ebb2d276,0
3864,2112e0e349aec2718992957ab466f5fbcf3614dac8ef32a42e1820f33d329c88,0
3865,1eb9afeed2f96cf0aa9382a0df61229567ae135b3c371d28f7e6c79c5173c885,0
3866,0ed9bd22aaaaa1d69af8b383a1a0bc9588858462205ad10d17b13385614bb66f,0
3867,dd967278b0a3227252cbd2fb4334d2a8f86a31910fb0ecf9680be63e74aa11ab,0
3868,949cf522d9ca12a694671af98df5c8f74343910876a848eaea42bf55aac1429f,0
3869,d79a93534d8a41d9230d3cc20145843c4d442fbc5cc4068f200b74bf44e16540,0
3870,2caf283fe930acd64d58d615afda7afcdce6d0743358ad2b8f983b2d65fd4147,0
3871,b0647596cd9c4c8099ce4f8642c0b92aa79c2db37f363223566509464d01be1a,0
3872,448413b28ba7274b011ab728d603f7f8565391ca35a4c22c56a1ed849eac57dc,0
3873,10324813f4788cffb5c15c2a84752d1822f003b3ee0e9878f42e639bb0bd9504,0
3874,2834e870652a20ed522f5747fb7d05efd14be3ce1513dc7080e0a49015fbb67e,0
3875,58e87d90cd2428ef94a63b012a8e4176a551c45adf9f4ed3a7f48e5132901cec,0
3876,aadd30c354c12f7a8b06de83cff20be7fce1cd8d46d08dea3446ab18a413ec35,0
3877,36089e7ff7a26e07702688f77204701d2b74ab224eb56ad0b22b82b54b1b888b,0
3878,ad25f7dc3d71861402133e27b05592907a19a7f6c969cc21e37aced043d738c5,0
3879,a991259e9bca8a675678cb9d163b27676edf6da020b5351245d6ef46e0655f0c,0
3880,f0578c944c3fe160208ed3ff223df490b1882ed5a4111c879fec2c50fcbf45b8,0
3881,14b279cbcf468352f155f6769ad60f256671da580277063255ad1f03efe753f2,0
3882,41a4fac1e5b1667041d540a69a5368eaea474cc216433d50a14ba271c595d9ff,0
3883,4031770ebc5c9d6496c04ddc81491c3bb6c46c7161e931016c6db4bf080860cf,0
3884,0d26855183b52cd0c062dd7276c51a0f277e85d80121724820f45f7b747ea4cf,0
3885,23c5c3d4689929795cc9cb4f632e7a04fe4790cd1d6d59cc74498f4f801ed6b6,0
3886,dc0a72227c222fa815502aa8c4f8cf40f71e8c4352b88c5aedab8b77a02808a3,0
3887,9e51cfe569425cb9012070353489c6615e7a4f9167527461d811a2ac67b37079,0
3888,2e2d992cee7998198568efa4e0478ada97b444461108f27949cd041cfb75e75b,0
3889,65e28eeef317ea2dd371e7d8d352faeb868042d8bdb94a4d5043d700cbfc4586,0
3890,cbfd2180af3a374692dde858a1ac92da1be297f8654a8a700c9dccf090ae2dc4,0
3891,7e694d4f01eac6f17d88abd1d948fecc9b0a04656f30d35cfb94b202aeea9628,0
3892,9cb230b5cc4c6e6e18815cc5126a1f8ba9a8a83a4855de34d07d42e73452a771,0
3893,41c75cec796f7e15cf4ba432d0b5ac32be000017494b830038192d23739b6a40,0
3894,ea4267399fe7ce156d026c1bcb90ba5d6032ba0b2ff4143c31c6c4a23b4cbc51,0
3895,80b6c83107f347fce40a813d98bb4a1ecc5811841a8d599e0b682692d0609bc9,0
3896,1e98cebd29fe29d04770b52fb6440efe9424bf15cb03e9d6ea61ce483dd94472,0
3897,044ef5b3347e9bdc70eeb6bc5a2d31b9e89b7e1ed6be73ba10a27e6c5055a991,0
3898,b74303e7e3be94a7c650b4be456a374977ec4fe35ff464653cffec1520f8a939,0
3899,ad817976e72dd2fc22f86462e09b254ae5588c3e1988ae3015384d30dcbd1dc9,0
3900,6199222bd797b0b76b84ccc687da7058ec2e92d80342cbfa82b4326cbe469545,0
3901,17fb0264f98ea6866782c05b3b21b5f255dd3d9e24658e5bb3bbbd557a4e52ce,0
3902,5bfbc9a2417939c737744f489929f72a1203e82e5776e5b8dca2bd33be208d2f,0
3903,b3e0a3d2862f3a2179bb769f59a765d687246225e8ae75b592957482eb2ebc09,0
3904,56ac35a34e1df43e1ec7f72eccdab516567c3d8a0b5da60b7c464217908839fa,0
3905,b83dc38f305d449b18f43abc74a4bb424914638081e727634ad0c787da9bbf02,0
3906,05967b1715d98f87bdfcbd6d5a9a9d9d58f17ab1e078c0cd854bce36bd4dbf06,0
3907,d6648b4c45faddc9f47fd2549d87fbfcc62596652b0c6992748294e05ea5eb02,0
3908,0e6351160353b252ad61b15c90f88b50e0504795aaad26443d6c264ef9355abf,0
3909,8896db885df399a7952e577db1e3c169d92ce0f77c9a34ffe29913cb0a2677f9,0
3910,65f210ca2f6c9c285fedaf6ffb9a94406e1206a6c9425b5db0fc6a5b3c92773b,0
3911,305628195017982758d850d2cf774a6ea6c1aef6fd7513aafd1a3e65a9751b8b,0
3912,4838cb9e21edc1d39562226f94f1242696f421bbd35976590ff4c0e43e62e3a3,0
3913,d17bf490eda855dbf02ae79a496b886c58f66dfe47216466d2ab5baca0b6ad8d,0
3914,c57036f364ecdb4db70e991386cd88d058dcd8b14e27738e47a581f3c72942a2,0
3915,0a17698f0c0f3cf40f3721274a7912d65f592e0eb6ad879d9c2ad5c56c5ea4a5,0
3916,274b5ec5b4152733deb9565cf032ce33ded405a3a6c85de7055192fa6090b628,0
3917,729a46d4306d2ca879834d75d57fd68ac5d6b6a45ee81fdcd1da9b5a89a2ed95,0
3918,e0adb3a2c19af00ca621c3efb5b8242458794c6cdc3c64978a6334814f96e2c4,0
3919,be255c4496a5aa759790fb48ce8e5d4c65ca0e6c8b0485149abc8ec0420d3f84,0
3920,2033cab7fd9bcc631d0d5ba4b54984203307ce0937528135729e136714724d5a,0
3921,e9a6e39e7419724e9725dddbc1576c2dba0d48eaaa4de417cf14ea300bdf1d0a,0
3922,e1bbb140f8da42e1b0f121085810ce77d3e5bd0096972b7c4ef3699d3e6abb1e,0
3923,80e0bc56d2e54ae59ecbd68e7d651dee75accec4352b0ab760be27ea3ed42eab,0
3924,6dec05cf26c0a89d40bd813648b26b1023a9c3fb1161982191872bcca26a6386,0
3925,f247c8d0d899349da4333246cb235810bf8a0ca57a940e9a29fb9acfcf083f3e,0
3926,433526ac4b18ba04c3a51c7f6e985971532cb1192c7c90107807af6c73741a69,0
3927,3626d6da6616f4111033892ca9af0cff2985bf29e841fe2a2089b535b7ad1362,0
3928,de93e42a15294d7b2893e83adb37081f4c1bac9b5b1f6ab388b4dd4f74acf194,0
3929,9e8f2a34a8b7a77a92db7ba44fa240122f9e72329d76d031a09ac3e810bfb689,0
3930,e48215bd61e378d5a1392dcef51b6041fc2ac32fcb8d608968f023a803aae116,0
3931,d056e8c7217e41ca58edf4e21ebb7020d5a01809f16d301e9e430df076442d8b,0
3932,296985842b776a74ebdba2bfe87d11236b9e7cb8ad8faffdae487bdfe39217ce,0
3933,95a1d3ce6f270eabdc11b58d5ede9d57a7d3789794a0faa337e55cd834ee278c,0
3934,afdb676ac483b2ec735ecbdfce6ebc1addb43c69fc8031a3294c930541b7aaf0,0
3935,a3e6e37bbd2d9022602981af0ed0f8e76e176608bd97370399631b001b8d30e6,0
3936,9a99229893913ba095dd750c4ec1dfa066e76c8eaf5d0b7dd11b5c5bb6736fb9,0
3937,548fcde1e3ce28be4aeb56a4106927e78a849f32ba5523a2e20e0defd6363c9a,0
3938,c8e0060cdb7e38b3281ebdc72fa49331d6a5189208a61336453b8e62f37e1558,0
3939,0f635c546ddf46d73fd14611b4575925bd6e8fc4dd291f1f6e23c2f837b4e00f,0
3940,4e12175b3ed0537f06f81701a958e61af8b3b750053c4ba1d176fbe22d0bff60,0
3941,fbe1b6517c270299d83f59216dfa0c748122e2617f0e38de1ef7f63d4eb5f9d1,0
3942,7d8dbf7da908173c1261d25331a27fcdca4e3c272ed94199160ae733a3bbc5bb,0
3943,f8f7a96bd52d15ce7fff64f642e122a19c3d6b12f28a5180a9f1112aa07bda3b,0
3944,018b3a597cadbcf88704e32e9ad3a250b81869bed4a927529d1ff2967be8edb0,0
3945,235ff455c86c45bfec3b07ae10fe5174c355c1c9970697967fb78b4d10810497,0
3946,3816aa4ea3a8325c0bcef3f99f0ff332bf4ffdf2a8d306cd1afe5ce6c6464917,0
3947,9b980617783e804325b8ae3ea53d9af1b477bf62964b6fd9c601cbee1514d562,0
3948,a7ef0972a5200251f279b11fc62459d3e78081a93e14e6c4cf96f33452a06b09,0
3949,c18843181f12d7a46dcc584d86cb0bdc76521dd8f276291a4b862189e1272680,0
3950,3440c8d031a39df84df48dc624e517a6bad3fb6fa982689a5ae86d9456bbc901,0
3951,e9b06a884a71a26ab35d8006ebac1ccd860de6fa14fe6c5392ee8aa932dc3f78,0
3952,6954181ed98dadb3cc782b3a840eb91205939e08a2ddac947382871d4f787f0c,0
3953,a30a030dff88fd26edc6c9ca7779ee8d76f44d532b056f96f79a1a5390a08f4d,0
3954,dfd4486273142c6a90915dfc2c3f129ec690471e2fe11158b15a8157890c3bef,0
3955,128f9ae6818e000bcae2f513e31622b35ff055aa54e4c81231942758c844b2e0,0
3956,b4c4970948eee52479858de9292ab2c7ef2aee495febb1832261c3711693ac8d,0
3957,f609d3de534949bd18058133cf185c4aeb771b3f3a856eb4efa1ef47cb49934b,0
3958,278f954f86a49397803090e98135ed7ec55a094829b52860180d6d9eaa2cac38,0
3959,cd662540057f1d06292e77c3576628a8eb2a57ae4b0ce27447e007379c99702a,0
3960,3a2c9c349ffd6d200eb64be00398e61c3e86b3ff77c6e5e5d383cfa4ef2f219d,0
3961,7b3c97532c71ac45957d4c3a477971350248a03ef5b414a4f849a76d4023b9cf,0
3962,e5ececf83473ac327789c7e1188d8302bc975335367131cfe8c160fbd327191d,0
3963,6ade6c57695022e1cc8ed85b6752bdfb89731398d6316b92989f12f9bc5ebfb6,0
3964,6563d3ef74ce9b423ac36b09626659021a6293a4ea298406fd0bcb5b22888c70,0
3965,fb8f62574fef5436d9d9b0aa889ec7d3b585980a24355a0e5f1eb980e4bb0b28,0
3966,d22bb7792c40d52adc1601b268686d7ad1fe79f4983dec43f970d9f9464c79f0,0
3967,cf09150ebb78703a6da884f44c1c709041e4818436602fa54f2cef1afec6c13d,0
3968,77b638aab2f76345f18b372d35b8606fd5c1e93919c9d900125d0c0e040ef4e3,0
3969,3c8f25242af2c721703166f07a3bbfa7c8426f23ace2b181edde3f7e9c9706de,0
3970,4518604def3e2c4b397dcfce2dfc9855f98083ad21f6195c3f6096cdb6cd9476,0
3971,9f5c9977167c25b23fac873d485649707d749c967795ae0380e7e0e273e8f29c,0
3972,c60722c919f451eebf83f394410b9475589c556f449e36b41ee8ebcd8a2f0a34,0
3973,a7a46af9c7ad14857fbe11338d886a2b8f65e544e1adf1a9deafb286099178bf,0
3974,e1ceb1e18194b7b30bfbaaf7eac56466a884ae422dd201c00c451cff45b2243b,0
3975,719f2e105fab7218c1eff280af11bde03554de614b3c5b7966b6a8561d041523,0
3976,b289b0a21390188937fce8570812dcda5fc49a12322ae616ca02c270345c0e9b,0
3977,c16a95aba1264c89f68f0f9db635bb5e6cc5b903172e8f092eec70e20cae7629,0
3978,ac97a3afdd50ba12fe9caef43e9d3c3b7e91c19d4e757181bb060d4e451eb843,0
3979,6fd7039523ff688a800f3a5820b18e8930ea040dc1eb4eec401117cd15f8c892,0
3980,6a560e444c4da475f7627b76d957778601920ce2b8d2d8cdea9475b6dc36e45e,0
3981,95f999a45aed58f6f676d29ba394c96cec7a65699421bd9c7cbe388e34db35cc,0
3982,19b0f794be7fefa0bf1f224dcc67f17bcb2b84616379a64d14666235737eb328,0
3983,39b7989a8eba77635ea422c7d3041f389c3f11f313e9463666d94f2d1e0bda47,0
3984,eb32d8421154048327d7b4dfdb33dcf8474c8033d114599234f4332ef0106ea4,0
3985,c63445a140f327826d6c9d60998542655c8395589f45b0fba2df950c7dc59b46,0
3986,fc1a78cbf02a3a95f5f702c0e4644406142ebca8f056566a95a38454c94932d4,0
3987,7bdba6b3cbfc90d0a9bd54b7317f74251f51212460756199c9006e93c7159282,0
3988,e3b9e68961a7f07636d22675d1f52b5ff609d5a2a53e9da6a7f133bdf698cf2f,1
3989,1846ec664b5a819a6bd7ef15dc9da16dc5b97c90c489aea94bdb6a1e5596718e,0
3990,3f84ed13ee0c1a76e137c7da286d8d5c1b9a5215cf35a809fd170e7a8d10fe81,0
3991,9c5deab24d972974a45a24ad319b27883e29952fbadef511bdef718d4b1120a6,0
3992,2d2310f8ca9226601bca6ff17daefac3f120178e7fc5e13b1aec33fa2cafdc27,0
3993,e2c7ed52bff90a8bdd349f9285fb7283f5d6852546753a00e3640988bdef2b83,0
3994,34251f01f76ba123b4597a01fa59111d032edcc3e5b92c773c8b2a443f243e11,0
3995,0af3e1ce6a65b75232d93eec4d78b6a5096c67870f4dfdc5aa5d2ed1a3275ca8,0
3996,e7bfc5f88894368db9bc025e54ab68c2aeb97cf95b35b289d4f03be5c4918900,0
3997,600ce55a5985672265ef6843edef18b540af8ba95f70b3d702753bae5dedfec1,0
3998,d14d50b0b692cced51dc84118e7a283771a4a116a46b0d1f0a9fe595900f2022,0
3999,2879df62c55f576774a0f394f34a938c019fa62c7fba102093fc4e6b8a3b9dac,0
4000,df4b61ff8359ede34504e52eed090463183945efc37a910e4b57a6f0c9a7b31e,0
4001,ec404cb46cb753eb4434540d809c4b21343a4550680c36b5ae35d7091a29fec8,0
4002,26df3d2d924c74e929bb0e7661f17585b4f19e7899c69c8f8da373202b4522bb,0
4003,9ed4ace5769c2e3ff21516fd8339e8f2e6c8fd758ce2dbb2725ff62a42b086c3,0
4004,1d757da903399859840587b09edb23d2ad80939fb626e1a949a215c2206aca85,0
4005,871b9e8703d10eb77bced0085f17da99660b6d78e2cf18e1b98b45b58390e8a5,0
4006,e85997aabe2c8a4421a673dc32230645bdb1c1272a32313ea8c4d6e058beabfc,0
4007,3dc50eca6f9438afc28fd2e82c0e74b2dea5990eea177fabd22daa5fb15a09ce,0
4008,47c0dcd88f972e66440d580e5e96abc64f87941a05910b169b16e7b05c5a5d2f,0
4009,a1172bc6968e336a36b4f8c3d404d6e2bf280c59f3347a3e7aaf4996ec62621b,0
4010,685a47fe0266ccefe6a8a41a4871ce637d3cb73f9d767d0f278e81ebebc4e1de,0
4011,a7dae6b0b85100db55e410992bb6e50aef9d446efc81a2c1d91ef2f04d781b2b,0
4012,2cb1486b54273ecc41ea383e1dbbd0e92d924d985bfa3f15ca49e14b009c26a6,0
4013,b3c15f6a343d0c2cafe84b98721a95c5423bd01b55206f016962c419f128a8af,0
4014,f9647d55aaa2381c8100cf9e3241323d451bbc8307e0f194530ad253fb5b8f1e,0
4015,693a10e46dc925e58e2e30da2ca0d80dd356421eb6c060b695196d5d6e0011fa,0
4016,8fe8c46614ce877c4c2ba57e445dd13397806d41fc7b477be7572b62fa5f85d2,0
4017,886b54fd8653663af6e978c72941888df5d5d31a05899d29bc9d18a078778b20,0
4018,701bfb5afb6c94cc20d700f535cb7a75330d9487528e97a8930fbffdfc0e16b8,0
4019,c0eaff63a1a897d84a75cf1df420785ebc6e2d083475a7df75028f8b93b79998,0
4020,02cb3359d817234e38dbb3240671bcdd846966fb959c7ff79a1705ef42e62c5b,0
4021,8420a97a26e378f44311eeba2543edd1778fd4d8d2c3a12d0a07a10fc2380ede,0
4022,598ff37d90acdfffc49b160b89b968272f831e86353a1d84068e86b166d704c5,0
4023,0173b8939a929e8b3ec8bf1f1faf4f160890fc0a15c7dc669d67b9b46bca8fbe,0
4024,37b812fdd4cbd1244f325fa1ce462327166f54b7c405b236dd1f0f10105ace38,0
4025,3d635ebbe5d3d9d6f2261c51360f2dfb653c76d372fa811917f5b9ba7ad734f8,0
4026,c83d5775d0bc85edf963e60cc562b22e494cba9d0d474e47f3e0457f11da8e18,0
4027,0d3f585d2d3baf433e591ee6158c9263a3653ede6940ea8345e6811d5ca750f1,0
4028,0afbfb652381b88db526b1b61ec40a84c0488432f79c4e87d9b1e0279457aa08,0
4029,709b10f532844e3911f5c9be8cbc2e74b81372d2fd7946e064153284d72206b7,0
4030,651ccef69dbafae539799692ad43e5ff11498c4513135b6ca7dd6fdd860f3138,0
4031,cb9f4dbfcede87ae0540b4c9102fca54653575fecd9b5094b24f4e56d795c0fd,0
4032,7a780facc3736f975c116845c2852eb5dc2b15e066f6d6da4b9dd1763818917c,0
4033,930a32fbf230f3c945bcfd8ae080e023701c59d1a81a262a1ced1fca5d3a500a,0
4034,4374a4b8ac3187e9c4193b8ca5ded23b3c8b6418176917fd76ac340682dfb4af,0
4035,197cef6514399e8aeb1caf56d40822d1f7075fe662ed6f38560251e28dc4680b,0
4036,aa3ad0b056fc0da9b8237f08e8c1991af2260a5820e1a9049d5be29783478fdf,0
4037,077f44876bf8fa99142065734ab244825b8496827a280130c0886779ddf4675e,0
4038,16f391ddfaab96aa3f83aa22b8bee82f1e828bab629e845cebbd84348ed0dba0,0
4039,8bd5c8eac57f2c10051792a7dab7ca9b8baa1fa6ce8113901b2d348d07dec81a,0
4040,97cfa3607b1ff98a37ba4b10abf79c073ffb1b8cc007066ed7607acd6f93057b,0
4041,8e8aec72fd9059cafd653311bdbc6a348698f26da6386ad8f5c75af93154e4b1,0
4042,4fc3175d24f28c94903d3e317d60dc54b40d88b69b41bd8ff948c12f6f67db23,0
4043,c241ccc2a0ab49d4d575268a1de7cb229eb4d0230a312f60ad9d01b234954a6b,0
4044,b874354eab485cb05db1c5456b20b793c9ee7eaed021debb90d94203616aea54,0
4045,d2f3a1ad0b32aa5843362728dfb70aaf7645238b1ce384faac2338616df09ec0,0
4046,6931101299881d3b28d6392e8c95a1535efb4bd7dff9905ff03792374b70f8b5,0
4047,cb0e985e55fff7211083a5c0a7023a55d3695d57b5d1a35910bdbcfdd316cdec,0
4048,675ba132b4efc74a61fed0375d873280d18ce756df0b7d30a3b2681e45ba29c1,0
4049,b6058ab9e63127fa3d5326fcc4d1e4c8e406d9f2aa5b53f7cb8f8742c057d937,0
4050,5b9c712d11b55c7d132256299cba054e93eac9fb0f43f3de656ce61ca3f7d77c,0
4051,180c92a6d837154936304cd1d2f2f7199a0025ff99a39d56127f9e902d71878f,0
4052,f80e5c33fecc919ef939d9a3bf3dc43adbbebc38df5d290b35e1016c3435b3de,0
4053,beed5d4c7cea1ff8fb8979a4b6ee807fcedf90840fdeb29eb6922af66111181d,0
4054,1e19d654e6b9f29ba79131cd8e0e6f0e868eb1051daa1952ca2d6bff40e37d2d,0
4055,59228f59968cf81f2c64ad0d5b3c6d86e41788b0a6256847810b3370f6993979,0
4056,8d42925454fca8ef5ed67ca4afd566b1ac320f0e6831e5691de2b35b16630434,0
4057,10e6b9cb27471435038d4e2ee85a90c817a9885559f0fd88281c8662e954a3cf,0
4058,e27636f775e88f4ea0f8ceae7ccbc17e9abf34d08db31086a34d82500ee4f2bc,0
4059,30f897c7b97806107a478438e77e2694972dff32aecad7e660d4186e9b1d07fd,0
4060,2dd66987cfbc7ced87cf428730610b89f417f8f8455550a58571679dd47e420b,0
4061,95998e908fd0ed47a20fda22f1b2f75b28bc6812b0bb23ae88cb73c1ff019070,0
4062,95b3a5170dbd9bf939a3f6cb3bb979a5043794158d667515e6a7833e7e2e9bfa,0
4063,fc0bbb09630689d861e951fc24e0254cb21d59940b5061daf34fb6690026d199,0
4064,bb5d659fcb4a9211aec86325dca5cb0efd42e530081f6b40906028178bf37ccc,0
4065,a9d44c668df174d177fe4100668d4af8e579d3f49d87e6685a6e89f81ee47b69,0
4066,7dd61b71ed753a92c82a1c8f1c09062b671e7fcfdba13d2ccf1d50d7e9f6d908,0
4067,9ede1050b78a3d2f3ad0f517d4c400fbaf91fe9ae9aa00094fad6157eaea3e9d,0
4068,e4081659486102e73c674970f598f70f3425bfd214935f589b51ec2b4622efb3,0
4069,f80c7aa49a593832ee1a27d3ac502d339a3cf4c4dbc3d6a1574628546b9128c1,0
4070,d83c6d109c9cc144143d203e4b8e9ad4dfb4cdf5a53d0cfa91021a90580d786b,0
4071,87c63e136304ae4567ad468447944d920388460bccaeed0c34b3f87953097607,0
4072,d5d3ffd468913790e6a97f4d167b313be01b29950e85cdc9e294bc74a3909656,1
4073,8b6b5ffd5fb40611f473ee80c5f45f68a23c2836afdbc664e92225a94f596cef,0
4074,e00d578a85d81fd0a6124177037f2c477bd1a2103b66e86ace04ef5e2acbdbe9,0
4075,a73827d43cd226f463c0226e9132806161c0cc075ff09a3607fdffe503ea06b5,0
4076,0f4c3ed0e56977ab74090bd34da04cb4d82ccbd260fd346aa3868c4798105f70,1
4077,c1d81547f108295d0eaeaf650cad185e452836de65871ac1fc71fecc2fafbcd7,0
4078,e40092d46062fd60555debe435106e8956612be61e1a9ead88ed96cfeb2903aa,0
4079,02f25a002ed57b6d4c4e6ceb03c3f8c1c0f2fb2a917eb1a5f9ecda07dadad4df,0
4080,43c502f1cdc854e964029f3eb52cf19715e129b0caeab79395215ac38f79e346,0
4081,40b89308e48383ca587f179a46de2c13b85ddd3ab16dcd16d1068c2dee882316,0
4082,7e1073d3b287dbdbbd9268188f1e31a3e7e33542fbcb4af6961144f599fdc888,0
4083,d869a29de826b4bbffe77c3be028b83551468c21acfba67b247c0d3bec5095ad,0
4084,226a012c18292a1ed56ed41b7880fee9c51e4cd44b02ffc15280c82666e724ab,1
4085,3f88fec0920331f8e031683dec48f16ac454a46f836bbb47d8fd29948504d68c,0
4086,16345b0245840b4c141c209c40fe92b76df4b581f9a70723aca09cde5c90064b,0
4087,0d1319d050bbdb1aa2dfb54dca6f7495658399def1f17cfeceb062193e1c7fea,0
4088,faca1ca0fd1057a65b3445463d59f69aac8bc7b41f64cf148bb8dd0bc3c70da1,0
4089,250c37d7a4efbc366e299815a14c913d8917e683cf34ef552052f5368d5afe7d,1
4090,89931465de9644a5f31daad7af2f01c8746c51667184765e6016359407aa5129,0
4091,21a4ce861e8176f2dc47acfbee61d0159aafd7de620389ce2ceae47f9ee26719,0
4092,e0fdc3ef1cf7c40b0c42557ba52cb0ae38c42524ace187d90541a17d8949a229,1
4093,6564be146d56a2de4aebc44f43227289185c782943378778c3242c9250106674,0
4094,427997fa5764c351d1694bf2f103b1d25e198704196b75ff7f64ef6b86fc15db,0
4095,b1dc203db1961b09952a3417c4da76cad97d850eb94ab5797482ac1e4ad00f7a,0
4096,465fc13dd4004e688cc121b63f5a61bf6177c54005feb908e0caf36ce966cfa2,0
4097,57cecf650e8c22effc4df44a6f1a0c57b180bccae103585ab885cec64b95748c,1
4098,32554e872b88ba8134900aab9858abb445e7cbef219f7ae63cd1fa2080a46e8d,0
4099,e16bae08da3d8c662728a9dceb0481c0ea88e7684d7794a1a39f24fe5fe34d01,0
4100,2e0bc140c01405a0e6d8d951889bb461ad443b791bf9d0a012333b19a287f184,0
4101,c57ab0fce9a92e49d67418a2bd60fc0698052c88bb0dda49e75ab0a911fb3eb2,0
4102,57f12ccbe5c8df53d32d04aacaa850cfb60be117770113aae002c73db4e64ffb,0
4103,ef914847f606c92e6186c5373571ead3ceaa5204fa6aa10b031b01de505afb97,0
4104,c51a9f653d46f3a63c3afd0f514500d3bba0c3eb151e265d25e75fc323a6655a,0
4105,fb310136a7098f9dcab96f72b4c211e16367f821b643b6a3ad990ee60ad60ff2,0
4106,a07f4915a5d5130498b58e5cbfaf2c377eb84207c8fd2099b52b11cb30d011e5,0
4107,bbf9a6ac6fd8679ce231ad1dd45446b1708b3c640f5ae120dea66dc54fe4cea3,0
4108,1ebc517d352a8cefa4c9a794e7d6baa435b11a7f65bd8b762082e82515d2c5d9,0
4109,40b9b68a4a95bdd2a63ce288c52d1ba4a565c12cf5f2fb3e37b027b72d38c97e,0
4110,c0535ab85b187994d408f291189eb69771ccdc18a47d46551b05b148d60a7f90,0
4111,2bd33447a424509d0948458b9fe2e9825f966578c3f944d8bf5ef31b8008bc43,0
4112,d234070dad42a623352ef06cdcc7c9f5275da8a066f15807fb6b63648a4eade3,0
4113,ee476ecaca9b4987ae542301ffe1ed9474e123a817e85ab760526fc9fe51eae5,0
4114,9de3ad6da70c42291bf34191baeb19113f1d42dfade25a04f1755c8475a98b10,0
4115,235f330b0c25f5f6e45e44aec1d11793eb5c724e586c6e5392f5e182bf477b5d,0
4116,614685bd03cab61aead3b2a0d91081977065fe9c7c5d23e6a2344a1664c0df17,0
4117,16ef19b4ca6fb0150509af0fa3b18690fe375b757239c5cd46bef8a05d984c3b,0
4118,723be1e2836520c1983b7a1228cd8b67e3af8776968235b38c80458714409e5e,0
4119,2ad37947f8d16eb04e575c5a4a8360ef87e2278867a2855fa01c89f4b8cb957d,0
4120,9fa44b3f4de9e983c8f9094ceaa2db64de9d1b610e4437c070dcb1c5dd3343e1,0
4121,f4e8de3ad4668e80c25058cbe5de250c2b801aea562e87466037ae997f372ee5,0
4122,a9ec8ca2bcc95e0bc55a9e1eb7a4ae0cd5aa42861dc792f84ef5b3d5ed52a29f,0
4123,a364e86a9358a61ee1e4d45e3ac8d5051a6bee3e8539af251b3956e7e2018a57,0
4124,d06533da1c86ba24dc730a70ec09c6a0ff73a7eeb76b81a765876a0c997605a8,0
4125,71b76402bbfd235930e50fa4ccfefd49ab9e67b1a530f2cede93f3d6a5e13c3c,0
4126,698eb3b8e19f6f62190dd722a545ee0313f8c1b9d3b80a6ae9427269e9cfd0e9,0
4127,f7ce3177bd26b6a8e1c834b2b8e51d4ed87bb517ceb9819b05a345f4ded77757,0
4128,d91acc23980a623e933daa0085a9857ebdbf73a04aa76fcd0bcd32f565e23c7e,0
4129,38724eed3e3bd79bf504ccbcc5b34ae695aa78d0e940e8f4dd92ecf00e9f8b9c,1
4130,83bf2fa3ca7d1040f2f3750e94dbc7fe7d953cc0bc24bc850d511ee6963f5ffb,0
4131,130a32066b203f6bb855ee967246095e645732743aa35f837d46eaa3081046de,0
4132,b5f84d85ee8cdddcef12a91fa63e4015caa81e91b5e57a7473b7934336d3c827,0
4133,a65290efd8feb6d15bce9cbab819c1e3931506e8b71a068d22cb6b78f1e501ee,0
4134,7b3bec1e12a59a45eb49b603bdf3625d566787a338c97aaffa5b379c6fac891e,0
4135,ee05d24e0a90edcee571e761379787484eb49bd934ad66da5d3ea07f254c6522,0
4136,fd67f7d96b7f3539c71f11a6085c647215cbaf9f896ccf7a43c07915e80668c8,0
4137,a78dc96957da87e5e7c19e8fea8cadf0441199f0ae29fe6e5ce8fc1efe6e70e8,0
4138,562da487e9d200881098303d71baa9392b8d47186e5d70b3a5984d86a4338b96,0
4139,dd1c2780de879b4b9b7c0fa87a934b5446a41c77572b4366c5b89a2f70c3990a,0
4140,2fdd14ed0873f4207fc513205aa023bfa4283b7ee7eab5845618a1d98c4e705d,0
4141,0e2301df613edaab9b4b06c5ca27dc48804c0de9929f6b27678c2ce06f59ad39,0
4142,ab2a2650ba7e42b31c8b0933287318de03c40463680588103605b9534065e07e,0
4143,287b7f93744ecc68107d3ec8426b1dff32a0fa3211cfccee0d2c93421c8f9ddc,0
4144,68131a24f365fffa9de701980e364e32d67c65ff7bbe45790381542bffb98524,0
4145,759d50ebe81e445c7a268c588c3ddac7cc6975b2135f44efb9df52aec6a4dd55,0
4146,227e488f5ea2899009ca8c749f0f7fcfd8f6e1a784b33e3d4e9ededdc1236b5c,0
4147,0f86079977d6579a33f12643ae3c31c695b2d25cf75eedc76ea691cc3c893f72,0
4148,2413f31749958c99e76d3af5815b20696a3e8dad82bd6a4cd029879653b03e4d,0
4149,585bd48a3dad650857e2abcfee6a9f636d90af510eaeb798e8f0124fef6e3cbc,0
4150,5aa45e8aa87a1d4cfc5b2f8d5b80739f03a755745f13124aa6e3ae3c1005801f,0
4151,38e1b79e47b2df61a74cf08cdac45b55503647b61dad9dfdf0c8a7f88afa427b,0
4152,ae39417f10632aea48328431b473233ec2e29e630479b0b34ebd58a450d3a9c7,0
4153,321aaf5e500fcab1aa6d296359bacad66feb7f0c92f0d7b25a58ba17bab137a9,0
4154,c247becc5c122d757c5b6ed61e1363ce177473d9ac82f1a061f39d131bf58922,0
4155,ac5ceecdc86a5f751f5e3f599159f0e127200e65059461e5449a9c44ab4aacef,0
4156,eaaad355b77630048a612808a3020d01ddc9ea20e39ddb28f8d8a808d28dd62c,0
4157,d9fddbaff0a3db1ced8a23b0a4ade095d8cfb119cd0c75b193d4ea05055a5357,0
4158,e89b5be857fe508768a607b38cfe37b07b866dcb2750cde53d5adae869eab01d,0
4159,267c5a7b121f81690662fe0b405de5ba884b5b157ed858b69368212e38477fb5,0
4160,90ef4df328c1bfd6af802d5ddbc3568703f4289dd17e187192b3c09d5d331edd,0
4161,84785b2e052cb1ace48c84ea1d095bf72435515a9abd5e22007227c6a17d5dbe,0
4162,1b6dc95ef852b44ae52c12153337a946d613c84b795ffac6fa91d48d78b9ada2,0
4163,07ae98ec6c5f9e338cc297ad27dd583884b537a34731647cba215fd23b98ad22,0
4164,466f6e6aa6d4cf041918e9d587c80ed54f05b6b990e88a8075fd89c00c0f5481,0
4165,3f5816fb26fd8393cf39a2408db7a281bc9b68131eb5ef54afa145a7355f5b89,0
4166,19acea467b4fdbde135342caca1a3bf515694f492c5b995505d75366b41c7105,0
4167,ff3263100f814b5d57fecfee56925666884c73be0b89b3e7ff36b4d0d6db6811,0
4168,1ad82a83666dcb04a2ada3e3bf51a59552339583939026bc6395da403503e914,0
4169,9b1ae6117f7ef78d0bb3440449efd0c5fe3fcb13f20474c8c293a432057e9443,0
4170,d97c93365bc793479f4dd0bccd951b42deb56cc17342cd4aa12d3c1186a6157e,0
4171,9fc45dee0e79688cd5f53b4d56d92f0ef7d7e60e52c020762910ac4a715df25b,0
4172,faebee752f33bd5b221003909383fc70dc83582fe2a69e06fe92c86226052276,0
4173,d47fe63770738b57f069c665e84bdaccd1a111bb63afb12a87ae31fe8393b398,0
4174,8194d7f21fdd593f0b1eefe6c9257b6416fc975af3e8523ac6e31b05963bf682,0
4175,6ffd370bd0bdfa4d47e5ebeff7b98f5630c39d83e4eecb21241c611ab03dcba3,0
4176,f084cd37ced69b4a4a06340375fcabca522ff00531a6071c93cf052951e68030,0
4177,dcc1f1d98d167a3b8ddf31098e3327e85ff7e1c12474018d55f89f9ea060e4e9,0
4178,ec1efe615faab23968aeaebc2a28f7be871a7d04fb186e4eb63e0824e973c2b5,0
4179,f86e0fb2e4495ac2f4ae74bedbb051d78fe22b2280559d00b054c30e0cd9838f,0
4180,b0600d131dbc80b050a67509faa228d5285c20d614c812427258bac0efaad58e,0
4181,af23da906e34a823a3efd9e01e4b5698efc84841e959c112a1d756300faeb8f0,0
4182,ee55fbec559ab7ad922674c85cd084738790a8a3ada97920ba91edf8b05e149b,0
4183,bcfa617f1422915363d2d1379ad1fe2093289f9a42d1ba7e825aa55924c5c008,0
4184,ff5803a01fc08fec2357bc85d71414130ff5a105c55b92a3c3210e90757e22bc,0
4185,55095541fddc0b25d856fc5e48bf139c21a83d6fa863621eeb6db92edcef768e,0
4186,5f50f583c7725683b0433b0ac02b7afc97bd30d3e671e41df0eb92456069d1ec,0
4187,cf7f176de7eea1a8cb8d5934868b9bd4b311fcba090be8f2580437ad99497baf,0
4188,deb074c6769fc1dac656cef3e032c881771fc9086dcb5278fcfad09618328e9a,0
4189,0662e316b3d8b8ca772c06e6305b32e6a6fff25941aaa9bb09221fb87e06f642,0
4190,25720d4a0a6bd24eee594b2999a54c6b92b785cc965cc0bd3be3f037e8636a74,0
4191,e00bad1f2b62f8a2248fd4f56cfe47aff8fdd49ce172c7388b48d1df8f471cb1,0
4192,5ba1eb95c66d8a2cfc90be13f8c26e546aade8b1181c0000fddb75beb0754965,0
4193,94296db107c95724608d3f182bf7d564803bc740c103b757d9362d059fea5357,0
4194,33dc96583ad9f502ba6bd6a8b5d61f4a9eb77bf416d48883dfdd8d6c6e168271,0
4195,7b2509bd7bb491a118a20ccd0b1a5862a754bf1533dcc15528cbd3f3b86c22a7,0
4196,ac98a4c9cb0f5627833d4987bfa7290315c47764d270041e0c9e6a103f8922e1,0
4197,68d034e2d11608f8637f0ce4ba829201353b150849bc535ec497908b799d325f,0
4198,5b8f45868e67e11e9e71c150e4a8bf6555ffcc9f9c32bf59c15ee12aa53af35b,0
4199,72c545de6aff9bd6c2dd941d46c8305ace08e93d981982fcc4eded2af75cb505,0
4200,b6dcbcfe2fb30d9301e29408878c0f340a2bdd989c76ae1ecbb012b29f995fe7,0
4201,b0f860bb012afcc076135c0ea83c7970fe129fb678b830a28cd5c3567988d946,0
4202,bbdea5c8f05ad16c3e3dbcecdda4a07bb7c7a14cd43d296bdf10e7249a619525,0
4203,318e639bd0658566797e27060ac597d86d2e188cade1671c6dd8cb46890be4fd,0
4204,291d4f6794fb367986e9dc222eee038ff9abf60e4fe8f7b527f9e689edab3fed,0
4205,eaa95d91754339f08c79ca678afa1d1dd059404157fddbe305e405ba5b083b9f,0
4206,2398f57d2b43b89bc7e22468181d28891a2ca73e1dacee64f91a47442aef6551,0
4207,bbe17385be3d517467754cb10e34132a0975163a4e51a57d93a278fe15418425,0
4208,6b14ab7d37ec929efc41445a4b3b75156d21392460193c73ceee95f26e9bb513,0
4209,fb92760b0e1e411e1854f2d90fb2d00a3e5ddcd4538da71afd83f1227825fc53,0
4210,84452a6b5f597ad68ab5345c978e117e33721a27358116e5d037b0ad7aa64df2,0
4211,2f0285c505943b199f7701916a6b425fa3ea5a3bfd1e09230d7b6a4e5f60e971,0
4212,046ecd17948ab51e0314d948f2502429fce009e3dfc42209c89aee98df8fba36,0
4213,c0ed72591af4c487fa2c1c2916a2be710f9db48796229b0c9a769ad48037ad8d,0
4214,1d06b70adaca4c7030d3f7730dec88bdd6f8cbcc68eedd903da9510246142666,0
4215,74d0a92a9077b4d1f3cd98ffa043fc411ab608e2e61fd007a614287ac7cc59f1,0
4216,7a6e8a5aa616e23d4df05228dcea8e033c2bc5451b477fbe46c4ae25e8656bd3,0
4217,743bcde122e3e308a51f2045273c1a169c32f792f828dbb9a2576ab2d92bdc60,0
4218,098e47f0cad523e8631cf937e26a160e0f41b50de5c3305d2ea2c2115d9eea15,0
4219,44fb0deef59d2a22fa4cc89e1737139e171767c1da81de93e5b0af98dce8cfc3,0
4220,5ad30f19d6b1607d13347ea5ad37ddcc53bebd64218f5d7b5acaf7700e16c53b,0
4221,5dded2c77c637064d49d908ccb8fe0a7c9878a9343ec511257850050b7ca09bc,0
4222,982e7022494835d7bfb547407f81057deeb28ba899894e7f4d6576866fbbe7fa,0
4223,b1c27399f4cdd7d0e21b4b2159c3ea0e47870d6f40984d3e34a70a89da608676,0
4224,22eb9ebb1256f54bd3622fef82f616e01af9939862082665b12a1ede523885be,0
4225,6c6a65968ae33c6f17b865946de05325e46839c4ed150960cc72fe2f0628b22d,0
4226,d1853f4b8138d34e370a6d4d2ef27a61cb9cc4490a1e7dbc22e81f823bb603be,0
4227,36cf186af8efb8b2a61d0c47b7ce4cc74957e9fa361c1deba28f2944ce89ac74,0
4228,b561c1bd6d1e24936f6924a27dc96d96db629a8bd3b1a39c73efd77146084677,0
4229,25f846c7841bd5dd093b9a552b7698d4e1bd9cdd0bd2740fe717f76d52d46c5f,0
4230,113ab5c497e364b89723537547f8285e72c92a706cc48d4f78006b8c68469966,0
4231,e9a5096f3c12cbbd058440780506a66f8e2b21bd24b510805d35116ae1b9adcc,0
4232,16100b177262d20b2e1286f9698437261461b8b9d8c973fd3512a1a79c9e18ea,0
4233,880df8fec813bf210be431051bf2937118e79e3eb37e1d79188023b3c5595df7,0
4234,0d8794b55537f6079198e5239a202b7179873f09609e88436e4b5edae9681894,0
4235,1925cab3ceb566379211628c6845953be71352a4f69229c2672abb612a716199,0
4236,085b8cf140513ed8b3ec7b89e59c119db91f0a0f402031e8067a293575384378,0
4237,6ff047d074702963b4e4cf7ac40ce255df292ccfc5eb39eea05bab61e433980b,0
4238,616922674fc532f2299915729db99c2ffef673b4c712b2d3b48d1de543eb3f7d,0
4239,b6607d8f107f52a1da946a0dad26f05b16534797637da941b090e64a269ba6a9,0
4240,a0f927954516505cf7b1b6f9cfd83d49171087478e5b565290d64da98537c6db,0
4241,8da3d871087e3f6b551a3588cf70e58025d4cd6f055da2aea8b1705c5e4791b9,0
4242,fc3de4e72317d43f769f3293fa7321296fc0e716095f9acd1c9b7a5ee116b148,0
4243,f2ab9df035bf00bfb06ed887fd295ce01f965b040996b6c1b93c0c2560509993,0
4244,e5a8be05f5439ec4558506319d3eb5da6ea43cce4e3a029d7b10bf2d675522c5,0
4245,317f4214e5aeab34d6e11fd66055b3ecdd535f9d53669bb5bcbc525a19929fb6,0
4246,a2c1d73b4805de9b6eba8c0a8dae004a8f77eeb1999f78fb59a9684baaad1622,0
4247,e1a2aaf4c606584e2c3c5ce8fd56f06b8fe5d36345825740c5b783b8ab825a72,0
4248,9d331f1d684e74b25fa980768647a5c19702eabbaf878d44420a5fd938fea73b,0
4249,323f15a9ea0affff1fcd23f8d1f67a38185bf6f598b571f3cd5a68e3bc3aca8e,0
4250,ea6d2dd66f907633cc650b69ac14a475758f1b1e9a45f51eaa859038314e6413,0
4251,e5533f32175e0083971bc56503ee222a743cde77d7d4ab701472685a96c6646a,0
4252,ad87036fc4b9d7044cbd93e88aba9adf9ba623651fd416a5c2cb0e8f9558cc8d,0
4253,6f236a92f4cc2f7ae7f52fefc09d68c243e2c168b0e7917dbcf4f5bb0176c55d,0
4254,af79e1eb2482e959a141712b54a049e3b5fc7ccf009b168f51edb6c455e65cf1,0
4255,788cef97fbc3de2ecc44413fc55025b31da6814d61b440589dac7cb4bf2fdc56,0
4256,bbd6103ff6effe44d1f58f99b1eaa75454ef410dc675be3e0bd991c4f1b4f32b,0
4257,c017931b6d9860704e3307d91b7ba58a26b648460105e0c193b1e019086d73b8,0
4258,aa6876c73df1f02af0dffa7eecdc2c6e57129735e915d0e82b0f5c89f5e2cdad,0
4259,d35965d7d5147f27efa6561010db185a44bcc29c9f02f1a8fecb3fab378a2751,0
4260,5b4dd0c8ea64bbe6490e6ca5ba1b51c67f1ce3084aaff643c456017bbe285357,0
4261,a41737827b313ec8f3e981a29f6bab5475e94b65945741d1cd01a10603c40592,0
4262,84fe32ca5e71ae9bb45c27077e5658c40a7a9ce3042e45423cecaca92e47f1c0,0
4263,10bf4fac2ae403a0114e944179ab5b768859c2eb1fa72e4184543f81e2984183,0
4264,c146bb665a3e627db18a10a1d5c9d33a243000f4114f773cc8c0b838b97b5d05,0
4265,157d73e2ef3b665d19fd7a1189d55241759b3cf7d67377bff9df581d04dc6381,0
4266,229053b610915ed2ef3577478b84462ff3c5385fdbdae0fd4283d6a1429520c3,0
4267,102c4ed9bf91be155ac8fe2de3b093ee3b1142c07bf58acd8d27d9f4a0015b98,0
4268,5b1ebad62ad34644ec41f43499be119ea0f7b24b10b91c9cc7e2fde513f93e9d,0
4269,37a29a06b92aad281ba9cee2b8fcdc8630fd2fb9546fbcc60a8a84fa847709d9,0
4270,780f99a50621f427cb8fdd76198855215b983ffc834e818901acd60d52421210,0
4271,eb55709fbca59603838f19e537ddd959cd014779042ebb4fcc330eb4250cad7a,0
4272,e7072f861146ab6668c11f0276f3a88ddbbdc4429f76fb878ac3f29c4a26b86d,0
4273,cd40dd7270ed4e452602f56f78795351d5ab50354e210aa893836f7e94e3a77a,0
4274,9e54bf33398d671e2e7cadbc5c05f01c654ff219278dc1c6e19c295019192960,0
4275,a5943ad0ecb60c6ea2dda39f3f99b07544a42603959804e03f69c9e82654e226,0
4276,ef7dcfbbef2ae777a76f15791ad9ec35e341ec481b5584ead3e7e412f023eaaa,0
4277,613a514041dc0a86f4a179db0da484e772a63a822b1e841a985fa59253df785d,0
4278,1f1f27448af007128e2bae91739baede003a01deca811508c14bcdc4e25005a1,0
4279,057b8c3c0442fd8170f36bb29f2d479a060be7c8a09704d1c6592cae09d7e0f1,0
4280,c272c123bddc0e906dd32733a7b6b1d912139b9c0b3ce1ba00e0e0eaf44baed0,0
4281,733ffb955d8b7ca7687bee41b92d9407f1538f161091c2b1faac3df02d211c9a,0
4282,0044c2b4b88866cc2a3da8fac0646e850088b178980cc58bf794f4530cf72232,0
4283,9fd3587a5116ce68c34592f6a9f1c3d72f9536dc4edff3644b2bfaaa9cafaef1,0
4284,8147367d9a2c4dbf479e217d7c2d2ad9a3c76b2adde2b8a1f9f20e773e268f4b,0
4285,cb7e0b0e1fb1dbf387500706d39a5444449ef215361492aac9328dbcaea08f1a,0
4286,e72d57c0322c3e0669d5c20a8a8def63d1b02ad66f09a4ceb0094f6a8049a90a,0
4287,f0611e29499ec3ee08adb588c14c060852668f09f8793f8e8e85de375183bf27,0
4288,8a384ecfb3963bcccec96939565092aa2a6c204da4ca57b28f84648407b314c2,0
4289,2fdc5972051dcf6b2de7b08c137055f27d8a0265e03247b731426f035fec8adb,0
4290,28300f5b8484fd242f4880b5caf98a61807e36e61ed9a16ed2cee47fa289a0ae,0
4291,f2ebc3eceb1b3f77021bb2c672f6c9f0891cb9b4a6be0fcb08c50fad45e35d04,0
4292,fbc366412d27e07d54239d2eb9dd20ec26490a9d62f1ec414a765579e1cd7ab0,0
4293,95236afc298901aef972a55f230e9dba1cb70500dcb56519409548e0859a126c,0
4294,aaf6a1d40f3151a1a28258bd5afe81003732bc7a8e90bf5da006cafa4df79cfc,0
4295,82fcbcfd0121a3fe7c5eb34a23c1edd11e7b34352d0d64c513f1b181651bc52a,0
4296,0475f31f74aeb43571691ad862e4218c622ce02f6b0a99b633734b9e0f6837b0,0
4297,7d38c00c7de27255c9c6550df760555a2da6dc8bcb86077cc2ae4568fe0c3e10,0
4298,e8cb13d5d283a437155a2fb18542a0af88aa01c3214a80aeef0aa9c13aa5f1bf,0
4299,942bd0d6290c743d94b1e9fde9dba43a5710b79e2921a1b730ba91b1271e38bd,0
4300,4bd122c6ac414ffeaec33e91b296583035e2ca42a442272fe2287d1c7b133d2f,0
4301,9af875923d71e44ae3d66ae74cd69414f9398d31cf1711c0d8b9b93315c37bd7,0
4302,18fd6702250a38884efbe2034e6fd8a3cfb0b30e1272b01d5e5f925f45569575,0
4303,852052a9fb33d49327ab3485334a773f0830dce23b5a15c807ad9032cb3961e2,0
4304,de9cf4170884891780ed8aa39df96d789fb221fb40c7d41df678cef60e4dbe98,0
4305,f5d0adb72868551f19621ee554e8a6cf95c12fcfe6133261b5467b546efa1890,0
4306,7efac9457346debde63c6e38135e8319ceabd626b22747c851e491c8ec8ff733,0
4307,3287e5c5ea6a742cb081f72623b34e5ff4b9f5e3eb5b46bc428474f960adcbf7,0
4308,1787c5de5997958f7949a03432e2291cccf48a710438dbd8c6cadc5ef16757e1,0
4309,1670bea8efe63220e8a30dff6e05a0c5ac7415d50182d0fe0edbf139a95f4af2,0
4310,552c82e9fbe0f9534ffce57ab1470b9fd48dcc3490c61634c49450c0d657b27b,0
4311,fcafb480783ba66cc1ab6e53ab0e3d4eb9f841bfb84a59de5cc23560a177a095,0
4312,c22ec28f05e818c233e58e38db78c258102414bb93e5cf7246918e522f8bd14d,0
4313,ad2e03052cd2ffb8ea3e497204228ef8170d6969fed96f4c27add72d8801007a,0
4314,e7468bed8630a09e0512ec789f6d44e9c52d53611ad006e2e227c7ff9eca2c62,0
4315,be09928448605aabae67f85c0bb14c5b387a6bad3e50f17df6f6c713b5ff6e92,0
4316,905094c8141675da199e6d54a1a79cecfdcae365dd958e2e34261e26124bb767,0
4317,724f0da0ec345470bc99db708bbaaa14d6ad0fff9674fd618d1057cc4d05541e,0
4318,129673ca566eaad2dbe7dfd5e70d016474f7eef92bbad3cf3b6c2d88d70a0c3d,0
4319,a0f8ce544c74b75f3549d18a4a74bb3cc99eb0e563452607e987a8e98969cce1,0
4320,f308de97d97620dc780b67772a89dd600a71f2b67dd226c65125cc91f5668277,0
4321,03be81efbd837c26dd573ebebb0cd141ff351dcc15c4f02111b15f55daccf94a,0
4322,9b9f6b3fe1bf1447486ab72852c8723e2998b55a1054e66e2bb9bc1da938c12a,0
4323,4085bd7996253d01e6c0c4e00fc5ad5385c295b29dfac6c667276759cc06f745,0
4324,1797884eb47d2f8d8a9bbe35e63f94e374480566c4fc3ed80818cab325c7230b,0
4325,6fa4fd04590b753a59a9bccb2402d767bc68a24d3e920f9b01a22194af08852e,0
4326,9fe9a87488107a249ca24d0de1e5ab26486189962399bd913a9590673e3bd861,0
4327,2124dfd49881fdfd4539c998774e0b8dff2d921e8260b621aec9efc7a89b6b25,0
4328,2f2a97119c33bbe40eea82f0121cb4cc203ddf2bac282c8af85af2f5c268d88d,0
4329,21e3f660a724cf6b3062acccce040cf38f9b96f418421da0ac6f53585fb063d0,0
4330,6455127be1b888492713ed2b831acec4a9a05f7d1eea300d7cf5ef6e5c95af88,0
4331,afb916ff3c323c255d236969a0639352c3e4c0002e128569013dd82c5713697e,0
4332,b5fcfd7e872a16eae5e9eff182c878a70fe65c1160ecf823181a067c7064af71,0
4333,7a51770e4b7cf2470d21c4d763b4928e1f0a7b0773b719bae9036a3c9f110438,0
4334,50040a69438c925521c73d7fb84a73f19b34a32989d6b6c0c4dd55a003a4335a,0
4335,89c76cca0ababb549d5250fbb5959bc4c4570cdecc5127e05a28d9b693ce34a6,0
4336,17e575bbb5a7664696ce70f30861dd745aa7bc378e4aa42ed0590f491351fc79,0
4337,9762f24fa0eecfe8e355719cf2504243fcadc48ab16cab5186c1f742ada3b160,0
4338,85cffd5cd5dfcc79babe7ab417bb5906901f89101df5ca8f0bc97309991ab112,0
4339,6026db44e28574c5dd6a1a24323fea5228271fe15afcabb2463f64c67794c399,0
4340,df18166960d07abc82ce510d3453064d620271d5cd5463355cdebbb76f6aff79,0
4341,29a0932b444abee051e3bd0b4bc4aa27dcd211e48bba43443abc638808ad8fea,0
4342,84dc5b31bf76bb9a28d127a32f9bba7e1d4f53de67e8c342afbd5d835d083ec5,0
4343,27a55a89be062fc312658f1f61392857ebe8a8b3e7602da8ecbe2b2dcba2e4c8,0
4344,2b533dbb5f2d1149fd258fd43acdcd1538d4ca2fa63323595ded023b7b81a33f,0
4345,8b5a3f3554fc877e550b9443c5ca8c66066999e09fa08e050bcb2a6ef85cd65a,1
4346,ab337477c6d0ca8a174fbf288669b3190b85ae23ff964f7709e9205693d5cdf9,0
4347,5e8d0964cfecc3e11000e725526dca44996806ae6d9a42ed6a94aaec5f77ca98,0
4348,ed2b0d4baca5008a52fc4d5802bff058908f4de47e831c5ed08d016a8defb263,0
4349,462e29c2a78dfcd4d57ac0b704c2904bfe06cc1a1c71cc7d0b142d8030613517,0
4350,12d8d764b9477e738faaa08ce09204d27d2317d56fa4212b6a2f45f9909c1b4f,0
4351,50ec5bf62cbd4a2c2b402007ddea15f77fee62b6caf9acaf75bf9977e4683846,0
4352,6c728e805d988461f0e81a3538aa5d5e8cf9fa501939544b6ec39e1f82d54766,0
4353,24465285a5c23f4a9cae88cb65ba89233a26ce60a41636ed938f28c45028767a,0
4354,144eea9eeff8b5b9346e497ff10f19ab99de83dd46adf34ab7a05ede80c9344f,0
4355,a58f5b2481229de299785ad12b4ce2775f72103f8138c6b7d8fc750a4da5de37,0
4356,ad5637d4ef9597ad7c5b2ce9c699e993d0577001239c6649fae11bd7139895e7,0
4357,fab6909e5f6474743df4923901ee15fc13fec6f393b3b2225e35d92af216859d,0
4358,f846f91a2f2ebf7546d36395014f7906d5fac4b449474de8a414d0fb3e623d02,0
4359,1260604b9740f19ab5bf5e6ccda2043a0037d29ff8f6e27e43644e5062f893ef,0
4360,714ee446737ae659dcafb60911839cf13013c17b3a5ffb186398df5fd11541cb,0
4361,8a03d249d4dd1714e4fe5c4dfbdd4fc267072fde29b25f356c972381ad0eaf39,0
4362,eea65010e3e29f3b1fe6914a1d5f6e1cb90a898bb6e626644825fdb7a9f89e04,0
4363,b5ce31a96adbfc5440f40105dfecba6223928794be36e38177d605ccaf0b707c,0
4364,9ea6c3c9089a05c0a5315c4e1cc910588b37061af97f83bd704eb01061bcc3b6,1
4365,03737b744503ff53b7ca24ee9e0bf6b068cf5be32018b21f04d37d502eb2156a,0
4366,a9120cd7251f2c5343901d8edef2fcc7d5d623b79d3d7fcc3fc9473624ddcda0,0
4367,f4a4f4a370768b5f97b4204d10645753e38a8173556704531daaa23bac1b25b9,0
4368,d84246f34269048b8426f81f896eda251b18bb2ffa421fa7900489dcc58ded0e,0
4369,9ccdde8e0d3e0d128e22068e3acfbdda0a2d03cf985696bda08a0add7fa91485,0
4370,ae81306d5316da0e1b7bed962318439ae5996e34de2cb59e6b674e89ef314426,0
4371,663971ecea820486253dbc5e95bcb5d10a83fe096064a47b604803a477114670,0
4372,07fa38946ded30ea0ac23bbb31f93cc32b02f2e4e025d63bc5851c1b23cfd0a8,0
4373,67a94e2b476d36d29a8346877bec255fb278a690944c2bb0fc3587f743af2d43,0
4374,a22fa673e14b67ff0c197efbe5b6e2f413a7770065acd8e826723b2d79954dd6,0
4375,30d563045f406991d7a166b9cb85271e9d56f01116b1d761bf68df142329ae8b,0
4376,aa81aaf8f9394e9c2a882d473d51539fcec3fa9bf8a853c96f65c06876ea0d03,0
4377,325ada5ce92ccb13d32679dbc8a1d3ec74d976095b3a18f0a0242e78310bcbd4,0
4378,0411a673d901ecb29ecb203f876eebf08f1eee1094b4ecba7931e99716503802,0
4379,43a1294d2d9875af7acd2717adeeb5b10a2e77cd5072523dc7b161bcba3bd6ce,0
4380,44187670a3757cd5de8b18c9393e9217f12ae1c485e27f65557d85216a4d3f49,0
4381,0e8f814aa6ca0f963ccec198783baf23bc7216ba07e998b9e27ead1844b932af,0
4382,435fbd94101ab9eb6a2d1ce7ec4486fe28e3f92a4cdf191903ca50ceae605753,0
4383,0d5cf99662db0896d2762a550bb0496d9076bad5d4a6a9d75ecca3fbb86b0c18,0
4384,1414695b1c2707d5375811e4d62658331154b3d768a69530bb3273171b4e0688,0
4385,86f16980ae646747c2510b1a1c36ac45633f3dc63c7f766e8466ff7663946be6,0
4386,850f6da32780dbbe5030865571566649e1e74136b9d425fc05b15d325624d3d7,1
4387,f5de4021cc5f239a917bf5e9120ee56779020741ba5f77f5928ec4b90ca9a970,0
4388,2bbe04292cc4ba6e9ace0eeb76423ae29816616436a4f2bcd723c0f1ae35af8f,0
4389,c3a2ed15d487a3f49de542bc1dbaab61d82bdda8d6de757817a6d6a4de5ecaa9,0
4390,c67232d23aa707f636817ff2e06f60d34109b41f43c58e949d8f74ba1da40a7c,0
4391,940a8ea6fdb6299a21e958e2bfe339cb3417f4b4ca6a92d3d3cd44b41ee27dbb,0
4392,19cc8ddfd1ad8509adbfea0e9a760d47b8cc45da913cab710d5535495edff9c4,1
4393,ee32adf342474ac41df11e409c70d4f5e6469326746ff742aaf2f4976f1c1a53,0
4394,e53b368a9314a64fae135c4410feda957d3721eda60a5b6056a994c2315fc2ff,0
4395,56ed5e8a8606c9ce234173fc4157471272a288a451df64724e2d2ae58a010000,1
4396,8038d81496f0ff507aa18d0fb05b604825ba71970c21d4191ed797c0a26f6486,0
4397,4c4459d99b3c0b949e8f4d2d2eb80e668493c0388d19aad0a705caf2370c23df,0
4398,88cb62511a893b2a6ed68c0894d75cd7dc72c884f045504e921f4ec22b352a1e,0
4399,9e12f32100967f1c2ee553e9ff77ced23fd3dedcf3bf3e3413e7fafa9ac2155f,0
4400,f20ae4e7dda7cc47b935adba5a895b4e09b5d35f457cc1cd5dc6edeb944a4497,0
4401,b104bac3998524f9f24591acf1de011087cba2b84cc37d487ab1b95c11f1d67d,1
4402,117fa29c1b9f696b9ba06984f0d9c2f980b686ac70f1082366d8e913987894e2,0
4403,21813c830885ff76c62c87424c959d9507d4bd63982e1c9c5bb915c7ba59602f,1
4404,bf9fdd96365c29ba15a8079b243af1a5d6c5e854aa6d7a046aaf0e8eda4c6865,0
4405,09aec55d5b9f0f43fdb1b718872e91c7b1f01e91e77f6a300662d7a28c7ccc72,0
4406,5ee42aeea309ee0b4c7f9c93c2c5a9b87c0c7f36ebb51d86da3c30f6f4ba456f,0
4407,f6b914f1a383e2d37491c1f104858a9ea0c63bc4b757622c98dffc5481ca9534,0
4408,3b758a4e1a19197666b68a3c74323ee316726f64ca71d122fac3ed0056003ad3,1
4409,690d70951322eb2c61d9801136afeb9e0af94d44a60e0198901aeaa53443b30c,0
4410,1a26e00ff7bfe4a118095363cf9ab4651eaadf0a67489edb91badcdfad4c4d05,0
4411,d2bbeeb702bf2b522171dea59a5fdbc9da62800f8d50a39d30a64fda9c65e6b2,0
4412,93d06cbb41292393977cfa04d6556427e8aad228194d1b0a7fcdd1334d01616b,1
4413,bd074f29d4ac3687ee5f79c2f6012674482e595c0f6a753bdf366abd45476acf,0
4414,51e3ed3894a9a9178af9469825844d6a2f86a28c3ffc0765a9f026334c00b7c0,0
4415,1a41bcb489d7f5c1279042f5c63ed11be56ebb8ff0b4170e3d169bcd2dcd3dd8,0
4416,c6580a314db7ed669ce8d8cd1764f6f83a41921205fd1f3a3c98eff6670d2886,0
4417,922a2efc118d60bb633bd6e8f8815afb7da60a6a2ea8a293cc35014acb511957,0
4418,0992731338adfceed2a48c03f143ed9a2fe144608b79e5ee4a641b58f7bf5e56,0
4419,f42bd260475fc62c9f6ececbd9f32fb781d3eb32fad6981d14313c5dddf5e765,0
4420,88fb32de7f567b1fecceb12fea511546576f86489f95a9e15419808bfb975ed7,0
4421,7af758c7b47cda4c12576ba00f404a91cc8c6d12233d4f25e77fcb1714413c3a,0
4422,e82d45ccb0a48caa976254301f294c91f3319665abd474ec7b81b1b49dd8fd25,0
4423,9349df3c597f1b9e4fa73e03eb6b9ec866cb12854210e82650b588abd0e67e3c,0
4424,08358c3e53493155c836511f2ccf042c03c8add00def3ac5b609bc95852e34d4,0
4425,82a5fe32b5fa0e6d275191c7556c53e23260f7dc2ce3ede2c5ccf382d5dbf11e,0
4426,cdf371057791fc2599771626ec2e86b3bef8ba639afc332bfc47a127171dd59b,0
4427,00cb390f578d3b1832f144414a26005b1229e8e51bba47f608fbf9ac994c7667,0
4428,81c1c175fd01a19585766a781290e887b88b755abf81e38250ed99d2a244c433,0
4429,7100b9166a225a3a909fe9cd5b1213230a88f97d12b81fc78f8f0b7650254295,0
4430,8227dd41dcd205122e8b378ee721320c1070af7f1c358abb3b27454dda103f1b,0
4431,6f1a4ab722b7a23924bd79f9d11f356b4b7b84f39d7fb2d46d229f1ce43ea24f,0
4432,c5f3f1eeca2a3db5fb5b7ae699c232e9a25ebe46742885567a9864a712a93e13,0
4433,581333c039b60cb863ea71affcb110e6b00f91357dcc94ea51d7cd2f2e8cb509,0
4434,15400b69f4eb2658ca26b38d351381e7800ee2d13073e79d653bb77ea63fa4c3,0
4435,f3fd2f3b23cac94873cc47f3ebd3d47e490ea14759e7967bbb226ba1b251dc30,0
4436,976e5dd45fe0b46d038d438e0b02453c2272767ea635cc065c225a42b448189a,0
4437,d825016fbe95a14071814d6cd36c2a176cccbc840f4092ae88d3091c9380c316,0
4438,c9e1905b4e93be3ead781a2ef61e2f9f23b6cdfed33eaff2b02cc78fe242bca6,0
4439,f3ee4e508348bfe907f4fbbc267378f5ddf2595fce780b4ea72fb29a81a36487,0
4440,71c277695f10ff8b8247523b317fd28203a0c6385ccbbed89b02ef5bf30e9eaa,0
4441,9f8ea7613e78fc0d8745797dc3c8e6dd130218b72974aa73983d8b314013d615,0
4442,41270ca6657c23cc932a2c98da46dbf4d01009e0655d1096268e730b67350985,0
4443,93db36a8ffee66689531ba2bfed322dbb93328611f01ca1b9f97ddc4e9df359c,0
4444,0c180cdb114c1cd6f7c3cfe9844c9f1ad407ded95dd58d7929d79c8e79f903f5,0
4445,9ac2b20b41865b8fa4e0a7abad0b7c64d67a11109b4028b754243c6572f6244b,0
4446,e3392714704ada117fb87dea849d5e47cb77002a9badb4ede9f296f108289323,0
4447,bb5491f79a20577e9ecff2e7d1c608206cf6e35a1231cb89227f513437297d30,0
4448,11fb3b30fa2e114cbfbdf3760723ac32b29245da548ff74f0632ad5b82be4404,0
4449,37f8578f10ae07943e81a2f90af3fe5acbb36b538037cce64977e84e93444f33,0
4450,8fbf1ffc154a09eb37863ac15976924c6a4bb8cbb2c24f9788773b89d855a0c8,0
4451,11e2da00f829a974ed6db488f3d24f6926218a14bc752e96be87a4d1c8d1de67,1
4452,5d93ce750a99520bea4c3c5047a80fff27f40da142415eadd7577a9f5afd1be6,0
4453,4a75cec585ef757a4147503802d67589469f240faa2a8a4c1ead267300c97645,0
4454,e8da4c2865d074448785eabe8364e3e3e0a72fac1773355ca2ffdb9ee3b4fc0b,0
4455,4f6a5917c08f4e9bbc642eb1367e64e3012649d9a2197ff123d7790b76c12597,0
4456,5dfda7da9ef91d2ca68d49f20ccbe955f03bfcdacd3075a6b8f709163ce7af32,0
4457,26d7b96377324f1d9a9f608f207167f3c2a05ece1d89060afed290c4c01b94d6,0
4458,87e201e0c05a7d4a43d06758cf1940daba4692129bb6276d982bf139b5d22c7b,0
4459,067d4dfa85d74b255b679fb99c08e977a451273caff6b8ebd82eb8327e9e415c,0
4460,9e01ce68e3bcda4fb44aaded3de70a31b034525c0ac8f019bd705022c70040d4,0
4461,a014010a88f860c06ecfac5ef67487a5e0f57e2cea9ab5380d94920b2f9d8837,0
4462,ae91cf37e03009baa73624c5c0c59107f125e4eb858f4fd73f7e18be7a91be07,0
4463,f98213dfcff36f2324bdcdccbebd6dfe11492f5e383178650e50de098374947e,0
4464,7787ee031d5089ed6e85d97256a5d54015983139a23edc9f32ef2e2152255324,0
4465,4a8cd12bc16844263010557628fa9ae0bfef923bf58015af8fc91e6bac1d8717,0
4466,30ae0b0672687b813e68cabd4147ab707600a9a65722f13181fb4ec4a6855bca,0
4467,7371c0459e48fdb259b894d0c682d4680a6731b9ca267f34fc046ff9cb4e28b7,0
4468,ec9670fe8f579a68eb7604844fc91129e487018f1e6ca95a31480bc86c2bfbba,0
4469,17352f3b697276cc0dff8995a8ce18db439d72047819c18125d275a2f257c609,0
4470,ffc9efdb4002dc9cb020d076377815867ec87276db75a988bd81b11901b34a4d,0
4471,1001b06c2612ff9198a1383acdb47ad4619fea874c8b3b9f67ef5dac673b71eb,0
4472,c3835f31a5ec68918448515c9faa51cc0aa134437b499a5a8ce45dc5c2dda530,0
4473,e3d73441b8476933dd0d125f1e772b874c218eff51d9144581f477a52799b39b,0
4474,0643d6dc9da26ef511629ba6c2d348bb6184d6347c83f8757989104e486df63e,0
4475,cf79c9386a8a5dc526d6f16cfb7d1b09a48735e6f057cea1fcafb4a8170575df,0
4476,0ab9f9f54d0517dcd45ac4b33b15d87edce5144d89b4565497a5410eb2d6c7aa,0
4477,49d173f5579c1fd05f695d0dd828ebb4901bb4715cada71965dac783c1620c73,0
4478,6f55eab7e69048083545370d07d530530103920b7e41bce3440b7602b50cf97f,0
4479,d844a3dc3b8652c89e345afac65fc0d18ff9e2400e1538487a1107e86b341adf,0
4480,aff709438a6567526126c54ce57ad3296d39fac4e47ba62899c196ac69f3d13f,0
4481,b4a6543bd4b730b0aa34ff28ccc9f87bc374a3c40c22dac3350df28eff78472c,0
4482,f0eaae2d6042a063b0a499a55cdfcdd0abb04de1fc4034bb20e345c227d94242,0
4483,94f64535d536b4000b11cf8ec4851600f85a20480287b47486a5ed68f561ddae,0
4484,5d9372c7514000e04ddbefe5d94c5b85ec5b1c863789e9117e8e3e493b1f8725,0
4485,c9f325ace7c4ef96beda7d427a482c3c25cd24758bec95551ce7bf6b91a7daba,0
4486,11ff63c3aa4e17a5a8e34235e5c250c5251058ce3d6164fd1df865c29a423e7c,0
4487,afa0b1c61c9100a6780158ba0c650a4bd665442322274be2e821ce44437c5535,0
4488,7d056bf2695394fa5cb70e1ffb005467ff5a4dc0b997cd607fe6937a06dd72ea,0
4489,f834d30a4d39e20dac5a29cb5cc72efe3270c3525d78563dd11bf99b7330406c,0
4490,f1501bab03e01a58474bb8668565259604a6706c2744fd08f89f70330e0fdcf9,0
4491,310ef6296a1a3f4c60619e909d2b38ac88541343e99742008ca5c0f4b46b5e15,0
4492,18ae73ce4570fa4da441d950967d443891d7b400ecf5175387baa2442df5c64a,0
4493,ec9fd34feed346d4d0fd293f64fdc13eef0b17d19152d367e187bb746683762b,0
4494,0275ed36d2f5d827c78e0836289eb076bc8798839658958634e2fcaa01995303,0
4495,a54e825136856f8b828235434417796e88b175cfe7a7ab7fee5f55f81ae5384a,0
4496,1d3091619c5627471fb533f621b108480a0acda82453a0a7910b82d6ec7cbebd,0
4497,bd1e24ae165af0b8977228ea07eecb3c444503abde5ec3647131bdea1ffbd1fc,0
4498,e5cc24a081d41979304703613274c77d9dddcf683b72552086c1ad187d988c89,0
4499,60bfd6852df2962220f2bb33e80a5b4b0d34ba416447fdb0d3f4b406f6a10057,0
4500,e45c3dfcf5f4b9c02ffbbd453e29df830a0a638c5393fbfb23c7d0ecd6d3e64f,0
4501,6e88f575bb30b56d1acf9ee488a6a20796978949f89ffbbe802c49eb86991c03,0
4502,26ec7550ec1a7df4d38f365153767d150b9f47f8a937e7843e6f10be2d4d9c69,0
4503,08975efd4457f1ec681b01037468ccc8438f35a184c2487b1887aacb266dd02c,0
4504,89c15790f05de4d130739a0f0e492999323c8d88f1d9ca8b1100f7b12a689429,0
4505,7fd4bd665bb3e675dcda8fc3a7a23b6355018b8efa299aab51276d6587182eaa,0
4506,0e97a34aaffe4dafc906b0a0293e3caf624bcb2e239d11b105885efbe1704603,0
4507,4b552afcb79c8b2bf1b04c4ca98fc62e199a6468e77a09cc819c17b5de0f12ae,0
4508,0c8a418899b6944b63297688a54afc193405beaf37a5ff2c1f2c56a2eaeeb44a,0
4509,b3e082148983e8e8e5ea7de9b6bd4cef41b4c71f2a7821e867bbb1823111e6b1,0
4510,d577e1d2bc53b79ca74c45b536edb565b17684738b941ab11b6cb98fae92310a,0
4511,92576c1e42673b75500831aca2b29b47c89d913e91065c470798a37a08701525,0
4512,45f8ffdc4d860df5e4500b7f19f9ea4d5679aaff546b2262916117de2181b263,0
4513,a291eeaf81db6d622e4a3ccd38aa683fb84d0b768e01237bce2f50dc6e4f712f,0
4514,c003a05a36efff0a87dd17aa258a9fe4e8e39026f8f8f4a15da856d2525184e5,0
4515,ee1adf03ba8074af85f695f2ccd0c24d92bfce0851a002b53434996905f12674,0
4516,d8677909ea6bee7923df16d7453241199ca7fe00920fcf4fb9ddbf755a613905,0
4517,8c497d31d7eaf7c74b5c3df8fbe7346687ff991c95202bfd776f5b7bfd5abe1b,0
4518,7329c9b43d655227cac7ef671eed8d7d7e1fe5b88bfa4685f69a42e7be45dfe9,0
4519,ed5a69ecc2b613c9f4c3f9ca04c4ec23cc4cd06948cdf13cbc5ff9152bf4624a,0
4520,3b28edffabbe3079ba7638485fdcb5c3baf909d5047ca37f002a5ef653b135ca,0
4521,d4aa8431f3d4792c876a749e5b1b777861722bfc0b8bec8faec8a6b7dbf8ccc2,1
4522,cb222b5448f3b67684b7bccc3fb9873a155bbe2addb9818963a52aa7951ba81e,0
4523,381f5cb23cc36ccd30cf950da2b5230c4bc7d6b4eed0e54066597e45ec37f4de,0
4524,632a85c9bf4e5c0f3f0ea4a2640e37e68a687a9f5fe269b1974c2cfc8adf9cbe,0
4525,3f1f8c648dfe72ed5b223ec7198980d8adbe60afbe94fbb1f4f4c8b986ed16e4,0
4526,fb975981fa13c24e9bf26a27b2af0a73c435e2b92fb081d349f66dfedcd94343,0
4527,34e30126840a0179d9b0cd2a5cc780881dfc8ceeb9d32cedea843b199a0ecf1f,0
4528,316f40657147c2c6d4865612f25ac81105384eefbf7c6f2bb846d25bfb039143,0
4529,985b0210bcf6236c9b6cc11285dd8a90d1e6d0ace37d638f713ab884432182a6,0
4530,ce9cd8d02f0c617c09d23042e99fb90a356077a5a229aa076b599ac900293af2,0
4531,eef3d2bb530920c5bef28816c730b514880bdf356f230fab0b5dcb113914566a,0
4532,3f0a64de82fe2aba40e326790cfcb51b7975011715fd6b39a13e526f6e1aa703,0
4533,90c0368cf9f92d750c2b266e4144179d3bb71abe24c443b412b05ee16d80765e,0
4534,b175659b768af217f263c9c9a10117ed7207cd64e69cd68647c6727235c73e9f,0
4535,7bc48537452f37bba3b8790233fc44b4b92c902f779c6751210ddd7d8a16aed2,0
4536,ff292e592ad5d85ac01b38ebe462f6b33d5ce339cb814283465be0dd949025f6,0
4537,d4262cf8c289a7df413229f17a9a82c666af9e529fe1ec02c3d2862cc927f70b,0
4538,4fee8182ceea216a6e86e82ce03a3a9ecdb544c7376bdea5245b8d7c26c56fe5,0
4539,90768c680f9e6feea75a9d51dcb055f0da93306b5835e6f91acbd4554169229b,0
4540,776857c6ae80a9781e195d22d3f80f33affd8c548cd2156b56646e8560ae55f3,0
4541,c4729b6ef266c02a00889c9b4dbad88df7bcf2496081039818b9be8a5ebd9c72,0
4542,4e94018c737c6c1be922c321b8871b3f71522f8bcbfcc24028117fbf0efab9ce,0
4543,3b28e70a7e3baf4fc933d45c36c487932e6a74b980aa8c7425e00c4dd3199fd1,0
4544,c7ab6bc65ef523d73bf997155c5ea39d43e4d9a8113fc739d75536ceef3ba949,0
4545,48e305fe37fc8019108e2c747c3b3641eaaa2772e4abe526144cb9b774a4baff,0
4546,9098eb03ea0adcba1cacf45659518701c7231df37c7a229414c34465d38049a9,0
4547,321060c3b9f21aee17e363294e2116dcd0d64f2b8ad1caa3a585fa103c3a6c88,0
4548,7b706efafe5f018487352af038f365d4e7020868a3b0645108f4eedc5632c152,0
4549,c350d00f9cf14ce52ac10e219bf091e90dfbcf6c91a3877648f6ed54fcdacffe,0
4550,0412d9a308fdf589898c0ce1068efb324f76b0ae8875807b77f3a7be719883da,0
4551,2675a19c9640663cddf4459c76831e4337a3a8e1a033355cdcd3d33695eac106,0
4552,2cd0fd6b14b5b14307a51684dddbcd496073adfff0ee6f705be3b546a93fc4a3,0
4553,4f4570485fab6de4b86d8d2861572119dca6f69a25594b58989716c3340bc914,0
4554,c03f3650c2922e75d61fd7a0cc5f5318200553491ddce33b48cc30288e753eb5,0
4555,741a0a18f3a0a346ef5311f898f732f3f80068bc8caf6f98ccc0e47cc19f8340,0
4556,b09353a342f3998f37561e28b8c3d3df85df04c0e201082b658261b0b8d0d7f9,0
4557,410fcba1699a6cbb2ddaac4a3bbeeed5cb80a828519da331fe4b19af7b228c00,0
4558,5f6d3e93594c0539e2650d072ba1a4bfea3f8f5b4d28beb0332aaf7360cfb81b,0
4559,d959f28868c38ab5aa30e7440706b701e8f599fc4f6fce87940208da4f1cc55e,0
4560,7982f3afabf3cd7548d70d3d42bd7a400ed2a1941acbdee2966d0113129d3164,0
4561,67098f133b27877389341dd22033939b4e3730bc08d5a3dc295abb9060340e82,0
4562,8d2806434fe22c276028e3530996991de030c2c00f970a6cdbbaea5043b45b43,0
4563,78da0649060f071a85796fd7ad1f6ca9fe8d12218612d7bfb38c014a600b9178,0
4564,f0394c14dcb58351fe8a8cd759380cb7b37dcb19b9970240f2f70496d5f46a63,0
4565,8ea6d6617b8e4b84338abc3f09304132281e4862201f0bf7ff76e381c2975506,0
4566,5c1ffaf4a1c99286e63f631492651dfbeb0668c6fa8b7cd3f9f5f4a1f285a600,0
4567,7695168a7ffd9ad115523826cab5fff33c693ea88d788ae2a97b3e5ca4eafa86,0
4568,f564c894b75b039a864949c286ab6ef354106ef10d6940cb1bda59e40cc67538,0
4569,b5458520a31dc274906cc8f6a65ba8abb4847a33111daf4452c659dedafc632c,0
4570,448b28297d77feb66686e091612086cb423bf10defc7d6c4a2cd00d855e6540c,0
4571,dc5d17ea808137cfe040829a13b0ed54a7c5f56059871493f329b101d016554a,0
4572,cc9110ef6d93df28d1d53d1d3c9ea023fb87a0ad68977e29bc32b680e5b8502b,0
4573,7ec37c2c165a99bafc915e16871d8fc2651daac2079eefb95db20d5f7eb72eb7,0
4574,74389efdf13891e27ee363ec8188708a7b14f047a70515eee2813e60f0bd5f5a,0
4575,7dd512e31367a2cfd4e84271973ed40dc35c326fde73e669a16fb8eda0389b53,0
4576,d96f8082b6e93cd6bff76ff4985e63414372ebb73c8681be965ac2953ff99ccd,0
4577,27b122ce94f089933cda176a4a5d15b42d8605922af69281c655ed59136db19f,0
4578,b16ca7b956e58ddec45dfc2f9e08ba54951bd84b9e1c87f2c169f723d13bca7b,0
4579,acb0dc8f5c9f371115ab8c8a779eb4899e0939b1ac66f1da323c36ebba855367,0
4580,9ff66619e53660cf075f091f713f3e7401be04a46dc77f9c0edf65a300e3cb69,0
4581,9aac3f6778c491e0fea282b27a19f2522988321d863c7ed34c64d36af4105289,0
4582,ed72a0762b04cfab58325fe2d2ef39e1c979125178403c3c62f51c44ebf6ef15,0
4583,1e7d3e8e8ee80f489e4c5d41b447b3dbe8e588d003650eaf3644f382e9e6a9f4,0
4584,a7ae73740da7898cfa6b2b93305ee513676c2c1a6067a6f4cf3684b1189e8c5b,0
4585,69b11eb25ba64b643c992c59a4e6dde0e26171c58c4bf26ce37768550f04c570,0
4586,e2f2a5f7e604a5d7965cd8dcf6c6026998a67cccb3a80782a0ffab910babf4b2,0
4587,e2c9ab18f905be78c9fb109ee78904b4a68014da2b690144d0c1a973ae65e3f9,0
4588,47e5d315aa8bd9b5c5de7f3f623bb4af29db7e16dd7cd644d915ea76c7e9680c,0
4589,84014aaf616f06ef6241bd9b61e8e2680b380a1237c2f1018b93468309a5aa7c,0
4590,cb9ab309f61990b807a9ab3ece57aaa3017a17f850fafb6e59dbdd0208a3425c,0
4591,88f335e887847596c2d7231a673431a237a15e4aa317a6340c8bbdfdfb4178fb,0
4592,722aaeb8f8bd315edf6ae398fa11af1727f6d98728259c1b455a858abdfc8228,0
4593,9f8d68ea7a7e9a4b5ad09f0f23ec66dc32b2a9f4825aba60026c6ec01a9bb2d0,0
4594,a19fc0f2cbe75738525bb67e2c755d3184deebe241d11f96575c8c9dfb40bcb0,0
4595,edc8b1e21d8ae1148c4bcc0b229e4a9efc35da72900157fdf6d0b2e27c98a57d,0
4596,f92cec6352412d7de0517ac7f1b4cef13e638d41e3f9ac7e6c8c7b9f07762019,0
4597,20909517096a426bcb6cea46e7acc3912e5a25da27b18f9161222659339853ea,0
4598,d3220d0de6526c61c07d97ddbc44151bbe9dd08bde5549fb590132a3056cc3a8,0
4599,f8e7a69470a8ef03d1a8c2938eaa49fbc45f2d3c397a5ce500d2ba8d81074f78,0
4600,d7f402d8a8e2774a2d68270197c4bc3a770a2fc5908dc2021d2b2c264da6dc39,0
4601,a973179eaec2a16fccd5f143a3790b28594af9e4c0b663ab8f83a3c285469aee,0
4602,c426dc4f00931474fa4144eaf469a60029e08f8b8c44e326af1e8955abd214ad,0
4603,95ccaa151b3911a0985289060333ae97b220f907571687f2ce7afab533b49448,0
4604,0bc7e2bb1db6927d77c1052749bdfde255145e37c221687ce5edfcffd4410aa3,0
4605,1239cca92fb6a3d5c3a3245b31abaf77b508cbeb43f68373eb51dff032fb6102,0
4606,d7af23d98dd8f36513153aa33b23139c146b7ac50381347ad72cfcc14e3c5e8e,0
4607,d23d9cb7bf3f2784801cd15ab7880ae972d7dc56d1a6b26d1c65818fec65f155,0
4608,fd154a32f05bceced4f5b2dcfc593c9898ea1f37695a2b92bfde2fc5d40e382f,0
4609,75883018496916563da1bc6d00505ef3f8028db3f4bcf070dd8feff85ba2d000,0
4610,c4e83e63fa4fd958ca34c2fbc4e951173c3142333f1909ff7f91b43e041f7f12,0
4611,3629a790e40e8b8a91545efc0431ddf4a5e6988b31cef942060d6896f3085aeb,0
4612,8c6ff417bd15247195e920638291a386624b52431bae2b13902628393c55abf9,0
4613,dca6a20b5b0dde41b3596dc0fcbe6f3687901f9a1b566dd148f2a4776873d314,0
4614,af4772a57e629aa5711c883bd85be9ce6dcb7c408533647765674b376fa6b9ca,0
4615,53523dae6484fd3c76cab5c77e8e4273db7f171fdb4d9bd112a5c8da39a0569a,0
4616,795f9a4f6f83cb7ec2e34f1df3c084cecd2a3aaf9d2f63d4aadbaaea02925bbc,0
4617,68485b13ed77a08ab2f0060138f56d574a2cc8997516d8b2b605f79cfe38127c,0
4618,f9658f75f6f146bca7ebb2488bad374b93693d1d5135eb1a9e06f966ae0c1890,0
4619,b7fcd327652b7ad2e53c9241e0c8a6d0991d1d810d47f046e84b47a1aace3f7e,0
4620,2c5d66769791c766d1251d639df514542e8b30910b51a6accca282b8b8af42c0,0
4621,dceb80bf607ea7f8b160c483e18df494e22d6e018e40556ef0ef12a595897214,0
4622,c1aea23b270dd56e9dfe963c6f3c8e7c525f4eebb3f0d31f0a916b529f86b072,0
4623,a73d861872bfb3305e98c746fd7c8b0784e0a1354419028a8ce4489825a4fa6f,0
4624,b27ebdb63347e661c6133f948a7fb5790d256d00c4eace1ce81991d8250b6f0f,0
4625,9ff592da72a3db44c5eece96e5cfb6889312b79828674080d91ce8efbdde27fc,0
4626,8704e7a985814809dc1ec685f59ee33bee6f2ad3c52f6cf27f6290623cdd3d59,0
4627,4ba2e03b62c96e1b0f1082af543d6305305b2a57f3b8de85f52e4a1ea7502a7f,0
4628,e63804fe24c3cd8f84fff3709f5f587db38331b663f723acebffe120f7078db9,0
4629,a191793e1e78ce2b18e0346028a6fb39cc79e85984cdfc23eaacb92dca518482,0
4630,670ed394991e849889e1222183c8e3bdaa3429458792e33bf2a54195fb5ac5cc,0
4631,57f9e481f1911be9af626b9cec6b442915e84c3d50e607053cac86963e42c30a,0
4632,1e2a209d40755cdb0cd55e51c7ffeb0fe1a790b490e3a9f5b0065c914ba31539,0
4633,8f0630a66c5e8dcd42b274f0118cdd39a0231efe381087280a72a51819fcf726,1
4634,9bd60b8f529a094f188c240e2bb54d2d3f59bbb4bffbcd83ed2afe63a934e5d3,0
4635,d3b17fb471762304c863fb4b455238104b41f869d83c84bc6ee70b5a0dbcca30,0
4636,282a50745dae3c42608919e9cd30a257fdff4f1aedba40a86e9c1d9fd81b0980,0
4637,74c29f2e4ad3cff74cded9fb721249c2222fcb01804e9ae019f9c290cacc7026,0
4638,d764ea87c495214d07432762df3eb8892fc197961e9606787c3aaeea66979f6d,0
4639,bdc71be5fbd45053ea560a6e037fc0e50648647efbdff8cca6583994d1febf9d,0
4640,a4db6025ad0004f9939db2a83d35ea66c2eec14cd2c013c91c03c91c5c0a73dc,0
4641,2df4f384418f7ee4431ef920bf30783a39328261caef6e196a88227f954d4495,0
4642,1cd2a9bacc7bda92055a425cd1a8c9559e1a417275e256506dcd94efc4da5f4e,0
4643,76a46a0d5e92bf165c183c397a879349bae9d976718061a23bb7a0d44b18287e,0
4644,0fe73563aaa1ae1b42f788819b632929f1347a16ce3ac21eee14798bd98df907,0
4645,c08aa2d24ddf930a1bfd4c3e66d3130bc278e558f0f3d681455b888a2a4a8974,0
4646,554b50b4cd5bfb687c2b961ec3ff9467b82b5a02d909542c869725c57de057ae,0
4647,adba954932da0401149b772743aa260aaf16d53999ccf4f7dee9d404b5b96265,1
4648,46f695fed5f1fcff95d8f38e07984483916279b708e77eedf8ede5e7b31e281a,0
4649,7109971b1871c9dad8c8c7ec7b7cf7b1e31faaf7d402b24a0a49a55c8f021a03,0
4650,5297ef0ba44ff04d19ecfe5bcd9226b0ed9ce5ec66d01e339fa1b541324f0944,0
4651,7c8becd8b552f1fa849f431ebc253a89bbbaaf54b290a0fe7e9fde7e4ec94226,0
4652,abf41d4739ad30c3c19b0b522416d03c83088d12f38178da88b0c0a1d4e8acd7,0
4653,469abeb93fbd36110ee90537bb30644fb455918d628fa97cf223fd153e1c10f9,0
4654,94996379eba3625301050f891efc43ecb3f9e9fb2ef7b54a437a26610ba2c834,0
4655,aae131f453c877ab58d5c70db0b346ff1e0ba3fdf4c4d60dc28e928d8e75e413,0
4656,301057a905ea6ec26648fcd2f10f81fe8d78e2ccd4a0fc5460fd6eb252fc2cbb,0
4657,60d85f4289c79c5ef285b9c771f4f624adcc39cbc385cd1a765067006c3af997,0
4658,768c7b0d28bf2da39e0e0e747b08ed823695ec9882fb0566e1edca2a26543c72,0
4659,81839b49e06b96f59180a345280d86c219b595ee440770d8946df6326de64fc7,0
4660,c908dbbe39c6860ebe0d62ff7ad659427f933cbc01a3092735ced25fb87d407c,0
4661,1899fd13ccdb822297e90da8f2c00f2e613477f71c190617e2f9aa359c7aaf26,0
4662,39a03d4643de97dedd3624b0d9750b4c87bd403ed59829fdea9a62df425d9701,0
4663,065982acbdd4da4b3c8d104ed6ffb1d7867c04ec9a5e3ccf1c6347e3ca192c56,0
4664,0d37c4087f431b21aad4233e7c64e3ba45bad08521522ed8e55e70b06d4072df,0
4665,f903b8803db880f5c18118d37a67c5f04d6259e041b69a5303c5379afe9efb01,0
4666,8b59b75677aef460d46583fad76359d4040c2c1ad92b5f5c3797b20d2302efb4,0
4667,492613d1c8816b793ff66971e34352c0d6572ce3201477cf04bea7bd98226b9e,0
4668,12a612f1bd357ac9a9cb107b50c2ecfa649335834cca2890e2b8d80f7b755c31,0
4669,b1f300ec41adf223ccfb0e084f926e65ea07fda6a9d84d7e826b96b163cba362,0
4670,fe8317ec58a6856ae41223d429d5ca3c299f9cfeffc6df3a8d3fb3f5ce1a1685,0
4671,c4c2420e3fc43bcac055d78f38327c72fed5c037bf83e0f128b0db09cafaba5c,0
4672,ea91e8b7682356d9d5a1cce40c8e90ab07fa03d0abf18fe247f5f7bfcbd84db6,0
4673,89bf89903ce5475702d4fa481ebe7a27338cd688bb0b9b45b1ea7356944c19a0,0
4674,403cf865630fa2169dd41c2e9cf85cfb5e2fe00de59cb7a0e9eff3f321ca1f8b,0
4675,b7e0799dc726fe68ddd6ccf6949b2fffc382e92405481a1fb93e349a6487ea2b,0
4676,18ccc1188b6c56e0f803debba6067080fe50ad637e7aaacd86b9610807f1c3b3,0
4677,6bdf0478a73924405bf4cafd30788faf4ee36c483f1ce3b844e6c2de03b97b82,0
4678,91ed500bd164a6ea211535fe6385e1860ea923861a22d0fe3b9ec70e81de657e,0
4679,97f49709c1d83994b1c67faf13ab00d6a9a8b0a5cb7f18fd1bc7a1b378905ebb,0
4680,abe3f9daed64a9ffeed6ef1fb5fdd66a278cce8ad43400f28d7ba5c948d616c3,0
4681,ac533d85c0d4b2ffdf17dc195d88c1f9fc5ef94b90c2796014f733fe0130c155,0
4682,0ae67ed261f0daa5a4ce189719c3c92f5f4160f618704f3c6185165f88aaf128,0
4683,cd6d365f09206dcc6b2ef1eae92b22b823f6a420e60c0bf45e1cc8f18dc11880,0
4684,943325ef3d57e4c3ebba1952fb001c338fe1abd9167f7135c406dfc583bf438f,0
4685,0c46767dd3f890dbb648fb6e7e4016f813897d47ad838cb58c8c2618eb78dfce,0
4686,03566e95705ff48772e87e4b7e25c07c8c84619586ce6f2ff9397ee29bf5f5b0,0
4687,88d49077e43aaa73d9601a528bc81a2c389a00ecf608a19d4697ffc7a50fb872,0
4688,bd54641fe2c04f7f1ff98de9ca67d8ee803291d61714391dd828695228460efd,0
4689,9683f1a6428eb5827ce7cf8dad19a72e923f73fd0f1ef5bd3b55139ab5bb25de,0
4690,efacaa1fde9da43dc46b73c6115c6ba3ecc74e5d0c37202e4554ff2df38eebb0,0
4691,3e9019087f1a26c1056abf65bdce378982d60933dfae18e9f7d7fed69359416a,0
4692,73d64b29d377ba98e52a1f6bfa9a88e9761086513c516b1f5294b7be14c23c6e,0
4693,cca577e769695eb1b60ed8cb56fd00b9ec688617637cbe3515dafcb576186ba2,0
4694,4fa77af6c31b0981c996b21d7bb350db112aa5dd1ac5b69bcdd6f5971a16eddb,0
4695,123228911fb595e28ee4aa2bb8e471b2a56a2a09d3e558fd32c3bcb744076dbc,0
4696,0b9f31d2554ffc3c0c2db56598d9f95f71015b2ce591119507cffc2c3dafa583,0
4697,9eee0c9e3c3bd838b13f037d4d9f280674ed04557e596975a15444923f8d8005,0
4698,fcc26f53927ba8609ab92857c3f9d38390c0a163c7bbd26d5e1288dfc56e12a9,0
4699,2afa8a50f836282598b5c6dbf14cc6dc38638e7e029c3558db7b320f6ab79446,0
4700,549a12d32e3280c8e4e58218fd46b9dae076e5347a50a68cc7065c6db337f796,0
4701,07889cc9ca57a400cc599192dc8f52280ae6809497146c59b394e0eb6ba36b3b,0
4702,eeeee0366d3334a4eb6076f7375cbd9fbf839b5a1718ed0b3668382fff59f4f5,0
4703,33ed7a16f11cad567f40c60fcdf411c879447d73c7e0a4fc6e7a8cc394aa94aa,0
4704,cb89a618542accefb1343362be63b111984bbe4a3b5f25bf4d092012eb53c1b0,0
4705,8a3b26566a79d47ac4116ba61e8d3a522035c0dcc777a751402d02fc2461e621,0
4706,54e7038d6e5b8fdf6016d693e1e5e00d40bb3af276679f4f93a56f2466184c16,0
4707,62fbcfa553607fc694f5fe03be88bacbc8a8e2192dce5af7a30e58adc0b682c3,0
4708,90e5348fb6be309712eeab4243bd668615d7a28391fb6a2a181a1512f38877e2,0
4709,b3275803981e0866a73e649d3bb54922782934d4cb7a5f76dad0d8ac8e162bfd,0
4710,47c2641013a90f8b0668de0bee6c839155cbd5089c2144696ff43262a2fa71f5,0
4711,81d9592940742566699a09c66efdc68bbf8dce18f7917eeaa6f8d9000bdc18f6,0
4712,4cd1923b185777d8491c32ff231fcaedafa75b089373e524b3225dd88429939e,0
4713,3abcf0f3d8838900181ebd14731d91ef5d55a94e688f4b3f6dda8ebe7f21a64b,0
4714,3deea406370c22861f755b4b777d480636c53b660678c8affefb335089192f69,0
4715,3f46cb189b5c147a9f4581ab71c237008b4fb5681f1bd77abbc7b2486e9c11bb,0
4716,caf5aeffaa0e3205ba1975698e5fbbade1f12d2f18d09bcfb0960266a1ea9226,0
4717,d029b33e8896ec4873dceb6af56348364d9345f0a07004b82cdcfe8258046ae0,0
4718,199afba44bc21fe49d929f9e5c145136e15fead315dae41954f063fe3927ac1c,0
4719,968d9fadaacd69c288ec5fe7599b022334717672b365726f9c3925d24e9ed2c7,0
4720,3b423f8504070ff9622fbea6162eb7efc6285ebcb7055d2437692048abca2c1f,0
4721,e91f110f522b7156b74c6be703b134840441ba09ceb20ddc9100d9818669ab7e,0
4722,82e07c301ee02ef7fa9661e332e3d1180528992bade87779dab573f067b70195,0
4723,8397e46aced816f282f0f68c476f191d20552fefdad88f6e0c7bcd1d8183b6db,0
4724,bfd80c50d322591722953d484a95a81defadcf0f66284936e0649bc8226e6397,0
4725,30490519455db0cc1c404dcf37749d8d6604a8e7d998e68d3506ca0f7be98558,0
4726,c1f087a3fb62e5d218ac628ec35da1fbaa6ff2dd1ca23e99f652fea9ae9fe0c1,0
4727,1ea919dd4750037e440a1a79e7a57bfcdc427159cbdaee86b12ae93360eb7582,0
4728,13473c4afb20106cdbf97f78e28b2c71535256d6f4a32416214c47e0b1ce95b5,0
4729,b5627d5392b72c602fd23ad5b61cbd66b092a8c7d304a5af525d65e21a1947bd,0
4730,9cc34c722bcf3f2d4df428bce9ea15c3bd3c279e2fc26ede98bf6ed5cb33fc62,0
4731,04cb2fd2439610561ccd5734eeb960583837de08b9d96f72cf9f95fcba29c349,0
4732,a63ae20f8f1cfde7f624c0becfe75d17dba8047b076e99a914b7d2ace9f894bb,0
4733,5b00009d6de28afc751def3b082d4c455aa672b01ffc635085c5be7eac8dc4b2,0
4734,f3a1dc36d21d004a989da4cb50dbb84a187c1282d355c100d9e1cbb86caa3c9e,0
4735,cbb745cd85da2ed434cd7a0af0a3ffdd69576467bd5f6f32240c09b90d561226,0
4736,836ea47a2b83468b156671b2fd49c264fbb608c4a32f9a3622cc0f6324b02fb5,0
4737,4266e03e026d682072dca494ae9c289d54d250851f2861b77784074c88aa6a8c,0
4738,91874a38eb0d37928fd39e8464ee390932f7a63fb508bf3b721d76fa01485471,0
4739,a6cdf26c9d6a29a55464a69a5e68dbeea77b53f0c90d92462a81498e60ea03c6,0
4740,76a2cc1ff6dce6edce3e3650475dff55fcf475650ead32bafe98ecd313d52071,0
4741,98c2f324e26aba18823316496d42c7cfb16ff293a2f8d882e697ac09c05b8284,0
4742,ad633c3fd23f28efcd9f2aa5706d5e88426daa17db918911f2a7b13dfc3c4309,0
4743,325e4bc1ddef6bf8a72b94bd35b7d21ed76e739009098b950730fd585e7c6759,0
4744,2b6730bd7e1ef5f62ae04efa4ea74fd00a25fcae2b24da733ab674ca2d4bb2be,0
4745,89cd33ee2d47158426514f4bfa55d5aa973a546133fcb39b1b8249dd113ac738,0
4746,03013e87721dc3a963221dbcc42b7ba4ab50d6d277d28726e4b92c0940931e95,0
4747,87b08cf64ea8ad4f36e1489c8b01cc09e61d4d9caf5889c7248415e971224415,0
4748,f96092c4333f4342f36ea79714b4a986c92baa8d3ec762bae300e5124df17ae2,0
4749,4738ccc36494b4e76dc0be05d9d8decba7cc9745816840452f0f3c4b625a0e8b,0
4750,8bd90641b3e237e90685ad80b4e30f7ddff42acf15b2ed0ba5e35d2265d697f1,0
4751,7aee4d0666c0d6b0ce0473ea130a7a43d54db4533d98f26782353cc1c5a6d263,0
4752,6b3826bb62d324090f1f1f0d7464dde901f784e16762ecb65bd8845b3fe03b7e,0
4753,f719253aac28ba744d7bafb89c623aa3f851442aaf722624c96fe55155bc11b9,0
4754,60f4c2e55b700df53431facf2fdf51ca57513931864cf241b49d5c9fd933c9d0,0
4755,d4014af7535ad4c1ad1752e0843c88b2d816bf5890d22e6f8fba0c8c8caf78cb,0
4756,cbc635a0eba158d709517e80d9beee4e11db981361bcf0e84613a5305d61eb20,0
4757,d2531c59c23ad4853a90a7b648d9feb31ea1c6471e34e05d80a69aabbe7d41d2,0
4758,edefd396ce7d76779250299cbf3291004ea93f61ab8db5cb3a93aa2b3e4026a7,0
4759,b55d723de5be076e5f21eacfa8033a467b2a5e00aab12f1d19421e9305b54f76,0
4760,59400867ad8e1e26a9d72543f6d4f5972b72a19bb888fc6a1b5ebb316178e8cb,0
4761,2a5b04ee2ecb84228faf2326c51754126fde8aa44266d7e55dd41a793f95636c,0
4762,efee652ce66e4cad6e5119a2cbb2a2f4e77a153953f4247e4484469841e35470,0
4763,a36833da1319738dc0a57b5667baa912758b02518b3b5956d2dd0b21d53aacd8,0
4764,1fcdc61c5ac321094d49d03ed485b8ac6b107f68a42aad165499dd398f1f0b60,0
4765,60fca9cac9dba7a97d8e7eddc02c069d4ce709a3e7a6f2eb274ab7b30af6db5d,0
4766,4d0d8fa4437bf648dac0a88b9739d4e6191fb1eeaa669d33837559a40e138421,0
4767,b2b1a30fde876726b165440a4000e7ad2f3818a815ab948b57e0156091985a8d,0
4768,b594de5b83884f967369cb7d0b9253671b35f4e94dc8895ece2199c7c0da4a7c,0
4769,1a406e5343b218bc598d5413cadd676b14964c4a728071faa928514996b1f8b0,0
4770,de5d79dcc6ab6b9bd529b36ae3ac6747281cd7ef6c3eefe070c9ebb16a50b78e,0
4771,7b2f28e8a00f1d881f25a79d33aaa5804e513b23707b632da3b4468a1d0f26fc,0
4772,03c3970c328e30f1b95706e875fa73e3e2b6e39f94f0caa31ca9f2b7a4d8772c,0
4773,de87b78aee4d5856027a3dc34a1ef2dc197be9de15ec502b9b39da720bbb10d2,0
4774,450234f5b1ba433f923f775c58d15482e558e3bb8c07d2d45675db1a65c03565,0
4775,695643a814adbcb4b212c3794614e42c392f756d372b97684006e48875cd10af,0
4776,ecc81532e07e0216f4ced31c3f439ba936630bd5dd08523726ea54f7aac4ad73,0
4777,f6f35bc4f83949b052b5502345834bcad9ec6a41787fc84a847024cbd63ab637,0
4778,d2da2fbdcd5cbf19666568035c2ec8bee95e6a81e0a9e414d8ca4de8f32dd1f7,0
4779,5707671c50c8555833895a2c67d3aa1041147bf60018b93d895a3548672a3b50,0
4780,d90884ca2947abcda9086cc77859269ca6efd34735cc19e3ab671e132af9fab6,0
4781,4a994b099c95c57142bff5836aacc188fca019ad0dda13059e62ca28ea7730bf,0
4782,2d51ecfad34c1e0504608f2c4e3684cc25bcaade5299c40691eca653f8cc1bbf,0
4783,d38db541d53f3eabc1131f2207834a8b429e32b8723d71503b2e77722189fe95,0
4784,598f720889b8d9196b788d5b499a9b103e5cbb8d4410213529e943d3199ef7b6,0
4785,925c0ffb0de53f088ce21ff1a9e760153c7ca25df015edf27b5a6672e24b64ef,0
4786,9d294d5081b40c768d22ff6e45cb661932f2c17671b99297dd150627f15217df,0
4787,6de38cb1256af4568e1791d4c4b7c9928ffe9a837c01650ec992fbb4a725ba4a,0
4788,1ee9651bb8d5086faed5038a1cbc43cb5b750e08b89fc7efad4cd7fc26e8771a,0
4789,f48f5af6a2adda8b91330aebc51f9b84968b4f3821847ccbf5e6e91ed8e4e0a0,0
4790,91d617c9aad6881ead3734624d616a80347d3dc1677e0ad2ada634692affa038,0
4791,d759e315d62fd1bb80df0d8b0d7297005271a75ae13e421bebce0e8b2f4a6dfc,0
4792,e972549e7229168efc937d146abdaa1343d6be390c9e86ae0681f05f67860fc5,0
4793,69d31e4dde096c680fd0b7b5932680dcc591905450283d5e4f05110b68c23ac1,0
4794,b562ebf0ad721edd949ecbb001b0240a6fa23c17d44eb26fb3ae5494d99fecca,0
4795,9f85be67dcb9d35fb3862fdd3b193550778635d27555d8f47fd33bd7f535837b,0
4796,c08169223527b956e9b7df80c39de2b22301670d8b573ec1df9516f7affc7316,0
4797,910f6804253c1d9ef832079d760e057fb52adeee6b7200fab6abc8152c92a702,0
4798,954aacf7aaa829891ecabcc8421084aaa4cf7ae4a92fbf8804b71a6b2657ef91,0
4799,c693bc40281a17ce38623c5c079ae8312c6197ab120b892a05fc8d0b8685dc1a,0
4800,6a8199a07c668cc0389c14ca7572b60f0e319fd02b1778a2548b8266f39f94b0,0
4801,bc66d959ef417db62c1d2b018053c87e1933b6da8dfa5dac6dbb6dc99ce91982,0
4802,a9f44daad2b243cebca9697f20a14b12de619b75b9fc79f144e21a7c27809ae9,0
4803,8d6cd7fbbb08a7fb10fe1163e4327b096673bdd803129c0266a50d55c162c84c,0
4804,a68a0ebb6f022751ea8ca3f0c99e3bfb11f8279e52951532207a35022b4a8279,0
4805,e449d75f6be02ce41c1de37842331026e23434dd452f6a7877d70dc3c393dee5,0
4806,7e5d90a64e6db684617ee662b0753bdbb204a0cddc1ce79fdf29d74b207a594f,0
4807,7f83d70f6136a75d9d44ae745f0dc06aa0e05dde08f066f5cf9632b74994272a,0
4808,4115db40f1fe22aa54e6bc4ab2da968de1f7632423031271b40d6af487981805,0
4809,4e78bc4b732202fea930b8a2c30172fa5e4180bf999005750a2fd54f709807cb,0
4810,6c3a90d41901fad5edfb9ebdd7f625e1869e99052f618b42128feb9dedd48eeb,0
4811,786f4db33650aa6f8b185ec9466d6039e500124be7f531ace761dca4bdf0ab69,0
4812,8c9802b5fd9c799d36577a8b86e27addd1fd54786584a3c4a8b013c58e50be41,0
4813,51a2a63c3a950c0ddf1f55756e903358e2bac702a2dcf73d53392526c0099e43,0
4814,33302f52e5a95b67391e147a0fe26832155814bbb1b298ecbb3a443e23d0fc44,0
4815,a2ecea2c204fea77d2621f47ded340fbf065383297f13f907e557852a9610e44,0
4816,d99f14e23d79301d78f78fc8c89c55b1b73bd7e32c27273f563a83571b6c336a,0
4817,78955e5df9e496101156578969cc2349121898bba49fe4320592fdbfa5870e4b,0
4818,6df86cacbe99e376a8e4247d6135e00c856e3420004c46c2b55c1947557530c5,0
4819,f6d8663d2404df94ffa3a7ce41eb1cc34aca892d976322aca905c431c07d757b,0
4820,2458bd52f836e506f1a78d340a2aa9ca99509973adf30a3c19b828806f7ffbb8,0
4821,b386e8a8d6f495ed39b02a38ee97b8fbee1560a78619203c1d32ef605a35fbcb,0
4822,a9ff50d86497723dc1cac97073612c32cbdb3beedf8060a251f9b965f9be48c7,0
4823,f21b1b4049aa8b4f3818853dfc7f6ebd29232e3c8b04294832ea955d59a51bde,0
4824,aa4e6e0dbeae5c3eb2f9665b9821164a7456bd13e9656e1554dd623fc1523eae,0
4825,37e08c4f1d36451800e29c2af6e0dd655f30b5c1c219f4da783664ff1bcc4ef3,0
4826,dd9314996125b03b51edc44a2b9a1f0393941b302d0255e04dcfc628819d6982,0
4827,3b1d83ad4df3b36f96eb74dc255a1b0c46ac4dc93c8f566cea67e771bcd7bd1b,0
4828,c4036a4461ba104d4dc909cc5a6d3f062dac39b4007950955a046ed72a5fad4d,0
4829,3f73229c520a286b116ca122e79003a8c67fbbf81e4ac99bd44915dcda6291c4,0
4830,b4d2429be0d1afb26f5ffc2a55b76751eb91404e811e736ea04cf715ad5b5228,0
4831,9074801ac5bd250f6652e80daead3cf645e3a9932604774b4f333aa34b13f3bd,0
4832,fa959e34d795de486f2905dc72503a8902903a4a1611c8c83f736a19acf5c223,0
4833,3def8ee6276833f14e47abf74cf2ffa1586341c2aa56eeb546bcbb2a34fa830d,0
4834,037f02aa57c2462f9daae6e7a2cee977c2634d77b13d1d6fa79cd49713aa996e,0
4835,1ce7dcfcd1374bcec4790df2891c1fe1a0525a5d321269a8c168c9ae23d7d1c5,0
4836,8b603dadf72ef41c789d7d696895872ef905fe83cd294fc054123f1673b08b28,0
4837,7f13d870204f93e4b271caeb18dc0053624f237b43be58bf706a2f99813ca805,0
4838,f34f31615cba593910d4ef18670d3a62259e9978705c3853a3988228fe6b6085,0
4839,327755884895928c7d7fad5d2537d422fd9698fe4ea44e7c6e47036edb445b79,0
4840,d456ac537867be250af9427d0c5e4e148bc9a731fc1f00c1de987a78bf2d3bd6,0
4841,4ddeff95e07451dba59e6136ae735018ebc96903c838f2f9a1e0169f3bf22487,0
4842,7ade041e2b6e851bbba7a891edee54311e40809f2359c3ebf08309ddf2d884d4,0
4843,bfbef2392e9d21c57b3064fccd940075ca171a4833851edb376a59bfd17d2085,0
4844,d5df276f32954ea42e13bb3987deec44bba960ed1fa06be948e2de2749e70b3b,0
4845,0d7558875cb8a23faa2e3b97c168b8609811210dac26662cf5cc9071eb0a0d80,0
4846,9726c8c8a1342ad48fefc89d9d57c3289569c491ebd7446f8646559763c3b933,0
4847,19cd4f2efc172fdb947fee6ed38d466a0848587b23a988a579fdba12826801d3,0
4848,98c208a2814f104a5b67e168f73fbf50c0482bfeaac573ed4123b600afba94a3,0
4849,692014509732c1c71a429a831abc0c0cdb1fd64d9e7c907fe804f606d9c9dece,0
4850,49834b61dd18a8784543ff5163690cf9055da3bca5d93a5cd3f32918f0e6ac43,0
4851,74ed62035796b958bb4c9d8d77f3632d37a2ddb29e1f21bab81e869de26c782c,0
4852,e01f7b7de4a28bfe6e4a7e18f29300929ee7ebb1cf0922a4baf9b59d59be212c,0
4853,53d7204bf6c973806d73f47365c74e2a5ade5bff92a70b40c130d86a9c6d7c2e,0
4854,517e8114407ef44aba53b940e79c779ebd8ad782334379b797294446201bd2de,0
4855,0cee7a98fabd4a85ef3aa2def10288bd917bced32bd91af69555b6c33e738711,0
4856,78f25f229b11af5e185806ffb4a9675aa8ae7e2430e99027a3ffe7d9bb08028d,0
4857,53e04ebc0e3efab1f7d322801b362ddca4d7eafe9d2cf354188364bf20f84439,0
4858,8a696b1a1ba25dba572e6b86368d34adc871cd95deed4ed64581f16953540f10,0
4859,b208e81b34bfc4629ba190bc708c8d01d64b5aa746441457d19e6a7571fced98,0
4860,e7eef340327dbce38162a6f478fbe5bf0653972ce40e65e1a422197d614d697b,0
4861,e35268c9b2d76cf2976d67ea2b85de156fc4c0600cf26d96e6b7515451bb4ccb,0
4862,60380c3bc100c0368561deaa1f5749f5f9b2c639d1857c0a829f0027acccb52a,0
4863,94c2de2d195576c13083d761273e87983a6c8344efec1643dd58babc3c37d9f2,0
4864,5031f45e32d9f77f7505b6a7da905edad1f82d2279d82ab673fa10ad28026869,0
4865,e219205fbac731df8f7744a1d0e7cd570f1bdbac461244b8bf17a330f155f8a4,0
4866,afeffd88f558282cc8103522014304a110356b2f1dedb44f9e87d5735f0bab52,0
4867,04936388a3905fb119f3d9baa35eb0f26af13e28aee830943ec49c509abf2231,0
4868,dba00f13960b9e2c6883a37c34916d035f5e03fd15804c7adeba5311c42ddf16,0
4869,c7e628198a5dcc8be14d39081b834f769b1bc6b69fd56c444c1e37afcd97acb3,0
4870,78ee62654a10ad7c97b9e1e1e8b7599e32daf29ef055db28a554b5fe8bea56a3,0
4871,e182289f07b90a7d98e501243ee3b2ff67859e550eeb9697ddf8f725f2d644e6,0
4872,dbd01ac3b2948654258b2044d4dfb6842ee7b7541063754ceea0792ad4411f2f,0
4873,95b06f076fb8c2e371d8cbe451999689a1145edd05fbfd0647814988d0230548,0
4874,9971ba6342bbe435385211f1b7731f8025f47761f517afaa1214cd763751588c,0
4875,babea5822695b4ed099b0d4a5b9e5b26578ca6b36e33bc0925963e73d70977b0,0
4876,c5fffd2ab21f0293275ce6a4ca1b5aa2c4f13a774e6e012c2031bd39088ba07e,0
4877,6db8171804c52d482b95b26ad0f1632a0fd60c7faaa66f078f928f4438923a47,0
4878,637ea663ba21d3e232cbaed0e9b1d6bde1d064480870d24dd3b31401df709634,0
4879,cb17589fb3d7006f96446a84430147e1593d4260c62951b931b48e01d4419ca6,0
4880,59ce1ed1444f02874cf9317c69ac15e746b3ac35b1da5b5e48244e9c72759062,0
4881,a4d4531d62f28b9fd4c89ede9ebcf4dd11867f8e6f3916162fe899d8c27e4fbc,0
4882,1aa60d4fe2dd613efd5c184f9b7fbcd5c1c4093eb6177a106ecc115aa168e20d,0
4883,264d36a84e024664115a718cf90e3b7732ac97ad5ea63877c943b4d8be2cc661,0
4884,4110af851afea0fe81c0e7fcaba90138f42b43315be137b84de1a094d21cc9d1,0
4885,7794f20b11e3e26ad4fa95862c74a8196cb3357e12b058791dee2a8722b0f951,0
4886,651f995b93ac8c9d31ad389a9dd6114abb9d05028733da4f9785a0e41a5c5515,0
4887,e93ce838bf4759e8c006d0d90d900a67d783b93959c9a440f2c6abedf886e4fa,0
4888,86ee29aa581ddf6c449281d2669a7adbf4fc065b13b406cbdd79aceb267871b5,0
4889,271f88703a4da2450b44afa4c6e967171f9bdff6c0dff41ce5acf2afffb38a45,0
4890,e1b74ded9b50b9dd7dbefb89d0b742f06aaef2052e20327834dda43cfd6c5758,0
4891,8340ce0ac85ad07017190e66836f01325a016fc0526380f569e075076a8190a1,0
4892,b88796c68d7d26b003f6919e79c0662cf0ba2b22e68024458ab44604d7aed2cc,0
4893,6fc633ff6aabd7c68f881667de15c36fc217a56620f5e03177907f6c20213d44,0
4894,5de9805315ac0c885bf4ca58d012c0313d93afd128fc0c518da2ff464e087aec,0
4895,5501f93b2339c42494967199ffa96fb31a4115460ac01724df28435f2111514c,0
4896,8ae9307f1cdddb88cd3603a9280229d999cca77d7165e22f81dc44b9e6925741,0
4897,a3d8114ec8d3be8356960e4fcac52ee017032932fb2fd701f1eda534e48a5b53,0
4898,7d77cc889fc12e732fb5b325505fb2b39c49f90f0b7d86cf337935a3c6c8afab,0
4899,a6e10d99df262fe31dfff24917c0cf465bdf7d681d66d42c0269c949f2e75bb0,0
4900,8fd5356c13c78b8368a73ac6170fca1d9be48153ef6a2dc2266f6de0f43f7905,0
4901,40cdc2ed56bc476afcefe5bd0937851873a66244c0002991ec429719269306fa,0
4902,d745562f97caf42bb359937b87294d9dea9f95ca85283526c3ae826af9119a4f,0
4903,c6b248e08634814291394282e3022a915481d8509d665015d6e10e68a63037d2,0
4904,1bc3225b4afe6ad6f6d3e58a57c85b3f23f8b96490bebf8a1856fd79b9f0d5fa,0
4905,5711ef4a9110d5a08dcc0a0d05bb5e6e80e0830583d3fe46fe710a76135a3d9e,0
4906,373e00c38399b3c9165bf85a1fb8c6f6c58b7a3e97e426bf68269908f358eb85,0
4907,1264bcc20c30a7e10f103044435c61a31322c6830cedf2139922d7544b3c84ac,0
4908,aa6bfcb0229b1b2534c22aca6bfb7066305f935c38e910246fdf44940ec895e6,0
4909,a3228583599b9de626e2f820dca9a1bf068032fc2e0c361334e6722e507afcbd,0
4910,a3a7257de07ec2a8fb1d1aeaa9a4fd595472d9ef4eb4aade65a6689e31f6bb9f,0
4911,ce92ff40ab515e48e4a5d45ca7a9d01f65180acce4f0de51389a6914f2209ca8,0
4912,405639614b4104095d1f5a78cf0ea1d2c27343e2d5cdcf84577999c22ea9be22,0
4913,fb57a6ffbc763ca09a108d4b209202e6258f549358a4c36130838933d79b0424,0
4914,cc9f0e06b17c1aa594921f914f80dfb5ded4b0d5017c6bc8d29e8af636f828d1,0
4915,7719d9e147165e3d4dff854af6739dcabf37bde55697147d77a36446cdbbfe2d,0
4916,9005f2c8fd59f3f19b25291a45a4fcccd95f533e08e3a814fe6b45336f48c6f3,0
4917,04f0c4045ea3bab4618b3859cd6f31c8258bc223342e84d8322e468dc0700373,0
4918,5cde37f69830db138fea58bcb444e963e552252665cd4aa43f1e2d7d9f669fee,0
4919,77bf62cf16cabe79143d504b10633d267bbd9c2bbf4d0f288e1a8aaf5550b7b4,0
4920,86f39b69b353c157113076b376036cc9f3477d08e7bbfd78ea2b83953c0732de,0
4921,ff0d36db48051d3e8a4902f3bdfeaee5c943defac57f699d248693a3e0c5cac4,0
4922,e7ca2ab085e38293513387ddd32f192b2d031dfcc28c2d8ad95c53fef7339894,0
4923,58464637b7d3e5921533d6f7b560cd39a1aaa2ffecbc93948a5b0539e601c8c7,0
4924,ed5d8831fa134cc3b5446a3a565a6ab9ab01409f3b26d4feb10fe6a4f39dd6fa,0
4925,c6b9fd9dcc28f5507be6045fdc72e0bf5fcaa114ef7f5858670438cfbcf0be8d,0
4926,ca5e2c57ed8c4c9f03c224e851568332273cb226a8b2784262fcc73da0776548,0
4927,6e5b657f412d31432cfd991719ec50dcc67c837cf79d49a8623cff058dc15c7f,0
4928,d9c865c3215479e65d3bc721cdea9cd2abf3b9668ec828b8c9ac75a8424f0fc9,0
4929,dec11be4280dc99d7fff31cf271dff7865c120e0751a9223540f6e833ca83f49,0
4930,09afaf253b8d9529c52d3ca8e8feab6c10b840a68b4f4947cb0580caa38c3f8c,0
4931,67bb75a51a78cd13c11e98b0536f722ea13aafed51179c148034f5a8d2721f88,0
4932,201065dcd2e0c892c4ffdb0495b12443b6b6ea5f2ecc3c59466031f13ee99c07,0
4933,1813f603b061c05376a08effa8a07d49346cc7d51508714ffdd37d56aba1c803,0
4934,bf1ad4044bf0012c7ad81e5648f55a8012f558e724d2cb0f21b123b05e32a5d2,1
4935,e36924d77bd5b0be973b209f97df340bcc6d1871fbe7a9294986cb745e4459ff,0
4936,b968efa0955ae1d52b5ce711e2350ff96ceb311eef2c9d4a7f12f8d4123a2742,0
4937,5b2a7fdebbe4560799a48675deaf1680d2c3e4b1599bde95922e9c4c0303023e,0
4938,4bc013999ca8225854d1d2753f5a42dde46dfadedb9c7efbae32f493e0d66fe8,0
4939,74fe8997749bedf919fe48c8f46930de201e995572c84344dbbf15920abf2b87,0
4940,246ab5d1a337f72ee12aef45f430951d2aa2e2fe32d97a33fa15e98d41a1f659,0
4941,549c5d4a5cfb691c127f95e122e30e3d38187c9aa0e653e92e634e973119181f,0
4942,ea26d039ff27bbf6a8056d4658996e164f2a3b136ee2b1a8fb45d9e06c5ce73d,0
4943,7e6ced66250d54a010b360386bf197fb247ef4a6d9a88f41ba2e6ca41b6e70f3,0
4944,4ee0711bf24bf32c3fd953a1bf5e220bd5899c75b1fef1c1cb9cc706f8c9a53b,0
4945,202e55491b1ed8e3ffa8d3581cb7e4f4a254a1acc9847f76e25342213e17bd12,1
4946,ee35b5829b2ca28ac99d8a470082b594cfba8f02ffb139ce17df4a140192ef1f,0
4947,baa3af16e53804b9d0c9377eaa52bb15ee36cf28a268271d66c66c7088c2bbc6,0
4948,b8c5633d6331a9c36648d05dd05d6b4a9ce9bf9dbdaa80e4fb5929d7972c67ca,0
4949,2c6aefb51f04085d502f34249267dceec1f625dff7254ec0eafdb769632ca960,1
4950,eead78839a3b70f59edb76fcd73ffb3cf61f131ed2cd24fa7d87d0077822249e,0
4951,65837d1e2f7b14db6afdc0901a66f5bf7f5377f01ec70f3d47aa64e6245107a2,0
4952,9817957c8475e1ea31d4324eed9106c0348f9cde1dc0273fd2c594eae1017634,0
4953,60c5e7430e7fe95997ad90f81c4e71aec97e669c559c884e557360800a258d6a,0
4954,ad6287b921f64ed217efe72305a6ea76aa3b29810f8df47e23431ec1abae184b,0
4955,8b88e4b9e419f8943ebd7808ca39989dbf929a5a4c9ca070872f942737dfa876,0
4956,57bd76117e83f5f28fe0c0512b35f19e6400484d6c75c28ed0c7f3537a6835e7,0
4957,7abe625428554b290304fbe952b403ead9fc94aa1f2ca130bcf1b083ad2f12cc,0
4958,d119074ee9a79b99b0c555c58358db87e436279ba98347513e03ceae21a14172,0
4959,2fe581ae74b2250948bf05c4fa5bb749117ea399f9228b414ee53c60b8062af5,0
4960,05e17d90ae4b82f2ba85054af2605ec47f08c3aeddc7556d30eaf37df67afd0a,0
4961,e3d03809175b0b64cdab13fef6963ab21296b7d47c4bfe6c09240446487e2ef3,0
4962,095d9393e0193cea2068f52584c347d0b8bdf51dcd655600eeb18ea1c32c6a47,0
4963,d75502142a4a7c1e41cf6f2ff7b30b7f3359dea3b5ade24cb59b1b0ffbfb7a33,0
4964,5ca890d7bfb4a3ecfd569b56558ed862ab2459bdbf46999999f948ff3d46015f,0
4965,53fc3f864d92f55bb39ba035020315c71030e7879061d0ef2e5f168a1b51588c,0
4966,39049e0529234e9a4f26dfbfc9d62721f93c395743b91272a6a1dd5c2d8ba5a5,0
4967,cda1702a0ef60bafe386d3e2a2419c999c4f826f9dc79d91bea50e59d6327867,0
4968,6dfb7b8d9afb5d5366fc04093aa7133d9d7352477201c4a348052110274b6234,0
4969,1bd652f910721277b65459e227c01d04ef1ac8c3d1fd4c96b00a7e568d2ed473,1
4970,25f34da67e2e0d985c9506727a9039bde0c52ae60b858787142e3df0cc873a13,1
4971,137a9a17c96676597c5d400b73488251eaca41347fc62fe9b8520c5826ea345c,1
4972,d9d7aaeab3f065bcd179aecf3be942f563f61f3850422ed5e5de7686f67c4099,0
4973,a679b59e83e6ae35b67463b353a8ef1e9cf810c386ac720475233a059d2392d6,0
4974,017ad86423bc2e152732f8ea8b2c301d8af8c8ea758da98442afd9ba77172ec1,0
4975,f1d08c751ab780b04f6d2aed80a6ade1fefab85d207845f6c4e651554f332ebf,1
4976,3747ded32abdf446894f985c3c35a727a2124a15956200fe2ec98f4ae5699ad2,0
4977,98c71b53d065505d0385c8f21d02ee062c6e1a019665de588c73e58ed7071ca8,1
4978,3e4da8f7e40fa94d0d6b98015127ec6eb772250d3a5bc8cc16431f1703535459,0
4979,3b15ae9d81ab65adf4c508cf45b96ab2c5555b035bc59e5d68502557829500dc,1
4980,6f9ca56109a66860850e1004ceba8eb6d92d64a23f4616b52f5c770180d235b0,0
4981,b1415949d903fe4281aeb5b9c71a9fa941f8a056d74bc2dbee3b2b82341d4299,0
4982,63cb8936e5efcbfd1d689518d2faa3e02f65951597e9882f578bda6c8e05b9b7,1
4983,8200a7aaf852c87a017f28d19fd397e886e1cc2ebd8de4c7c2b92b114ef5309a,1
4984,177e8d760cfe60cf3455ddf820eda6a1cf6d695fc0aa09443e18d2ce0dc6512c,1
4985,b6d0247eb7058ec17ce0497ca491bb7d82eb807c843bef7b8cd4647d1cced924,1
4986,f4ae4b2dfe958f2401aa93fc738a24022859729f726c0af31b5b4af7befe5062,0
4987,fbfc1534c1ab90c27af190ffd6760c23fcd6c4608c5abeff50ddb6c2d3b176b1,0
4988,fa4c8c340d3e70058a4816532b7ab0a386433971efe48e4b844278a3509ff1df,1
4989,3e5a66f314466688d01d1600c7d85f4843bc138850c4bcb4360bcfa38e5df188,0
4990,3f14d91e16012e5c45d599a00e4a5e822d0d3c35fcc4014073e15d68886ac58a,1
4991,54e7867af7eba2b586a8a20a8535ba42d6802e8ba698b55f0f12c6b85a6db0a9,0
4992,5ff57896c2417ddc37df6c6cba1aa9a1dba34e901f2e4afe54024443e25ed882,0
4993,74e5f5253c7b19d14ddeca5e59b6f8b0e0d90dfbd0510351552b971881755b67,1
4994,cecd31efa4ae5eaf0df7f626ee9e2fc38e76b04589aac02e1edf8699b42ba7b6,0
4995,840c36fd56ec24a60ff0252525c6a3bdf215c55a366ad4997f558035b4118751,0
4996,c15da3c7a6f646951008fdc8a5d0e711a567c638a8d2b55bba3cfaffd2d81853,0
4997,c1b9d8d7972f9f8cc98521abb9d2f01b181873011c45b899d21617f0c64fd2b0,0
4998,6fb29311f3584302a199fddbe17aa45b24a19db0441ec96270d20fa7c7a721ac,0
4999,6d1f1593830f3fedfb6c008a9af94fb7e6e65cb6e4898f355ca297d51134bb79,0
